[
    {
        "type": "Stim",
        "location": [
            94,
            327
        ],
        "radloc": [
            0,
            0
        ],
        "mean": [
            138.8340807174888,
            129.34080717488789,
            157.47533632286996,
            148.31838565022423,
            136.41255605381167,
            149.0134529147982,
            147.50224215246638,
            152.94170403587444
        ],
        "min": [
            15,
            15,
            43,
            28,
            22,
            40,
            27,
            50
        ],
        "max": [
            255,
            255,
            255,
            255,
            255,
            255,
            255,
            255
        ],
        "RawIntDen": [
            30960,
            28843,
            35117,
            33075,
            30420,
            33230,
            32893,
            34106
        ],
        "IntDen": [
            29977.751004483234,
            27927.915769454456,
            34002.86440647409,
            32025.649692289502,
            29454.88325440504,
            32175.73210203417,
            31849.423895040927,
            33023.93978549435
        ],
        "FlagUp": 0,
        "Times": [],
        "width": 0,
        "height": 0,
        "area": [
            0.9682736112559185,
            0.9682736112559185,
            0.9682736112559185,
            0.9682736112559185,
            0.9682736112559185,
            0.9682736112559185,
            0.9682736112559185,
            0.9682736112559185
        ],
        "distance": 0,
        "xpert": [
            [
                94.0,
                336.8
            ],
            [
                87.8,
                333.2
            ],
            [
                83.8,
                327.0
            ],
            [
                88.2,
                321.2
            ],
            [
                94.0,
                321.2
            ],
            [
                99.8,
                321.2
            ],
            [
                103.8,
                327.0
            ],
            [
                101.4,
                334.4
            ]
        ],
        "stack": 0,
        "shift": [
            [
                0.0,
                0.0
            ],
            [
                0.0,
                0.0
            ],
            [
                0.0,
                0.0
            ],
            [
                0.0,
                0.0
            ],
            [
                0.0,
                0.0
            ],
            [
                0.0,
                0.0
            ],
            [
                0.0,
                0.0
            ],
            [
                0.0,
                0.0
            ],
            [
                0.0,
                0.0
            ]
        ],
        "channel": 0
    },
    {
        "type": "Stim",
        "location": [
            116,
            296
        ],
        "radloc": [
            0,
            0
        ],
        "mean": [
            89.20370370370371,
            71.81481481481481,
            83.99382716049382,
            76.07407407407408,
            67.77777777777777,
            71.27160493827161,
            89.71604938271605,
            97.28395061728395
        ],
        "min": [
            22,
            11,
            16,
            10,
            8,
            7,
            15,
            14
        ],
        "max": [
            198,
            166,
            218,
            188,
            175,
            159,
            199,
            214
        ],
        "RawIntDen": [
            14451,
            11634,
            13607,
            12324,
            10980,
            11546,
            14534,
            15760
        ],
        "IntDen": [
            10164.971107237681,
            8183.466463331478,
            9571.293464547998,
            8668.81903851617,
            7723.436631199899,
            8121.566424757199,
            10223.354098165695,
            11085.734181030091
        ],
        "FlagUp": 0,
        "Times": [],
        "width": 0,
        "height": 0,
        "area": [
            0.7034095292531785,
            0.7034095292531785,
            0.7034095292531785,
            0.7034095292531785,
            0.7034095292531785,
            0.7034095292531785,
            0.7034095292531785,
            0.7034095292531785
        ],
        "distance": 0,
        "xpert": [
            [
                116.0,
                305.4
            ],
            [
                110.0,
                302.0
            ],
            [
                108.2,
                296.0
            ],
            [
                110.2,
                290.2
            ],
            [
                116.0,
                290.4
            ],
            [
                119.4,
                292.6
            ],
            [
                121.6,
                296.0
            ],
            [
                123.2,
                303.2
            ]
        ],
        "stack": 0,
        "shift": [
            [
                0.0,
                0.0
            ],
            [
                0.0,
                0.0
            ],
            [
                0.0,
                0.0
            ],
            [
                0.0,
                0.0
            ],
            [
                0.0,
                0.0
            ],
            [
                0.0,
                0.0
            ],
            [
                0.0,
                0.0
            ],
            [
                0.0,
                0.0
            ],
            [
                0.0,
                0.0
            ]
        ],
        "channel": 0
    },
    {
        "type": "Stim",
        "location": [
            182,
            333
        ],
        "radloc": [
            0,
            0
        ],
        "mean": [
            101.81879194630872,
            92.66442953020135,
            97.73154362416108,
            81.75167785234899,
            97.18791946308725,
            75.51006711409396,
            95.87919463087249,
            81.18120805369128
        ],
        "min": [
            15,
            20,
            13,
            13,
            17,
            13,
            30,
            14
        ],
        "max": [
            245,
            208,
            194,
            179,
            220,
            172,
            199,
            156
        ],
        "RawIntDen": [
            15171,
            13807,
            14562,
            12181,
            14481,
            11251,
            14286,
            12096
        ],
        "IntDen": [
            9815.0769708438,
            8932.619322156768,
            9421.076451745264,
            7880.657345056247,
            9368.672441815903,
            7278.981675496908,
            9242.514640134106,
            7825.665482784694
        ],
        "FlagUp": 0,
        "Times": [],
        "width": 0,
        "height": 0,
        "area": [
            0.6469630855476765,
            0.6469630855476765,
            0.6469630855476765,
            0.6469630855476765,
            0.6469630855476765,
            0.6469630855476765,
            0.6469630855476765,
            0.6469630855476765
        ],
        "distance": 0,
        "xpert": [
            [
                182.0,
                338.2
            ],
            [
                178.6,
                336.4
            ],
            [
                176.6,
                333.0
            ],
            [
                174.8,
                325.8
            ],
            [
                182.0,
                325.0
            ],
            [
                188.0,
                327.0
            ],
            [
                190.0,
                333.0
            ],
            [
                187.2,
                338.2
            ]
        ],
        "stack": 0,
        "shift": [
            [
                0.0,
                0.0
            ],
            [
                0.0,
                0.0
            ],
            [
                0.0,
                0.0
            ],
            [
                0.0,
                0.0
            ],
            [
                0.0,
                0.0
            ],
            [
                0.0,
                0.0
            ],
            [
                0.0,
                0.0
            ],
            [
                0.0,
                0.0
            ],
            [
                0.0,
                0.0
            ]
        ],
        "channel": 0
    },
    {
        "type": "Spine",
        "location": [
            194,
            306
        ],
        "radloc": [
            0,
            0
        ],
        "mean": [
            72.84285714285714,
            108.60714285714286,
            71.00714285714285,
            76.87857142857143,
            74.76428571428572,
            69.97142857142858,
            80.22142857142858,
            89.42857142857143
        ],
        "min": [
            12,
            24,
            8,
            19,
            13,
            12,
            10,
            18
        ],
        "max": [
            165,
            223,
            214,
            157,
            183,
            153,
            177,
            174
        ],
        "RawIntDen": [
            10198,
            15205,
            9941,
            10763,
            10467,
            9796,
            11231,
            12520
        ],
        "IntDen": [
            6199.208969786098,
            9242.888055069388,
            6042.982581745793,
            6542.663869563422,
            6362.729975166806,
            5954.8392888825865,
            6827.153945839152,
            7610.717425154143
        ],
        "FlagUp": 0,
        "Times": [],
        "width": 0,
        "height": 0,
        "area": [
            0.6078847783669443,
            0.6078847783669443,
            0.6078847783669443,
            0.6078847783669443,
            0.6078847783669443,
            0.6078847783669443,
            0.6078847783669443,
            0.6078847783669443
        ],
        "distance": 0.79068,
        "xpert": [
            [
                194.0,
                311.6
            ],
            [
                189.0,
                311.0
            ],
            [
                184.8,
                306.0
            ],
            [
                189.2,
                301.2
            ],
            [
                194.0,
                300.2
            ],
            [
                198.6,
                301.4
            ],
            [
                200.6,
                306.0
            ],
            [
                200.2,
                312.2
            ]
        ],
        "stack": 0,
        "shift": [
            [
                0.0,
                0.0
            ],
            [
                0.0,
                0.0
            ],
            [
                0.0,
                0.0
            ],
            [
                0.0,
                0.0
            ],
            [
                0.0,
                0.0
            ],
            [
                0.0,
                0.0
            ],
            [
                0.0,
                0.0
            ],
            [
                0.0,
                0.0
            ],
            [
                0.0,
                0.0
            ]
        ],
        "channel": 0
    },
    {
        "type": "Spine",
        "location": [
            236,
            309
        ],
        "radloc": [
            0,
            0
        ],
        "mean": [
            82.03846153846153,
            78.75961538461539,
            76.75,
            66.39423076923077,
            76.0673076923077,
            59.71153846153846,
            50.65384615384615,
            56.79807692307692
        ],
        "min": [
            23,
            17,
            11,
            14,
            18,
            7,
            6,
            8
        ],
        "max": [
            208,
            179,
            148,
            172,
            171,
            168,
            135,
            150
        ],
        "RawIntDen": [
            8532,
            8191,
            7982,
            6905,
            7911,
            6210,
            5268,
            5907
        ],
        "IntDen": [
            3852.8084615627427,
            3698.8225631341334,
            3604.444109258534,
            3118.101550291929,
            3572.382529233809,
            2804.259323289338,
            2378.878923524675,
            2667.4331437472015
        ],
        "FlagUp": 0,
        "Times": [],
        "width": 0,
        "height": 0,
        "area": [
            0.4515715496440158,
            0.4515715496440158,
            0.4515715496440158,
            0.4515715496440158,
            0.4515715496440158,
            0.4515715496440158,
            0.4515715496440158,
            0.4515715496440158
        ],
        "distance": 3.5580600000000002,
        "xpert": [
            [
                236.0,
                313.8
            ],
            [
                231.2,
                313.8
            ],
            [
                227.4,
                309.0
            ],
            [
                230.2,
                303.2
            ],
            [
                236.0,
                304.2
            ],
            [
                239.0,
                306.0
            ],
            [
                241.0,
                309.0
            ],
            [
                239.8,
                312.8
            ]
        ],
        "stack": 0,
        "shift": [
            [
                0.0,
                0.0
            ],
            [
                0.0,
                0.0
            ],
            [
                0.0,
                0.0
            ],
            [
                0.0,
                0.0
            ],
            [
                0.0,
                0.0
            ],
            [
                0.0,
                0.0
            ],
            [
                0.0,
                0.0
            ],
            [
                0.0,
                0.0
            ],
            [
                0.0,
                0.0
            ]
        ],
        "channel": 0
    },
    {
        "type": "Spine",
        "location": [
            258,
            337
        ],
        "radloc": [
            0,
            0
        ],
        "mean": [
            90.92948717948718,
            88.07692307692308,
            83.82051282051282,
            91.62179487179488,
            71.37820512820512,
            75.97435897435898,
            66.65384615384616,
            52.86538461538461
        ],
        "min": [
            18,
            22,
            16,
            10,
            9,
            28,
            14,
            9
        ],
        "max": [
            200,
            218,
            196,
            171,
            168,
            141,
            141,
            167
        ],
        "RawIntDen": [
            14185,
            13740,
            13076,
            14293,
            11135,
            11852,
            10398,
            8247
        ],
        "IntDen": [
            9608.313647550545,
            9306.889638163166,
            8857.124374717725,
            9681.468238592877,
            7542.373807929173,
            8028.039009571313,
            7043.161459797714,
            5586.165854871298
        ],
        "FlagUp": 0,
        "Times": [],
        "width": 0,
        "height": 0,
        "area": [
            0.6773573244660237,
            0.6773573244660237,
            0.6773573244660237,
            0.6773573244660237,
            0.6773573244660237,
            0.6773573244660237,
            0.6773573244660237,
            0.6773573244660237
        ],
        "distance": 5.144102658123816,
        "xpert": [
            [
                258.0,
                342.6
            ],
            [
                253.0,
                342.0
            ],
            [
                251.0,
                337.0
            ],
            [
                251.2,
                330.2
            ],
            [
                258.0,
                329.6
            ],
            [
                263.4,
                331.6
            ],
            [
                265.8,
                337.0
            ],
            [
                263.4,
                342.4
            ]
        ],
        "stack": 0,
        "shift": [
            [
                0.0,
                0.0
            ],
            [
                0.0,
                0.0
            ],
            [
                0.0,
                0.0
            ],
            [
                0.0,
                0.0
            ],
            [
                0.0,
                0.0
            ],
            [
                0.0,
                0.0
            ],
            [
                0.0,
                0.0
            ],
            [
                0.0,
                0.0
            ],
            [
                0.0,
                0.0
            ]
        ],
        "channel": 0
    },
    {
        "type": "Spine",
        "location": [
            303,
            344
        ],
        "radloc": [
            0,
            0
        ],
        "mean": [
            51.735,
            48.42,
            55.355,
            49.365,
            45.365,
            56.285,
            82.93,
            55.135
        ],
        "min": [
            7,
            7,
            8,
            7,
            11,
            10,
            17,
            6
        ],
        "max": [
            142,
            129,
            145,
            145,
            140,
            154,
            186,
            179
        ],
        "RawIntDen": [
            10347,
            9684,
            11071,
            9873,
            9073,
            11257,
            16586,
            11027
        ],
        "IntDen": [
            8985.405431089675,
            8409.651705293556,
            9614.131973286343,
            8573.78059545263,
            7879.055134461837,
            9775.655642966703,
            14403.395619991627,
            9575.92207293185
        ],
        "FlagUp": 0,
        "Times": [],
        "width": 0,
        "height": 0,
        "area": [
            0.8684068262384919,
            0.8684068262384919,
            0.8684068262384919,
            0.8684068262384919,
            0.8684068262384919,
            0.8684068262384919,
            0.8684068262384919,
            0.8684068262384919
        ],
        "distance": 8.191030252998106,
        "xpert": [
            [
                303.0,
                353.2
            ],
            [
                297.0,
                350.0
            ],
            [
                295.0,
                344.0
            ],
            [
                294.6,
                335.6
            ],
            [
                303.0,
                336.8
            ],
            [
                308.8,
                338.2
            ],
            [
                309.4,
                344.0
            ],
            [
                308.4,
                349.4
            ]
        ],
        "stack": 0,
        "shift": [
            [
                0.0,
                0.0
            ],
            [
                0.0,
                0.0
            ],
            [
                0.0,
                0.0
            ],
            [
                0.0,
                0.0
            ],
            [
                0.0,
                0.0
            ],
            [
                0.0,
                0.0
            ],
            [
                0.0,
                0.0
            ],
            [
                0.0,
                0.0
            ],
            [
                0.0,
                0.0
            ]
        ],
        "channel": 0
    }
]