[
    {
        "type": "Stim",
        "location": [
            197,
            128
        ],
        "radloc": [
            0,
            0
        ],
        "mean": [
            48.0,
            43.70338983050848,
            40.74576271186441,
            74.38135593220339,
            44.57627118644068,
            47.61864406779661,
            43.016949152542374,
            41.66949152542373
        ],
        "min": [
            8,
            9,
            8,
            15,
            8,
            6,
            8,
            6
        ],
        "max": [
            101,
            113,
            109,
            177,
            96,
            104,
            128,
            95
        ],
        "RawIntDen": [
            5664,
            5157,
            4808,
            8777,
            5260,
            5619,
            5076,
            4917
        ],
        "IntDen": [
            2902.0071956507327,
            2642.2406617180136,
            2463.4270121272466,
            4496.983961198178,
            2695.0137445485266,
            2878.950994414101,
            2600.7394994920764,
            2519.274255122644
        ],
        "FlagUp": 0,
        "Times": [],
        "width": 0,
        "height": 0,
        "area": [
            0.5123600274807085,
            0.5123600274807085,
            0.5123600274807085,
            0.5123600274807085,
            0.5123600274807085,
            0.5123600274807085,
            0.5123600274807085,
            0.5123600274807085
        ],
        "distance": 0,
        "xpert": [
            [
                197.0,
                134.0
            ],
            [
                192.0,
                133.0
            ],
            [
                190.8,
                128.0
            ],
            [
                189.8,
                120.8
            ],
            [
                197.0,
                122.6
            ],
            [
                200.2,
                124.8
            ],
            [
                202.0,
                128.0
            ],
            [
                202.2,
                133.2
            ]
        ],
        "stack": 0,
        "shift": [
            [
                0.0,
                0.0
            ],
            [
                0.0,
                0.0
            ],
            [
                0.0,
                0.0
            ],
            [
                0.0,
                0.0
            ],
            [
                0.0,
                0.0
            ],
            [
                0.0,
                0.0
            ],
            [
                0.0,
                0.0
            ],
            [
                0.0,
                0.0
            ],
            [
                0.0,
                0.0
            ]
        ],
        "channel": 0
    },
    {
        "type": "Spine",
        "location": [
            12,
            117
        ],
        "radloc": [
            0,
            0
        ],
        "mean": [
            36.869565217391305,
            40.289855072463766,
            30.304347826086957,
            29.82608695652174,
            30.21014492753623,
            41.94202898550725,
            45.04347826086956,
            35.48550724637681
        ],
        "min": [
            8,
            7,
            7,
            6,
            7,
            12,
            18,
            9
        ],
        "max": [
            103,
            112,
            71,
            78,
            82,
            95,
            108,
            116
        ],
        "RawIntDen": [
            5088,
            5560,
            4182,
            4116,
            4169,
            5788,
            6216,
            4897
        ],
        "IntDen": [
            3048.733213011988,
            3331.555948181339,
            2505.857369657259,
            2466.310122790358,
            2498.0677604259,
            3468.1737100851783,
            3724.631614009929,
            2934.2858773820176
        ],
        "FlagUp": 0,
        "Times": [],
        "width": 0,
        "height": 0,
        "area": [
            0.5992007101045573,
            0.5992007101045573,
            0.5992007101045573,
            0.5992007101045573,
            0.5992007101045573,
            0.5992007101045573,
            0.5992007101045573,
            0.5992007101045573
        ],
        "distance": 13.376473417118145,
        "xpert": [
            [
                12.0,
                123.0
            ],
            [
                8.0,
                121.0
            ],
            [
                6.8,
                117.0
            ],
            [
                4.8,
                109.8
            ],
            [
                12.0,
                109.8
            ],
            [
                18.2,
                110.8
            ],
            [
                17.6,
                117.0
            ],
            [
                17.0,
                122.0
            ]
        ],
        "stack": 0,
        "shift": [
            [
                0.0,
                0.0
            ],
            [
                0.0,
                0.0
            ],
            [
                0.0,
                0.0
            ],
            [
                0.0,
                0.0
            ],
            [
                0.0,
                0.0
            ],
            [
                0.0,
                0.0
            ],
            [
                0.0,
                0.0
            ],
            [
                0.0,
                0.0
            ],
            [
                0.0,
                0.0
            ]
        ],
        "channel": 0
    },
    {
        "type": "Spine",
        "location": [
            26,
            93
        ],
        "radloc": [
            0,
            0
        ],
        "mean": [
            73.71084337349397,
            37.91566265060241,
            32.71084337349398,
            30.91566265060241,
            34.06024096385542,
            45.75903614457831,
            43.54216867469879,
            33.855421686746986
        ],
        "min": [
            30,
            6,
            7,
            6,
            5,
            11,
            5,
            6
        ],
        "max": [
            140,
            93,
            65,
            82,
            79,
            93,
            102,
            98
        ],
        "RawIntDen": [
            6118,
            3147,
            2715,
            2566,
            2827,
            3798,
            3614,
            2810
        ],
        "IntDen": [
            2204.8588796147365,
            1134.1436571015977,
            978.4556812935615,
            924.7577451931045,
            1018.8192305771264,
            1368.7567873123191,
            1302.4452420607481,
            1012.6926204180139
        ],
        "FlagUp": 0,
        "Times": [],
        "width": 0,
        "height": 0,
        "area": [
            0.3603888328889729,
            0.3603888328889729,
            0.3603888328889729,
            0.3603888328889729,
            0.3603888328889729,
            0.3603888328889729,
            0.3603888328889729,
            0.3603888328889729
        ],
        "distance": 12.454013417118142,
        "xpert": [
            [
                26.0,
                99.2
            ],
            [
                21.6,
                97.4
            ],
            [
                21.0,
                93.0
            ],
            [
                22.6,
                89.6
            ],
            [
                26.0,
                87.8
            ],
            [
                29.8,
                89.2
            ],
            [
                30.8,
                93.0
            ],
            [
                30.0,
                97.0
            ]
        ],
        "stack": 0,
        "shift": [
            [
                0.0,
                0.0
            ],
            [
                0.0,
                0.0
            ],
            [
                0.0,
                0.0
            ],
            [
                0.0,
                0.0
            ],
            [
                0.0,
                0.0
            ],
            [
                0.0,
                0.0
            ],
            [
                0.0,
                0.0
            ],
            [
                0.0,
                0.0
            ],
            [
                0.0,
                0.0
            ]
        ],
        "channel": 0
    },
    {
        "type": "Spine",
        "location": [
            34,
            93
        ],
        "radloc": [
            0,
            0
        ],
        "mean": [
            56.494505494505496,
            38.967032967032964,
            35.72527472527472,
            35.0,
            45.30769230769231,
            76.23076923076923,
            39.86813186813187,
            36.07692307692308
        ],
        "min": [
            19,
            17,
            6,
            7,
            10,
            24,
            5,
            7
        ],
        "max": [
            101,
            90,
            76,
            79,
            112,
            148,
            94,
            92
        ],
        "RawIntDen": [
            5141,
            3546,
            3251,
            3185,
            4123,
            6937,
            3628,
            3283
        ],
        "IntDen": [
            2031.3381696298927,
            1401.1136256579653,
            1284.551719406104,
            1258.4734624141622,
            1629.100811784487,
            2740.982859895461,
            1433.5138843449233,
            1297.1957227961364
        ],
        "FlagUp": 0,
        "Times": [],
        "width": 0,
        "height": 0,
        "area": [
            0.39512510593851247,
            0.39512510593851247,
            0.39512510593851247,
            0.39512510593851247,
            0.39512510593851247,
            0.39512510593851247,
            0.39512510593851247,
            0.39512510593851247
        ],
        "distance": 11.92689341711814,
        "xpert": [
            [
                34.0,
                99.2
            ],
            [
                29.4,
                97.6
            ],
            [
                29.2,
                93.0
            ],
            [
                30.0,
                89.0
            ],
            [
                34.0,
                87.2
            ],
            [
                38.0,
                89.0
            ],
            [
                38.8,
                93.0
            ],
            [
                39.0,
                98.0
            ]
        ],
        "stack": 0,
        "shift": [
            [
                0.0,
                0.0
            ],
            [
                0.0,
                0.0
            ],
            [
                0.0,
                0.0
            ],
            [
                0.0,
                0.0
            ],
            [
                0.0,
                0.0
            ],
            [
                0.0,
                0.0
            ],
            [
                0.0,
                0.0
            ],
            [
                0.0,
                0.0
            ],
            [
                0.0,
                0.0
            ]
        ],
        "channel": 0
    },
    {
        "type": "Spine",
        "location": [
            56,
            116
        ],
        "radloc": [
            0,
            0
        ],
        "mean": [
            63.8062015503876,
            72.30232558139535,
            81.64341085271317,
            75.27906976744185,
            79.83720930232558,
            114.85271317829458,
            110.94573643410853,
            107.6124031007752
        ],
        "min": [
            11,
            10,
            10,
            12,
            10,
            24,
            34,
            15
        ],
        "max": [
            139,
            169,
            184,
            155,
            175,
            199,
            190,
            225
        ],
        "RawIntDen": [
            8231,
            9327,
            10532,
            9711,
            10299,
            14816,
            14312,
            13882
        ],
        "IntDen": [
            4610.3674984660065,
            5224.26165207052,
            5899.209147593729,
            5439.348654793268,
            5768.700627712477,
            8298.773521719397,
            8016.471830645789,
            7775.619197388543
        ],
        "FlagUp": 0,
        "Times": [],
        "width": 0,
        "height": 0,
        "area": [
            0.5601224029238254,
            0.5601224029238254,
            0.5601224029238254,
            0.5601224029238254,
            0.5601224029238254,
            0.5601224029238254,
            0.5601224029238254,
            0.5601224029238254
        ],
        "distance": 10.477313417118138,
        "xpert": [
            [
                56.0,
                121.4
            ],
            [
                52.4,
                119.6
            ],
            [
                49.6,
                116.0
            ],
            [
                49.2,
                109.2
            ],
            [
                56.0,
                109.2
            ],
            [
                62.4,
                109.6
            ],
            [
                62.4,
                116.0
            ],
            [
                60.0,
                120.0
            ]
        ],
        "stack": 0,
        "shift": [
            [
                0.0,
                0.0
            ],
            [
                0.0,
                0.0
            ],
            [
                0.0,
                0.0
            ],
            [
                0.0,
                0.0
            ],
            [
                0.0,
                0.0
            ],
            [
                0.0,
                0.0
            ],
            [
                0.0,
                0.0
            ],
            [
                0.0,
                0.0
            ],
            [
                0.0,
                0.0
            ]
        ],
        "channel": 0
    },
    {
        "type": "Spine",
        "location": [
            64,
            93
        ],
        "radloc": [
            0,
            0
        ],
        "mean": [
            44.018348623853214,
            49.75229357798165,
            54.46788990825688,
            44.77064220183486,
            43.30275229357798,
            49.62385321100918,
            41.596330275229356,
            43.24770642201835
        ],
        "min": [
            16,
            18,
            17,
            18,
            13,
            14,
            11,
            8
        ],
        "max": [
            94,
            102,
            114,
            109,
            91,
            114,
            115,
            103
        ],
        "RawIntDen": [
            4798,
            5423,
            5937,
            4880,
            4720,
            5409,
            4534,
            4714
        ],
        "IntDen": [
            2270.805693999287,
            2566.6067691867725,
            2809.8735734209604,
            2309.614795063885,
            2233.889719815889,
            2559.980825102573,
            2145.8593198400936,
            2231.050029494089
        ],
        "FlagUp": 0,
        "Times": [],
        "width": 0,
        "height": 0,
        "area": [
            0.4732817202999765,
            0.4732817202999765,
            0.4732817202999765,
            0.4732817202999765,
            0.4732817202999765,
            0.4732817202999765,
            0.4732817202999765,
            0.4732817202999765
        ],
        "distance": 9.950193417118138,
        "xpert": [
            [
                64.0,
                99.2
            ],
            [
                59.4,
                97.6
            ],
            [
                57.8,
                93.0
            ],
            [
                59.4,
                88.4
            ],
            [
                64.0,
                87.4
            ],
            [
                67.8,
                89.2
            ],
            [
                70.0,
                93.0
            ],
            [
                69.4,
                98.4
            ]
        ],
        "stack": 0,
        "shift": [
            [
                0.0,
                0.0
            ],
            [
                0.0,
                0.0
            ],
            [
                0.0,
                0.0
            ],
            [
                0.0,
                0.0
            ],
            [
                0.0,
                0.0
            ],
            [
                0.0,
                0.0
            ],
            [
                0.0,
                0.0
            ],
            [
                0.0,
                0.0
            ],
            [
                0.0,
                0.0
            ]
        ],
        "channel": 0
    },
    {
        "type": "Spine",
        "location": [
            73,
            116
        ],
        "radloc": [
            0,
            0
        ],
        "mean": [
            46.675925925925924,
            45.81481481481482,
            73.42592592592592,
            56.425925925925924,
            46.842592592592595,
            44.25925925925926,
            73.5,
            61.574074074074076
        ],
        "min": [
            9,
            12,
            17,
            10,
            10,
            14,
            20,
            17
        ],
        "max": [
            104,
            108,
            165,
            125,
            118,
            89,
            141,
            113
        ],
        "RawIntDen": [
            5041,
            4948,
            7930,
            6094,
            5059,
            4780,
            7938,
            6650
        ],
        "IntDen": [
            2363.9249579768402,
            2320.3135671631435,
            3718.6917113184572,
            2857.71844751257,
            2372.3658723278786,
            2241.5316998867875,
            3722.443228807808,
            3118.4489130224138
        ],
        "FlagUp": 0,
        "Times": [],
        "width": 0,
        "height": 0,
        "area": [
            0.468939686168784,
            0.468939686168784,
            0.468939686168784,
            0.468939686168784,
            0.468939686168784,
            0.468939686168784,
            0.468939686168784,
            0.468939686168784
        ],
        "distance": 9.357183417118133,
        "xpert": [
            [
                73.0,
                121.6
            ],
            [
                69.0,
                120.0
            ],
            [
                66.8,
                116.0
            ],
            [
                66.6,
                109.6
            ],
            [
                73.0,
                110.8
            ],
            [
                77.0,
                112.0
            ],
            [
                78.6,
                116.0
            ],
            [
                77.4,
                120.4
            ]
        ],
        "stack": 0,
        "shift": [
            [
                0.0,
                0.0
            ],
            [
                0.0,
                0.0
            ],
            [
                0.0,
                0.0
            ],
            [
                0.0,
                0.0
            ],
            [
                0.0,
                0.0
            ],
            [
                0.0,
                0.0
            ],
            [
                0.0,
                0.0
            ],
            [
                0.0,
                0.0
            ],
            [
                0.0,
                0.0
            ]
        ],
        "channel": 0
    },
    {
        "type": "Spine",
        "location": [
            97,
            117
        ],
        "radloc": [
            0,
            0
        ],
        "mean": [
            38.833333333333336,
            37.62280701754386,
            40.69298245614035,
            45.39473684210526,
            46.21052631578947,
            41.96491228070175,
            59.64912280701754,
            60.49122807017544
        ],
        "min": [
            5,
            6,
            9,
            10,
            7,
            11,
            15,
            10
        ],
        "max": [
            116,
            118,
            108,
            125,
            111,
            92,
            146,
            118
        ],
        "RawIntDen": [
            4427,
            4289,
            4639,
            5175,
            5268,
            4784,
            6800,
            6896
        ],
        "IntDen": [
            2191.3291012619407,
            2123.020220310021,
            2296.2673821445997,
            2561.5830356969827,
            2607.6172815558853,
            2368.0412063332105,
            3365.9448585003834,
            3413.464080032153
        ],
        "FlagUp": 0,
        "Times": [],
        "width": 0,
        "height": 0,
        "area": [
            0.4949918909559387,
            0.4949918909559387,
            0.4949918909559387,
            0.4949918909559387,
            0.4949918909559387,
            0.4949918909559387,
            0.4949918909559387,
            0.4949918909559387
        ],
        "distance": 7.775823417118132,
        "xpert": [
            [
                97.0,
                123.0
            ],
            [
                92.4,
                121.6
            ],
            [
                91.0,
                117.0
            ],
            [
                91.6,
                111.6
            ],
            [
                97.0,
                109.8
            ],
            [
                102.0,
                112.0
            ],
            [
                103.0,
                117.0
            ],
            [
                100.6,
                120.6
            ]
        ],
        "stack": 0,
        "shift": [
            [
                0.0,
                0.0
            ],
            [
                0.0,
                0.0
            ],
            [
                0.0,
                0.0
            ],
            [
                0.0,
                0.0
            ],
            [
                0.0,
                0.0
            ],
            [
                0.0,
                0.0
            ],
            [
                0.0,
                0.0
            ],
            [
                0.0,
                0.0
            ],
            [
                0.0,
                0.0
            ]
        ],
        "channel": 0
    },
    {
        "type": "Spine",
        "location": [
            111,
            113
        ],
        "radloc": [
            0,
            0
        ],
        "mean": [
            95.34426229508196,
            72.07377049180327,
            73.8688524590164,
            72.17213114754098,
            65.09836065573771,
            62.72950819672131,
            68.57377049180327,
            79.39344262295081
        ],
        "min": [
            19,
            13,
            9,
            11,
            13,
            14,
            15,
            15
        ],
        "max": [
            183,
            153,
            162,
            148,
            151,
            147,
            141,
            184
        ],
        "RawIntDen": [
            11632,
            8793,
            9012,
            8805,
            7942,
            7653,
            8366,
            9686
        ],
        "IntDen": [
            6161.798003711723,
            4657.89974610017,
            4773.91021401737,
            4664.256484068236,
            4207.101078531508,
            4054.0096391339252,
            4431.705820069831,
            5130.946996557062
        ],
        "FlagUp": 0,
        "Times": [],
        "width": 0,
        "height": 0,
        "area": [
            0.5297281640054783,
            0.5297281640054783,
            0.5297281640054783,
            0.5297281640054783,
            0.5297281640054783,
            0.5297281640054783,
            0.5297281640054783,
            0.5297281640054783
        ],
        "distance": 7.116923417118132,
        "xpert": [
            [
                111.0,
                119.0
            ],
            [
                105.4,
                118.6
            ],
            [
                102.8,
                113.0
            ],
            [
                105.8,
                107.8
            ],
            [
                111.0,
                107.8
            ],
            [
                115.4,
                108.6
            ],
            [
                116.6,
                113.0
            ],
            [
                115.0,
                117.0
            ]
        ],
        "stack": 0,
        "shift": [
            [
                0.0,
                0.0
            ],
            [
                0.0,
                0.0
            ],
            [
                0.0,
                0.0
            ],
            [
                0.0,
                0.0
            ],
            [
                0.0,
                0.0
            ],
            [
                0.0,
                0.0
            ],
            [
                0.0,
                0.0
            ],
            [
                0.0,
                0.0
            ],
            [
                0.0,
                0.0
            ]
        ],
        "channel": 0
    },
    {
        "type": "Spine",
        "location": [
            105,
            80
        ],
        "radloc": [
            0,
            0
        ],
        "mean": [
            44.796992481203006,
            40.62406015037594,
            47.7593984962406,
            39.02255639097744,
            48.21052631578947,
            44.090225563909776,
            39.40601503759399,
            44.30075187969925
        ],
        "min": [
            9,
            7,
            13,
            7,
            7,
            7,
            7,
            6
        ],
        "max": [
            119,
            100,
            113,
            95,
            135,
            117,
            90,
            114
        ],
        "RawIntDen": [
            5958,
            5403,
            6352,
            5190,
            6412,
            5864,
            5241,
            5892
        ],
        "IntDen": [
            3440.68863403473,
            3120.1813846407595,
            3668.219906577476,
            2997.175899738209,
            3702.869338944392,
            3386.404523326562,
            3026.627917250087,
            3402.5742584311224
        ],
        "FlagUp": 0,
        "Times": [],
        "width": 0,
        "height": 0,
        "area": [
            0.5774905394485952,
            0.5774905394485952,
            0.5774905394485952,
            0.5774905394485952,
            0.5774905394485952,
            0.5774905394485952,
            0.5774905394485952,
            0.5774905394485952
        ],
        "distance": 6.303524891674068,
        "xpert": [
            [
                105.0,
                89.0
            ],
            [
                100.0,
                85.0
            ],
            [
                97.2,
                80.0
            ],
            [
                100.2,
                75.2
            ],
            [
                105.0,
                74.8
            ],
            [
                108.4,
                76.6
            ],
            [
                110.8,
                80.0
            ],
            [
                110.8,
                85.8
            ]
        ],
        "stack": 0,
        "shift": [
            [
                0.0,
                0.0
            ],
            [
                0.0,
                0.0
            ],
            [
                0.0,
                0.0
            ],
            [
                0.0,
                0.0
            ],
            [
                0.0,
                0.0
            ],
            [
                0.0,
                0.0
            ],
            [
                0.0,
                0.0
            ],
            [
                0.0,
                0.0
            ],
            [
                0.0,
                0.0
            ]
        ],
        "channel": 0
    },
    {
        "type": "Spine",
        "location": [
            155,
            106
        ],
        "radloc": [
            0,
            0
        ],
        "mean": [
            41.70909090909091,
            26.081818181818182,
            23.40909090909091,
            24.136363636363637,
            36.872727272727275,
            30.818181818181817,
            36.32727272727273,
            35.29090909090909
        ],
        "min": [
            12,
            5,
            7,
            6,
            12,
            9,
            11,
            9
        ],
        "max": [
            94,
            59,
            61,
            53,
            100,
            72,
            91,
            83
        ],
        "RawIntDen": [
            4588,
            2869,
            2575,
            2655,
            4056,
            3390,
            3996,
            3882
        ],
        "IntDen": [
            2191.337785330203,
            1370.3025514630237,
            1229.88116766026,
            1268.0910680147535,
            1937.2419479728212,
            1619.1445275216627,
            1908.584522706951,
            1854.1354147017978
        ],
        "FlagUp": 0,
        "Times": [],
        "width": 0,
        "height": 0,
        "area": [
            0.47762375443116895,
            0.47762375443116895,
            0.47762375443116895,
            0.47762375443116895,
            0.47762375443116895,
            0.47762375443116895,
            0.47762375443116895,
            0.47762375443116895
        ],
        "distance": 4.085315589601415,
        "xpert": [
            [
                155.0,
                111.8
            ],
            [
                151.2,
                109.8
            ],
            [
                148.2,
                106.0
            ],
            [
                149.2,
                100.2
            ],
            [
                155.0,
                100.8
            ],
            [
                159.0,
                102.0
            ],
            [
                161.0,
                106.0
            ],
            [
                159.8,
                110.8
            ]
        ],
        "stack": 0,
        "shift": [
            [
                0.0,
                0.0
            ],
            [
                0.0,
                0.0
            ],
            [
                0.0,
                0.0
            ],
            [
                0.0,
                0.0
            ],
            [
                0.0,
                0.0
            ],
            [
                0.0,
                0.0
            ],
            [
                0.0,
                0.0
            ],
            [
                0.0,
                0.0
            ],
            [
                0.0,
                0.0
            ]
        ],
        "channel": 0
    },
    {
        "type": "Spine",
        "location": [
            168,
            72
        ],
        "radloc": [
            0,
            0
        ],
        "mean": [
            28.68548387096774,
            35.064516129032256,
            27.967741935483872,
            26.306451612903224,
            27.048387096774192,
            28.516129032258064,
            26.29032258064516,
            23.669354838709676
        ],
        "min": [
            8,
            10,
            6,
            8,
            6,
            5,
            6,
            4
        ],
        "max": [
            71,
            72,
            71,
            61,
            85,
            70,
            71,
            83
        ],
        "RawIntDen": [
            3557,
            4348,
            3468,
            3262,
            3354,
            3536,
            3260,
            2935
        ],
        "IntDen": [
            1915.1323101767891,
            2341.016385900669,
            1867.2136215049495,
            1756.3007016577697,
            1805.834627026413,
            1903.825653299164,
            1755.2238771932339,
            1580.2399017061784
        ],
        "FlagUp": 0,
        "Times": [],
        "width": 0,
        "height": 0,
        "area": [
            0.5384122322678632,
            0.5384122322678632,
            0.5384122322678632,
            0.5384122322678632,
            0.5384122322678632,
            0.5384122322678632,
            0.5384122322678632,
            0.5384122322678632
        ],
        "distance": 2.5790753162476325,
        "xpert": [
            [
                168.0,
                79.2
            ],
            [
                161.6,
                78.4
            ],
            [
                162.2,
                72.0
            ],
            [
                164.0,
                68.0
            ],
            [
                168.0,
                65.8
            ],
            [
                172.0,
                68.0
            ],
            [
                174.0,
                72.0
            ],
            [
                173.2,
                77.2
            ]
        ],
        "stack": 0,
        "shift": [
            [
                0.0,
                0.0
            ],
            [
                0.0,
                0.0
            ],
            [
                0.0,
                0.0
            ],
            [
                0.0,
                0.0
            ],
            [
                0.0,
                0.0
            ],
            [
                0.0,
                0.0
            ],
            [
                0.0,
                0.0
            ],
            [
                0.0,
                0.0
            ],
            [
                0.0,
                0.0
            ]
        ],
        "channel": 0
    },
    {
        "type": "Spine",
        "location": [
            213,
            87
        ],
        "radloc": [
            0,
            0
        ],
        "mean": [
            37.57575757575758,
            30.414141414141415,
            30.555555555555557,
            34.57575757575758,
            32.0,
            31.1010101010101,
            45.41414141414141,
            35.82828282828283
        ],
        "min": [
            11,
            7,
            10,
            11,
            11,
            8,
            15,
            10
        ],
        "max": [
            75,
            71,
            93,
            70,
            99,
            70,
            94,
            73
        ],
        "RawIntDen": [
            3720,
            3011,
            3025,
            3423,
            3168,
            3079,
            4496,
            3547
        ],
        "IntDen": [
            1599.0843298355535,
            1294.3126121330247,
            1300.3306714388573,
            1471.4155002761022,
            1361.800848634149,
            1323.5431859042121,
            1932.6567599302819,
            1524.7183112706205
        ],
        "FlagUp": 0,
        "Times": [],
        "width": 0,
        "height": 0,
        "area": [
            0.42986137898805205,
            0.42986137898805205,
            0.42986137898805205,
            0.42986137898805205,
            0.42986137898805205,
            0.42986137898805205,
            0.42986137898805205,
            0.42986137898805205
        ],
        "distance": 1.05424,
        "xpert": [
            [
                213.0,
                91.8
            ],
            [
                209.0,
                91.0
            ],
            [
                206.6,
                87.0
            ],
            [
                207.8,
                81.8
            ],
            [
                213.0,
                81.0
            ],
            [
                217.0,
                83.0
            ],
            [
                218.4,
                87.0
            ],
            [
                217.2,
                91.2
            ]
        ],
        "stack": 0,
        "shift": [
            [
                0.0,
                0.0
            ],
            [
                0.0,
                0.0
            ],
            [
                0.0,
                0.0
            ],
            [
                0.0,
                0.0
            ],
            [
                0.0,
                0.0
            ],
            [
                0.0,
                0.0
            ],
            [
                0.0,
                0.0
            ],
            [
                0.0,
                0.0
            ],
            [
                0.0,
                0.0
            ]
        ],
        "channel": 0
    },
    {
        "type": "Spine",
        "location": [
            286,
            84
        ],
        "radloc": [
            0,
            0
        ],
        "mean": [
            23.202614379084967,
            28.084967320261438,
            20.477124183006534,
            19.529411764705884,
            23.973856209150327,
            26.45098039215686,
            28.013071895424837,
            28.0718954248366
        ],
        "min": [
            5,
            5,
            5,
            6,
            5,
            5,
            5,
            7
        ],
        "max": [
            57,
            68,
            55,
            57,
            65,
            79,
            73,
            71
        ],
        "RawIntDen": [
            3550,
            4297,
            3133,
            2988,
            3668,
            4047,
            4286,
            4295
        ],
        "IntDen": [
            2358.3758383571762,
            2854.631261245292,
            2081.3497187529674,
            1985.021691552463,
            2436.7669225617246,
            2688.548455727181,
            2847.3236178024954,
            2853.3025988011473
        ],
        "FlagUp": 0,
        "Times": [],
        "width": 0,
        "height": 0,
        "area": [
            0.664331222072444,
            0.664331222072444,
            0.664331222072444,
            0.664331222072444,
            0.664331222072444,
            0.664331222072444,
            0.664331222072444,
            0.664331222072444
        ],
        "distance": 6.746132911121921,
        "xpert": [
            [
                286.0,
                93.0
            ],
            [
                282.2,
                87.8
            ],
            [
                279.0,
                84.0
            ],
            [
                278.8,
                76.8
            ],
            [
                286.0,
                76.4
            ],
            [
                291.0,
                79.0
            ],
            [
                291.4,
                84.0
            ],
            [
                290.6,
                88.6
            ]
        ],
        "stack": 0,
        "shift": [
            [
                0.0,
                0.0
            ],
            [
                0.0,
                0.0
            ],
            [
                0.0,
                0.0
            ],
            [
                0.0,
                0.0
            ],
            [
                0.0,
                0.0
            ],
            [
                0.0,
                0.0
            ],
            [
                0.0,
                0.0
            ],
            [
                0.0,
                0.0
            ],
            [
                0.0,
                0.0
            ]
        ],
        "channel": 0
    },
    {
        "type": "Spine",
        "location": [
            327,
            85
        ],
        "radloc": [
            0,
            0
        ],
        "mean": [
            59.4375,
            62.979166666666664,
            64.38888888888889,
            67.625,
            72.86111111111111,
            88.22916666666667,
            76.67361111111111,
            81.95138888888889
        ],
        "min": [
            8,
            6,
            9,
            9,
            13,
            30,
            16,
            18
        ],
        "max": [
            181,
            141,
            168,
            159,
            180,
            172,
            157,
            178
        ],
        "RawIntDen": [
            8559,
            9069,
            9272,
            9738,
            10492,
            12705,
            11041,
            11801
        ],
        "IntDen": [
            5351.539698558164,
            5670.418685152937,
            5797.345026875954,
            6088.712885215492,
            6560.153583043842,
            7943.838283699201,
            6903.417433319392,
            7378.609648637093
        ],
        "FlagUp": 0,
        "Times": [],
        "width": 0,
        "height": 0,
        "area": [
            0.6252529148917121,
            0.6252529148917121,
            0.6252529148917121,
            0.6252529148917121,
            0.6252529148917121,
            0.6252529148917121,
            0.6252529148917121,
            0.6252529148917121
        ],
        "distance": 9.002380505996209,
        "xpert": [
            [
                327.0,
                92.8
            ],
            [
                321.2,
                90.8
            ],
            [
                320.4,
                85.0
            ],
            [
                321.2,
                79.2
            ],
            [
                327.0,
                79.0
            ],
            [
                330.4,
                81.6
            ],
            [
                332.0,
                85.0
            ],
            [
                334.8,
                92.8
            ]
        ],
        "stack": 0,
        "shift": [
            [
                0.0,
                0.0
            ],
            [
                0.0,
                0.0
            ],
            [
                0.0,
                0.0
            ],
            [
                0.0,
                0.0
            ],
            [
                0.0,
                0.0
            ],
            [
                0.0,
                0.0
            ],
            [
                0.0,
                0.0
            ],
            [
                0.0,
                0.0
            ],
            [
                0.0,
                0.0
            ]
        ],
        "channel": 0
    }
]