[
    {
        "type": "Stim",
        "location": [
            276,
            122
        ],
        "radloc": [
            0,
            0
        ],
        "mean": [
            67.2439024390244,
            52.06707317073171,
            42.83536585365854,
            170.5121951219512,
            114.3780487804878,
            88.54268292682927,
            67.91463414634147,
            68.54878048780488
        ],
        "min": [
            10,
            8,
            7,
            33,
            18,
            8,
            7,
            8
        ],
        "max": [
            173,
            126,
            118,
            255,
            251,
            217,
            164,
            193
        ],
        "RawIntDen": [
            11028,
            8539,
            7025,
            27964,
            18758,
            14521,
            11138,
            11242
        ],
        "IntDen": [
            7852.968193401606,
            6080.567229185375,
            5002.457522546815,
            19912.985360925148,
            13357.451702196891,
            10340.311129523461,
            7931.298489128318,
            8005.356223269936
        ],
        "FlagUp": 0,
        "Times": [],
        "width": 0,
        "height": 0,
        "area": [
            0.7120935975155609,
            0.7120935975155609,
            0.7120935975155609,
            0.7120935975155609,
            0.7120935975155609,
            0.7120935975155609,
            0.7120935975155609,
            0.7120935975155609
        ],
        "distance": 0,
        "xpert": [
            [
                276.0,
                131.4
            ],
            [
                270.0,
                128.0
            ],
            [
                270.0,
                122.0
            ],
            [
                272.8,
                118.8
            ],
            [
                276.0,
                117.2
            ],
            [
                280.4,
                117.6
            ],
            [
                283.0,
                122.0
            ],
            [
                284.8,
                130.8
            ]
        ],
        "stack": 0,
        "shift": [
            [
                0.0,
                0.0
            ],
            [
                0.0,
                0.0
            ],
            [
                0.0,
                0.0
            ],
            [
                0.0,
                0.0
            ],
            [
                0.0,
                0.0
            ],
            [
                0.0,
                0.0
            ],
            [
                0.0,
                0.0
            ],
            [
                0.0,
                0.0
            ],
            [
                0.0,
                0.0
            ]
        ],
        "channel": 0
    },
    {
        "type": "Stim",
        "location": [
            321,
            136
        ],
        "radloc": [
            0,
            0
        ],
        "mean": [
            34.8,
            29.605405405405406,
            35.1945945945946,
            162.95135135135135,
            73.26486486486486,
            62.1027027027027,
            58.108108108108105,
            58.556756756756755
        ],
        "min": [
            6,
            6,
            6,
            60,
            13,
            9,
            11,
            12
        ],
        "max": [
            170,
            116,
            140,
            255,
            187,
            158,
            152,
            151
        ],
        "RawIntDen": [
            6438,
            5477,
            6511,
            30146,
            13554,
            11489,
            10750,
            10833
        ],
        "IntDen": [
            5171.492911274137,
            4399.544373260089,
            5230.132082215891,
            24215.567770001577,
            10887.607163623743,
            9228.841574654949,
            8635.220378408974,
            8701.892312493435
        ],
        "FlagUp": 0,
        "Times": [],
        "width": 0,
        "height": 0,
        "area": [
            0.8032763142706023,
            0.8032763142706023,
            0.8032763142706023,
            0.8032763142706023,
            0.8032763142706023,
            0.8032763142706023,
            0.8032763142706023,
            0.8032763142706023
        ],
        "distance": 0,
        "xpert": [
            [
                321.0,
                143.6
            ],
            [
                314.4,
                142.6
            ],
            [
                311.8,
                136.0
            ],
            [
                315.6,
                130.6
            ],
            [
                321.0,
                130.2
            ],
            [
                326.8,
                130.2
            ],
            [
                329.8,
                136.0
            ],
            [
                327.0,
                142.0
            ]
        ],
        "stack": 0,
        "shift": [
            [
                0.0,
                0.0
            ],
            [
                0.0,
                0.0
            ],
            [
                0.0,
                0.0
            ],
            [
                0.0,
                0.0
            ],
            [
                0.0,
                0.0
            ],
            [
                0.0,
                0.0
            ],
            [
                0.0,
                0.0
            ],
            [
                0.0,
                0.0
            ],
            [
                0.0,
                0.0
            ]
        ],
        "channel": 0
    },
    {
        "type": "Spine",
        "location": [
            335,
            111
        ],
        "radloc": [
            0,
            0
        ],
        "mean": [
            101.125,
            64.19791666666667,
            68.11458333333333,
            65.57291666666667,
            37.854166666666664,
            45.0625,
            22.96875,
            49.28125
        ],
        "min": [
            24,
            17,
            14,
            14,
            9,
            9,
            7,
            9
        ],
        "max": [
            197,
            142,
            165,
            141,
            115,
            108,
            88,
            167
        ],
        "RawIntDen": [
            9708,
            6163,
            6539,
            6295,
            3634,
            4326,
            2205,
            4731
        ],
        "IntDen": [
            4046.6368651791604,
            2568.9558096517476,
            2725.68587365127,
            2623.978066162218,
            1514.7793951443211,
            1803.2294065476976,
            919.1217848908167,
            1972.0476935684599
        ],
        "FlagUp": 0,
        "Times": [],
        "width": 0,
        "height": 0,
        "area": [
            0.4168352765944747,
            0.4168352765944747,
            0.4168352765944747,
            0.4168352765944747,
            0.4168352765944747,
            0.4168352765944747,
            0.4168352765944747,
            0.4168352765944747
        ],
        "distance": 1.1135077213733429,
        "xpert": [
            [
                335.0,
                116.6
            ],
            [
                329.2,
                116.8
            ],
            [
                330.2,
                111.0
            ],
            [
                332.0,
                108.0
            ],
            [
                335.0,
                106.2
            ],
            [
                338.4,
                107.6
            ],
            [
                342.0,
                111.0
            ],
            [
                340.8,
                116.8
            ]
        ],
        "stack": 0,
        "shift": [
            [
                0.0,
                0.0
            ],
            [
                0.0,
                0.0
            ],
            [
                0.0,
                0.0
            ],
            [
                0.0,
                0.0
            ],
            [
                0.0,
                0.0
            ],
            [
                0.0,
                0.0
            ],
            [
                0.0,
                0.0
            ],
            [
                0.0,
                0.0
            ],
            [
                0.0,
                0.0
            ]
        ],
        "channel": 0
    },
    {
        "type": "Spine",
        "location": [
            348,
            113
        ],
        "radloc": [
            0,
            0
        ],
        "mean": [
            134.39837398373984,
            99.82113821138212,
            109.84552845528455,
            97.48780487804878,
            59.6260162601626,
            95.6829268292683,
            53.99186991869919,
            107.5691056910569
        ],
        "min": [
            43,
            37,
            31,
            13,
            8,
            28,
            7,
            28
        ],
        "max": [
            229,
            193,
            235,
            230,
            189,
            226,
            148,
            218
        ],
        "RawIntDen": [
            16531,
            12278,
            13511,
            11991,
            7334,
            11769,
            6641,
            13231
        ],
        "IntDen": [
            8828.714445397303,
            6557.3138927220425,
            7215.822447024558,
            6404.035745856819,
            3916.870833134343,
            6285.472161870478,
            3546.7601858256303,
            7066.28279154629
        ],
        "FlagUp": 0,
        "Times": [],
        "width": 0,
        "height": 0,
        "area": [
            0.5340701981366707,
            0.5340701981366707,
            0.5340701981366707,
            0.5340701981366707,
            0.5340701981366707,
            0.5340701981366707,
            0.5340701981366707,
            0.5340701981366707
        ],
        "distance": 1.9700777213733431,
        "xpert": [
            [
                348.0,
                117.8
            ],
            [
                343.2,
                117.8
            ],
            [
                341.2,
                113.0
            ],
            [
                343.2,
                108.2
            ],
            [
                348.0,
                106.0
            ],
            [
                353.6,
                107.4
            ],
            [
                354.4,
                113.0
            ],
            [
                352.8,
                117.8
            ]
        ],
        "stack": 0,
        "shift": [
            [
                0.0,
                0.0
            ],
            [
                0.0,
                0.0
            ],
            [
                0.0,
                0.0
            ],
            [
                0.0,
                0.0
            ],
            [
                0.0,
                0.0
            ],
            [
                0.0,
                0.0
            ],
            [
                0.0,
                0.0
            ],
            [
                0.0,
                0.0
            ],
            [
                0.0,
                0.0
            ]
        ],
        "channel": 0
    },
    {
        "type": "Spine",
        "location": [
            366,
            147
        ],
        "radloc": [
            0,
            0
        ],
        "mean": [
            44.69166666666667,
            35.141666666666666,
            51.891666666666666,
            32.84166666666667,
            37.81666666666667,
            46.925,
            40.28333333333333,
            41.666666666666664
        ],
        "min": [
            13,
            8,
            13,
            11,
            13,
            15,
            13,
            13
        ],
        "max": [
            111,
            76,
            105,
            74,
            73,
            129,
            100,
            110
        ],
        "RawIntDen": [
            5363,
            4217,
            6227,
            3941,
            4538,
            5631,
            4834,
            5000
        ],
        "IntDen": [
            2794.3594854702096,
            2197.242951748625,
            3244.541584192242,
            2053.434781323531,
            2364.4981064821577,
            2933.999303129359,
            2518.7271588221133,
            2605.220478715467
        ],
        "FlagUp": 0,
        "Times": [],
        "width": 0,
        "height": 0,
        "area": [
            0.5210440957430934,
            0.5210440957430934,
            0.5210440957430934,
            0.5210440957430934,
            0.5210440957430934,
            0.5210440957430934,
            0.5210440957430934,
            0.5210440957430934
        ],
        "distance": 3.665290505996211,
        "xpert": [
            [
                366.0,
                154.8
            ],
            [
                360.8,
                152.2
            ],
            [
                360.2,
                147.0
            ],
            [
                357.6,
                138.6
            ],
            [
                366.0,
                141.2
            ],
            [
                370.8,
                142.2
            ],
            [
                370.6,
                147.0
            ],
            [
                370.0,
                151.0
            ]
        ],
        "stack": 0,
        "shift": [
            [
                0.0,
                0.0
            ],
            [
                0.0,
                0.0
            ],
            [
                0.0,
                0.0
            ],
            [
                0.0,
                0.0
            ],
            [
                0.0,
                0.0
            ],
            [
                0.0,
                0.0
            ],
            [
                0.0,
                0.0
            ],
            [
                0.0,
                0.0
            ],
            [
                0.0,
                0.0
            ]
        ],
        "channel": 0
    },
    {
        "type": "Spine",
        "location": [
            373,
            116
        ],
        "radloc": [
            0,
            0
        ],
        "mean": [
            86.42134831460675,
            58.49438202247191,
            70.18539325842697,
            46.58426966292135,
            47.06741573033708,
            42.01685393258427,
            39.12359550561798,
            78.12359550561797
        ],
        "min": [
            24,
            13,
            16,
            10,
            7,
            8,
            6,
            11
        ],
        "max": [
            167,
            132,
            145,
            130,
            167,
            130,
            142,
            191
        ],
        "RawIntDen": [
            15383,
            10412,
            12493,
            8292,
            8378,
            7479,
            6964,
            13906
        ],
        "IntDen": [
            11889.244965143742,
            8047.248168567681,
            9655.615767375724,
            6408.7381688209,
            6475.206027301194,
            5780.385041559516,
            5382.350772753105,
            10747.69813984846
        ],
        "FlagUp": 0,
        "Times": [],
        "width": 0,
        "height": 0,
        "area": [
            0.7728820753522552,
            0.7728820753522552,
            0.7728820753522552,
            0.7728820753522552,
            0.7728820753522552,
            0.7728820753522552,
            0.7728820753522552,
            0.7728820753522552
        ],
        "distance": 3.862960505996211,
        "xpert": [
            [
                373.0,
                123.6
            ],
            [
                366.4,
                122.6
            ],
            [
                364.6,
                116.0
            ],
            [
                367.4,
                110.4
            ],
            [
                373.0,
                109.6
            ],
            [
                377.2,
                111.8
            ],
            [
                380.6,
                116.0
            ],
            [
                381.0,
                124.0
            ]
        ],
        "stack": 0,
        "shift": [
            [
                0.0,
                0.0
            ],
            [
                0.0,
                0.0
            ],
            [
                0.0,
                0.0
            ],
            [
                0.0,
                0.0
            ],
            [
                0.0,
                0.0
            ],
            [
                0.0,
                0.0
            ],
            [
                0.0,
                0.0
            ],
            [
                0.0,
                0.0
            ],
            [
                0.0,
                0.0
            ]
        ],
        "channel": 0
    },
    {
        "type": "Spine",
        "location": [
            412,
            108
        ],
        "radloc": [
            0,
            0
        ],
        "mean": [
            53.24203821656051,
            51.146496815286625,
            57.70700636942675,
            47.9171974522293,
            42.7515923566879,
            50.78343949044586,
            50.71974522292994,
            91.171974522293
        ],
        "min": [
            8,
            11,
            9,
            9,
            10,
            11,
            9,
            20
        ],
        "max": [
            128,
            116,
            117,
            102,
            85,
            129,
            108,
            191
        ],
        "RawIntDen": [
            8359,
            8030,
            9060,
            7523,
            6712,
            7973,
            7963,
            14314
        ],
        "IntDen": [
            5698.324938514111,
            5474.045849535627,
            6176.196188890757,
            5128.42427472684,
            4575.5660949045,
            5435.188986095586,
            5428.371992509614,
            9757.844618960518
        ],
        "FlagUp": 0,
        "Times": [],
        "width": 0,
        "height": 0,
        "area": [
            0.6816993585972139,
            0.6816993585972139,
            0.6816993585972139,
            0.6816993585972139,
            0.6816993585972139,
            0.6816993585972139,
            0.6816993585972139,
            0.6816993585972139
        ],
        "distance": 6.623718227369552,
        "xpert": [
            [
                412.0,
                117.2
            ],
            [
                402.8,
                117.2
            ],
            [
                405.8,
                108.0
            ],
            [
                407.0,
                103.0
            ],
            [
                412.0,
                102.6
            ],
            [
                416.8,
                103.2
            ],
            [
                417.6,
                108.0
            ],
            [
                416.2,
                112.2
            ]
        ],
        "stack": 0,
        "shift": [
            [
                0.0,
                0.0
            ],
            [
                0.0,
                0.0
            ],
            [
                0.0,
                0.0
            ],
            [
                0.0,
                0.0
            ],
            [
                0.0,
                0.0
            ],
            [
                0.0,
                0.0
            ],
            [
                0.0,
                0.0
            ],
            [
                0.0,
                0.0
            ],
            [
                0.0,
                0.0
            ]
        ],
        "channel": 0
    },
    {
        "type": "Spine",
        "location": [
            442,
            143
        ],
        "radloc": [
            0,
            0
        ],
        "mean": [
            61.02564102564103,
            56.8525641025641,
            54.12179487179487,
            55.05128205128205,
            49.96153846153846,
            60.82051282051282,
            52.67948717948718,
            51.44230769230769
        ],
        "min": [
            10,
            13,
            14,
            15,
            14,
            13,
            12,
            13
        ],
        "max": [
            139,
            140,
            186,
            146,
            126,
            157,
            134,
            130
        ],
        "RawIntDen": [
            9520,
            8869,
            8443,
            8588,
            7794,
            9488,
            8218,
            8025
        ],
        "IntDen": [
            6448.441728916524,
            6007.482110689144,
            5718.927890466619,
            5817.1447025141915,
            5279.322986888171,
            6426.766294533611,
            5566.522492461764,
            5435.792528839822
        ],
        "FlagUp": 0,
        "Times": [],
        "width": 0,
        "height": 0,
        "area": [
            0.6773573244660214,
            0.6773573244660214,
            0.6773573244660214,
            0.6773573244660214,
            0.6773573244660214,
            0.6773573244660214,
            0.6773573244660214,
            0.6773573244660214
        ],
        "distance": 9.337685390583836,
        "xpert": [
            [
                442.0,
                149.0
            ],
            [
                436.8,
                148.2
            ],
            [
                434.4,
                143.0
            ],
            [
                436.0,
                137.0
            ],
            [
                442.0,
                136.2
            ],
            [
                446.2,
                138.8
            ],
            [
                450.0,
                143.0
            ],
            [
                448.2,
                149.2
            ]
        ],
        "stack": 0,
        "shift": [
            [
                0.0,
                0.0
            ],
            [
                0.0,
                0.0
            ],
            [
                0.0,
                0.0
            ],
            [
                0.0,
                0.0
            ],
            [
                0.0,
                0.0
            ],
            [
                0.0,
                0.0
            ],
            [
                0.0,
                0.0
            ],
            [
                0.0,
                0.0
            ],
            [
                0.0,
                0.0
            ]
        ],
        "channel": 0
    },
    {
        "type": "Spine",
        "location": [
            474,
            140
        ],
        "radloc": [
            0,
            0
        ],
        "mean": [
            38.875,
            81.28472222222223,
            64.76388888888889,
            55.201388888888886,
            44.71527777777778,
            50.96527777777778,
            52.861111111111114,
            63.354166666666664
        ],
        "min": [
            9,
            15,
            13,
            13,
            13,
            14,
            12,
            14
        ],
        "max": [
            97,
            182,
            160,
            115,
            105,
            107,
            132,
            150
        ],
        "RawIntDen": [
            5598,
            11705,
            9326,
            7949,
            6439,
            7339,
            7612,
            9123
        ],
        "IntDen": [
            3500.165817563804,
            7318.585368807489,
            5831.108684280107,
            4970.135420474219,
            4026.003518987734,
            4588.731142390275,
            4759.425188155712,
            5704.182342557089
        ],
        "FlagUp": 0,
        "Times": [],
        "width": 0,
        "height": 0,
        "area": [
            0.6252529148917121,
            0.6252529148917121,
            0.6252529148917121,
            0.6252529148917121,
            0.6252529148917121,
            0.6252529148917121,
            0.6252529148917121,
            0.6252529148917121
        ],
        "distance": 10.899377847050548,
        "xpert": [
            [
                474.0,
                147.2
            ],
            [
                469.0,
                145.0
            ],
            [
                467.6,
                140.0
            ],
            [
                468.8,
                134.8
            ],
            [
                474.0,
                133.2
            ],
            [
                479.4,
                134.6
            ],
            [
                480.6,
                140.0
            ],
            [
                479.8,
                145.8
            ]
        ],
        "stack": 0,
        "shift": [
            [
                0.0,
                0.0
            ],
            [
                0.0,
                0.0
            ],
            [
                0.0,
                0.0
            ],
            [
                0.0,
                0.0
            ],
            [
                0.0,
                0.0
            ],
            [
                0.0,
                0.0
            ],
            [
                0.0,
                0.0
            ],
            [
                0.0,
                0.0
            ],
            [
                0.0,
                0.0
            ]
        ],
        "channel": 0
    },
    {
        "type": "Spine",
        "location": [
            488,
            154
        ],
        "radloc": [
            0,
            0
        ],
        "mean": [
            27.867346938775512,
            34.285714285714285,
            29.489795918367346,
            27.3265306122449,
            44.39795918367347,
            31.183673469387756,
            30.255102040816325,
            36.234693877551024
        ],
        "min": [
            9,
            7,
            9,
            7,
            9,
            8,
            11,
            13
        ],
        "max": [
            71,
            99,
            65,
            68,
            94,
            71,
            74,
            80
        ],
        "RawIntDen": [
            2731,
            3360,
            2890,
            2678,
            4351,
            3056,
            2965,
            3551
        ],
        "IntDen": [
            1162.0933308040835,
            1429.7449987190482,
            1229.7509066363243,
            1139.54080552667,
            1851.434669472196,
            1300.387117882563,
            1261.6648575005886,
            1511.0191935867083
        ],
        "FlagUp": 0,
        "Times": [],
        "width": 0,
        "height": 0,
        "area": [
            0.4255193448568596,
            0.4255193448568596,
            0.4255193448568596,
            0.4255193448568596,
            0.4255193448568596,
            0.4255193448568596,
            0.4255193448568596,
            0.4255193448568596
        ],
        "distance": 12.242530758172473,
        "xpert": [
            [
                488.0,
                160.2
            ],
            [
                483.6,
                158.4
            ],
            [
                481.0,
                154.0
            ],
            [
                483.0,
                149.0
            ],
            [
                488.0,
                149.2
            ],
            [
                491.8,
                150.2
            ],
            [
                493.8,
                154.0
            ],
            [
                491.6,
                157.6
            ]
        ],
        "stack": 0,
        "shift": [
            [
                0.0,
                0.0
            ],
            [
                0.0,
                0.0
            ],
            [
                0.0,
                0.0
            ],
            [
                0.0,
                0.0
            ],
            [
                0.0,
                0.0
            ],
            [
                0.0,
                0.0
            ],
            [
                0.0,
                0.0
            ],
            [
                0.0,
                0.0
            ],
            [
                0.0,
                0.0
            ]
        ],
        "channel": 0
    },
    {
        "type": "Spine",
        "location": [
            486,
            190
        ],
        "radloc": [
            0,
            0
        ],
        "mean": [
            21.416666666666668,
            26.598484848484848,
            33.21969696969697,
            52.54545454545455,
            114.53030303030303,
            69.53787878787878,
            70.12878787878788,
            52.95454545454545
        ],
        "min": [
            6,
            6,
            6,
            8,
            34,
            20,
            14,
            11
        ],
        "max": [
            70,
            82,
            90,
            131,
            207,
            162,
            172,
            148
        ],
        "RawIntDen": [
            2827,
            3511,
            4385,
            6936,
            15118,
            9179,
            9257,
            6990
        ],
        "IntDen": [
            1620.2908245322974,
            2012.3244021694009,
            2513.2561958168108,
            3975.358032881505,
            8664.859103388495,
            5260.930130308439,
            5305.635713723197,
            4006.3080521686447
        ],
        "FlagUp": 0,
        "Times": [],
        "width": 0,
        "height": 0,
        "area": [
            0.5731485053174027,
            0.5731485053174027,
            0.5731485053174027,
            0.5731485053174027,
            0.5731485053174027,
            0.5731485053174027,
            0.5731485053174027,
            0.5731485053174027
        ],
        "distance": 13.82663379579345,
        "xpert": [
            [
                486.0,
                198.0
            ],
            [
                480.4,
                195.6
            ],
            [
                479.2,
                190.0
            ],
            [
                481.6,
                185.6
            ],
            [
                486.0,
                184.0
            ],
            [
                491.0,
                185.0
            ],
            [
                491.4,
                190.0
            ],
            [
                491.0,
                195.0
            ]
        ],
        "stack": 0,
        "shift": [
            [
                0.0,
                0.0
            ],
            [
                0.0,
                0.0
            ],
            [
                0.0,
                0.0
            ],
            [
                0.0,
                0.0
            ],
            [
                0.0,
                0.0
            ],
            [
                0.0,
                0.0
            ],
            [
                0.0,
                0.0
            ],
            [
                0.0,
                0.0
            ],
            [
                0.0,
                0.0
            ]
        ],
        "channel": 0
    },
    {
        "type": "Spine",
        "location": [
            267,
            158
        ],
        "radloc": [
            0,
            0
        ],
        "mean": [
            37.80672268907563,
            44.89915966386555,
            40.60504201680672,
            55.52100840336134,
            38.831932773109244,
            69.21848739495799,
            42.21008403361345,
            34.0672268907563
        ],
        "min": [
            7,
            9,
            10,
            9,
            11,
            18,
            9,
            9
        ],
        "max": [
            110,
            108,
            112,
            126,
            105,
            176,
            140,
            125
        ],
        "RawIntDen": [
            4499,
            5343,
            4832,
            6607,
            4621,
            8237,
            5023,
            4054
        ],
        "IntDen": [
            2324.6425751919423,
            2760.7391151923866,
            2496.704361708705,
            3413.8505210698295,
            2387.680226708594,
            4256.074881497228,
            2595.3944554765785,
            2094.710157774646
        ],
        "FlagUp": 0,
        "Times": [],
        "width": 0,
        "height": 0,
        "area": [
            0.5167020616119009,
            0.5167020616119009,
            0.5167020616119009,
            0.5167020616119009,
            0.5167020616119009,
            0.5167020616119009,
            0.5167020616119009,
            0.5167020616119009
        ],
        "distance": 1.5474451897485795,
        "xpert": [
            [
                267.0,
                163.2
            ],
            [
                261.8,
                163.2
            ],
            [
                259.4,
                158.0
            ],
            [
                260.6,
                151.6
            ],
            [
                267.0,
                151.8
            ],
            [
                270.4,
                154.6
            ],
            [
                272.4,
                158.0
            ],
            [
                270.4,
                161.4
            ]
        ],
        "stack": 0,
        "shift": [
            [
                0.0,
                0.0
            ],
            [
                0.0,
                0.0
            ],
            [
                0.0,
                0.0
            ],
            [
                0.0,
                0.0
            ],
            [
                0.0,
                0.0
            ],
            [
                0.0,
                0.0
            ],
            [
                0.0,
                0.0
            ],
            [
                0.0,
                0.0
            ],
            [
                0.0,
                0.0
            ]
        ],
        "channel": 0
    },
    {
        "type": "Spine",
        "location": [
            262,
            131
        ],
        "radloc": [
            0,
            0
        ],
        "mean": [
            71.13836477987421,
            59.81132075471698,
            83.26415094339623,
            151.50314465408806,
            54.9496855345912,
            49.899371069182386,
            53.79245283018868,
            48.38993710691824
        ],
        "min": [
            11,
            8,
            14,
            46,
            9,
            7,
            7,
            7
        ],
        "max": [
            179,
            150,
            186,
            255,
            138,
            138,
            165,
            142
        ],
        "RawIntDen": [
            11311,
            9510,
            13239,
            24089,
            8737,
            7934,
            8553,
            7694
        ],
        "IntDen": [
            7808.926941208921,
            6565.546389434784,
            9139.986188194227,
            16630.646369620874,
            6031.880000472314,
            5477.502108704056,
            5904.849449930148,
            5311.810086257752
        ],
        "FlagUp": 0,
        "Times": [],
        "width": 0,
        "height": 0,
        "area": [
            0.6903834268595987,
            0.6903834268595987,
            0.6903834268595987,
            0.6903834268595987,
            0.6903834268595987,
            0.6903834268595987,
            0.6903834268595987,
            0.6903834268595987
        ],
        "distance": 1.8768951897485797,
        "xpert": [
            [
                262.0,
                138.6
            ],
            [
                256.0,
                137.0
            ],
            [
                255.6,
                131.0
            ],
            [
                258.0,
                127.0
            ],
            [
                262.0,
                125.2
            ],
            [
                267.4,
                125.6
            ],
            [
                269.6,
                131.0
            ],
            [
                269.8,
                138.8
            ]
        ],
        "stack": 0,
        "shift": [
            [
                0.0,
                0.0
            ],
            [
                0.0,
                0.0
            ],
            [
                0.0,
                0.0
            ],
            [
                0.0,
                0.0
            ],
            [
                0.0,
                0.0
            ],
            [
                0.0,
                0.0
            ],
            [
                0.0,
                0.0
            ],
            [
                0.0,
                0.0
            ],
            [
                0.0,
                0.0
            ]
        ],
        "channel": 0
    },
    {
        "type": "Spine",
        "location": [
            248,
            160
        ],
        "radloc": [
            0,
            0
        ],
        "mean": [
            64.61702127659575,
            111.9290780141844,
            100.93617021276596,
            60.333333333333336,
            70.68085106382979,
            86.70212765957447,
            87.19148936170212,
            83.13475177304964
        ],
        "min": [
            11,
            35,
            18,
            11,
            13,
            13,
            16,
            12
        ],
        "max": [
            183,
            229,
            226,
            162,
            169,
            240,
            207,
            226
        ],
        "RawIntDen": [
            9111,
            15782,
            14232,
            8507,
            9966,
            12225,
            12294,
            11722
        ],
        "IntDen": [
            5577.998488670505,
            9662.163554845562,
            8713.211995473453,
            5208.213493921632,
            6101.452413356411,
            7484.472782789697,
            7526.7164328520685,
            7176.522696103135
        ],
        "FlagUp": 0,
        "Times": [],
        "width": 0,
        "height": 0,
        "area": [
            0.6122268124981347,
            0.6122268124981347,
            0.6122268124981347,
            0.6122268124981347,
            0.6122268124981347,
            0.6122268124981347,
            0.6122268124981347,
            0.6122268124981347
        ],
        "distance": 2.7993551897485793,
        "xpert": [
            [
                248.0,
                164.8
            ],
            [
                243.2,
                164.8
            ],
            [
                238.0,
                160.0
            ],
            [
                241.4,
                153.4
            ],
            [
                248.0,
                152.2
            ],
            [
                252.4,
                155.6
            ],
            [
                253.8,
                160.0
            ],
            [
                251.8,
                163.8
            ]
        ],
        "stack": 0,
        "shift": [
            [
                0.0,
                0.0
            ],
            [
                0.0,
                0.0
            ],
            [
                0.0,
                0.0
            ],
            [
                0.0,
                0.0
            ],
            [
                0.0,
                0.0
            ],
            [
                0.0,
                0.0
            ],
            [
                0.0,
                0.0
            ],
            [
                0.0,
                0.0
            ],
            [
                0.0,
                0.0
            ]
        ],
        "channel": 0
    },
    {
        "type": "Spine",
        "location": [
            203,
            163
        ],
        "radloc": [
            0,
            0
        ],
        "mean": [
            58.275862068965516,
            94.66379310344827,
            59.94827586206897,
            40.5,
            56.76724137931034,
            52.64655172413793,
            50.26724137931034,
            55.89655172413793
        ],
        "min": [
            7,
            9,
            11,
            6,
            14,
            13,
            12,
            13
        ],
        "max": [
            142,
            201,
            159,
            99,
            137,
            150,
            124,
            142
        ],
        "RawIntDen": [
            6760,
            10981,
            6954,
            4698,
            6585,
            6107,
            5831,
            6484
        ],
        "IntDen": [
            3404.8494843158674,
            5530.865708176411,
            3502.5626204042223,
            2366.269656407684,
            3316.7061914526607,
            3075.949082946302,
            2936.9345182020447,
            3265.83491957161
        ],
        "FlagUp": 0,
        "Times": [],
        "width": 0,
        "height": 0,
        "area": [
            0.5036759592183236,
            0.5036759592183236,
            0.5036759592183236,
            0.5036759592183236,
            0.5036759592183236,
            0.5036759592183236,
            0.5036759592183236,
            0.5036759592183236
        ],
        "distance": 5.873575316247631,
        "xpert": [
            [
                203.0,
                171.4
            ],
            [
                199.0,
                167.0
            ],
            [
                196.2,
                163.0
            ],
            [
                197.8,
                157.8
            ],
            [
                203.0,
                156.4
            ],
            [
                207.4,
                158.6
            ],
            [
                207.6,
                163.0
            ],
            [
                206.8,
                166.8
            ]
        ],
        "stack": 0,
        "shift": [
            [
                0.0,
                0.0
            ],
            [
                0.0,
                0.0
            ],
            [
                0.0,
                0.0
            ],
            [
                0.0,
                0.0
            ],
            [
                0.0,
                0.0
            ],
            [
                0.0,
                0.0
            ],
            [
                0.0,
                0.0
            ],
            [
                0.0,
                0.0
            ],
            [
                0.0,
                0.0
            ]
        ],
        "channel": 0
    },
    {
        "type": "Spine",
        "location": [
            183,
            161
        ],
        "radloc": [
            0,
            0
        ],
        "mean": [
            37.744680851063826,
            32.716312056737586,
            45.9645390070922,
            34.59574468085106,
            35.4113475177305,
            40.241134751773046,
            37.4468085106383,
            33.148936170212764
        ],
        "min": [
            6,
            6,
            8,
            8,
            7,
            12,
            7,
            8
        ],
        "max": [
            85,
            110,
            128,
            105,
            100,
            119,
            107,
            83
        ],
        "RawIntDen": [
            5322,
            4613,
            6481,
            4878,
            4993,
            5674,
            5280,
            4674
        ],
        "IntDen": [
            3258.271096115073,
            2824.2022860538955,
            3967.841971800411,
            2986.442391365901,
            3056.8484748031865,
            3473.7749341144163,
            3232.5575699901515,
            2861.5481216162816
        ],
        "FlagUp": 0,
        "Times": [],
        "width": 0,
        "height": 0,
        "area": [
            0.6122268124981347,
            0.6122268124981347,
            0.6122268124981347,
            0.6122268124981347,
            0.6122268124981347,
            0.6122268124981347,
            0.6122268124981347,
            0.6122268124981347
        ],
        "distance": 7.245960379497158,
        "xpert": [
            [
                183.0,
                166.2
            ],
            [
                178.2,
                165.8
            ],
            [
                176.4,
                161.0
            ],
            [
                178.2,
                156.2
            ],
            [
                183.0,
                153.2
            ],
            [
                191.4,
                152.6
            ],
            [
                188.8,
                161.0
            ],
            [
                186.6,
                164.6
            ]
        ],
        "stack": 0,
        "shift": [
            [
                0.0,
                0.0
            ],
            [
                0.0,
                0.0
            ],
            [
                0.0,
                0.0
            ],
            [
                0.0,
                0.0
            ],
            [
                0.0,
                0.0
            ],
            [
                0.0,
                0.0
            ],
            [
                0.0,
                0.0
            ],
            [
                0.0,
                0.0
            ],
            [
                0.0,
                0.0
            ]
        ],
        "channel": 0
    },
    {
        "type": "Spine",
        "location": [
            170,
            123
        ],
        "radloc": [
            0,
            0
        ],
        "mean": [
            71.92857142857143,
            55.17460317460318,
            68.77777777777777,
            42.0,
            47.87301587301587,
            36.317460317460316,
            27.92063492063492,
            26.936507936507937
        ],
        "min": [
            19,
            13,
            13,
            6,
            10,
            7,
            6,
            6
        ],
        "max": [
            188,
            143,
            146,
            141,
            137,
            156,
            115,
            137
        ],
        "RawIntDen": [
            9063,
            6952,
            8666,
            5292,
            6032,
            4576,
            3518,
            3394
        ],
        "IntDen": [
            4958.333771705638,
            3803.4134812862844,
            4741.1365403951295,
            2895.2336224060728,
            3300.084884798456,
            2503.512671226415,
            1924.6847852654125,
            1856.8448439996619
        ],
        "FlagUp": 0,
        "Times": [],
        "width": 0,
        "height": 0,
        "area": [
            0.547096300530248,
            0.547096300530248,
            0.547096300530248,
            0.547096300530248,
            0.547096300530248,
            0.547096300530248,
            0.547096300530248,
            0.547096300530248
        ],
        "distance": 8.102530379497159,
        "xpert": [
            [
                170.0,
                131.8
            ],
            [
                163.8,
                129.2
            ],
            [
                163.4,
                123.0
            ],
            [
                165.6,
                118.6
            ],
            [
                170.0,
                118.4
            ],
            [
                173.0,
                120.0
            ],
            [
                175.0,
                123.0
            ],
            [
                175.4,
                128.4
            ]
        ],
        "stack": 0,
        "shift": [
            [
                0.0,
                0.0
            ],
            [
                0.0,
                0.0
            ],
            [
                0.0,
                0.0
            ],
            [
                0.0,
                0.0
            ],
            [
                0.0,
                0.0
            ],
            [
                0.0,
                0.0
            ],
            [
                0.0,
                0.0
            ],
            [
                0.0,
                0.0
            ],
            [
                0.0,
                0.0
            ]
        ],
        "channel": 0
    },
    {
        "type": "Spine",
        "location": [
            146,
            125
        ],
        "radloc": [
            0,
            0
        ],
        "mean": [
            145.31690140845072,
            134.8661971830986,
            132.26760563380282,
            114.2605633802817,
            90.20422535211267,
            79.1830985915493,
            66.82394366197182,
            78.0774647887324
        ],
        "min": [
            27,
            19,
            17,
            11,
            11,
            10,
            11,
            10
        ],
        "max": [
            255,
            255,
            255,
            255,
            255,
            255,
            250,
            255
        ],
        "RawIntDen": [
            20635,
            19151,
            18782,
            16225,
            12809,
            11244,
            9489,
            11087
        ],
        "IntDen": [
            12722.898150196166,
            11807.909981798244,
            11580.396077392023,
            10003.829536560834,
            7897.6303564750515,
            6932.700111500155,
            5850.621785665686,
            6835.898802579351
        ],
        "FlagUp": 0,
        "Times": [],
        "width": 0,
        "height": 0,
        "area": [
            0.6165688466293272,
            0.6165688466293272,
            0.6165688466293272,
            0.6165688466293272,
            0.6165688466293272,
            0.6165688466293272,
            0.6165688466293272,
            0.6165688466293272
        ],
        "distance": 9.68389037949716,
        "xpert": [
            [
                146.0,
                133.2
            ],
            [
                139.8,
                131.2
            ],
            [
                140.8,
                125.0
            ],
            [
                142.0,
                121.0
            ],
            [
                146.0,
                120.0
            ],
            [
                149.6,
                121.4
            ],
            [
                152.2,
                125.0
            ],
            [
                154.0,
                133.0
            ]
        ],
        "stack": 0,
        "shift": [
            [
                0.0,
                0.0
            ],
            [
                0.0,
                0.0
            ],
            [
                0.0,
                0.0
            ],
            [
                0.0,
                0.0
            ],
            [
                0.0,
                0.0
            ],
            [
                0.0,
                0.0
            ],
            [
                0.0,
                0.0
            ],
            [
                0.0,
                0.0
            ],
            [
                0.0,
                0.0
            ]
        ],
        "channel": 0
    },
    {
        "type": "Spine",
        "location": [
            148,
            147
        ],
        "radloc": [
            0,
            0
        ],
        "mean": [
            37.085470085470085,
            31.358974358974358,
            37.51282051282051,
            39.82051282051282,
            51.085470085470085,
            71.28205128205128,
            78.36752136752136,
            61.07692307692308
        ],
        "min": [
            10,
            9,
            8,
            10,
            12,
            16,
            25,
            17
        ],
        "max": [
            129,
            99,
            115,
            91,
            103,
            143,
            171,
            140
        ],
        "RawIntDen": [
            4339,
            3669,
            4389,
            4659,
            5977,
            8340,
            9169,
            7146
        ],
        "IntDen": [
            2204.29007314355,
            1863.9180175993743,
            2229.690972811026,
            2366.8558310153953,
            3036.4235462500574,
            4236.870064534964,
            4658.016981021712,
            3630.296580475642
        ],
        "FlagUp": 0,
        "Times": [],
        "width": 0,
        "height": 0,
        "area": [
            0.508017993349516,
            0.508017993349516,
            0.508017993349516,
            0.508017993349516,
            0.508017993349516,
            0.508017993349516,
            0.508017993349516,
            0.508017993349516
        ],
        "distance": 9.552110379497162,
        "xpert": [
            [
                148.0,
                152.0
            ],
            [
                143.6,
                151.4
            ],
            [
                138.6,
                147.0
            ],
            [
                143.8,
                142.8
            ],
            [
                148.0,
                142.8
            ],
            [
                152.2,
                142.8
            ],
            [
                156.4,
                147.0
            ],
            [
                152.4,
                151.4
            ]
        ],
        "stack": 0,
        "shift": [
            [
                0.0,
                0.0
            ],
            [
                0.0,
                0.0
            ],
            [
                0.0,
                0.0
            ],
            [
                0.0,
                0.0
            ],
            [
                0.0,
                0.0
            ],
            [
                0.0,
                0.0
            ],
            [
                0.0,
                0.0
            ],
            [
                0.0,
                0.0
            ],
            [
                0.0,
                0.0
            ]
        ],
        "channel": 0
    },
    {
        "type": "Spine",
        "location": [
            104,
            139
        ],
        "radloc": [
            0,
            0
        ],
        "mean": [
            90.97247706422019,
            71.54128440366972,
            88.56880733944953,
            89.02752293577981,
            69.14678899082568,
            83.85321100917432,
            67.03669724770643,
            69.24770642201835
        ],
        "min": [
            25,
            13,
            13,
            16,
            16,
            18,
            11,
            11
        ],
        "max": [
            217,
            185,
            212,
            197,
            167,
            220,
            169,
            177
        ],
        "RawIntDen": [
            9916,
            7798,
            9654,
            9704,
            7537,
            9140,
            7307,
            7548
        ],
        "IntDen": [
            4693.061538494567,
            3690.6508548992165,
            4569.061727775973,
            4592.725813790972,
            3567.124325900923,
            4325.794923541785,
            3458.269530231928,
            3572.3304248242225
        ],
        "FlagUp": 0,
        "Times": [],
        "width": 0,
        "height": 0,
        "area": [
            0.4732817202999765,
            0.4732817202999765,
            0.4732817202999765,
            0.4732817202999765,
            0.4732817202999765,
            0.4732817202999765,
            0.4732817202999765,
            0.4732817202999765
        ],
        "distance": 12.362671343917746,
        "xpert": [
            [
                104.0,
                145.4
            ],
            [
                98.4,
                144.6
            ],
            [
                97.6,
                139.0
            ],
            [
                100.0,
                135.0
            ],
            [
                104.0,
                134.2
            ],
            [
                108.8,
                134.2
            ],
            [
                110.0,
                139.0
            ],
            [
                108.4,
                143.4
            ]
        ],
        "stack": 0,
        "shift": [
            [
                0.0,
                0.0
            ],
            [
                0.0,
                0.0
            ],
            [
                0.0,
                0.0
            ],
            [
                0.0,
                0.0
            ],
            [
                0.0,
                0.0
            ],
            [
                0.0,
                0.0
            ],
            [
                0.0,
                0.0
            ],
            [
                0.0,
                0.0
            ],
            [
                0.0,
                0.0
            ]
        ],
        "channel": 0
    },
    {
        "type": "Spine",
        "location": [
            107,
            158
        ],
        "radloc": [
            0,
            0
        ],
        "mean": [
            58.87735849056604,
            57.4811320754717,
            69.79245283018868,
            59.35849056603774,
            77.16981132075472,
            90.49056603773585,
            95.87735849056604,
            90.60377358490567
        ],
        "min": [
            12,
            7,
            11,
            12,
            16,
            17,
            23,
            22
        ],
        "max": [
            127,
            145,
            164,
            145,
            163,
            182,
            173,
            186
        ],
        "RawIntDen": [
            6241,
            6093,
            7398,
            6292,
            8180,
            9592,
            10163,
            9604
        ],
        "IntDen": [
            2872.4553113538373,
            2804.33747990369,
            3404.9710612715407,
            2895.9283478670636,
            3764.890954474345,
            4414.77188695818,
            4677.577844782734,
            4420.294954373057
        ],
        "FlagUp": 0,
        "Times": [],
        "width": 0,
        "height": 0,
        "area": [
            0.46025561790639913,
            0.46025561790639913,
            0.46025561790639913,
            0.46025561790639913,
            0.46025561790639913,
            0.46025561790639913,
            0.46025561790639913,
            0.46025561790639913
        ],
        "distance": 12.899255822243852,
        "xpert": [
            [
                107.0,
                163.6
            ],
            [
                102.0,
                163.0
            ],
            [
                100.4,
                158.0
            ],
            [
                101.8,
                152.8
            ],
            [
                107.0,
                151.0
            ],
            [
                110.6,
                154.4
            ],
            [
                112.0,
                158.0
            ],
            [
                110.4,
                161.4
            ]
        ],
        "stack": 0,
        "shift": [
            [
                0.0,
                0.0
            ],
            [
                0.0,
                0.0
            ],
            [
                0.0,
                0.0
            ],
            [
                0.0,
                0.0
            ],
            [
                0.0,
                0.0
            ],
            [
                0.0,
                0.0
            ],
            [
                0.0,
                0.0
            ],
            [
                0.0,
                0.0
            ],
            [
                0.0,
                0.0
            ]
        ],
        "channel": 0
    },
    {
        "type": "Spine",
        "location": [
            57,
            202
        ],
        "radloc": [
            0,
            0
        ],
        "mean": [
            40.526315789473685,
            23.986842105263158,
            37.28947368421053,
            25.07894736842105,
            30.973684210526315,
            29.93421052631579,
            40.28947368421053,
            53.31578947368421
        ],
        "min": [
            10,
            6,
            11,
            7,
            11,
            9,
            12,
            10
        ],
        "max": [
            97,
            78,
            103,
            80,
            71,
            81,
            92,
            115
        ],
        "RawIntDen": [
            3080,
            1823,
            2834,
            1906,
            2354,
            2275,
            3062,
            4052
        ],
        "IntDen": [
            1016.3833494295275,
            601.5801448084509,
            935.2046793127536,
            628.9696961080127,
            776.8072742068531,
            750.7377012831737,
            1010.4434467380562,
            1337.1380947689756
        ],
        "FlagUp": 0,
        "Times": [],
        "width": 0,
        "height": 0,
        "area": [
            0.3299945939706258,
            0.3299945939706258,
            0.3299945939706258,
            0.3299945939706258,
            0.3299945939706258,
            0.3299945939706258,
            0.3299945939706258,
            0.3299945939706258
        ],
        "distance": 17.249628414628614,
        "xpert": [
            [
                57.0,
                207.0
            ],
            [
                53.4,
                205.6
            ],
            [
                49.4,
                202.0
            ],
            [
                53.6,
                198.6
            ],
            [
                57.0,
                198.0
            ],
            [
                61.2,
                197.8
            ],
            [
                61.6,
                202.0
            ],
            [
                60.0,
                205.0
            ]
        ],
        "stack": 0,
        "shift": [
            [
                0.0,
                0.0
            ],
            [
                0.0,
                0.0
            ],
            [
                0.0,
                0.0
            ],
            [
                0.0,
                0.0
            ],
            [
                0.0,
                0.0
            ],
            [
                0.0,
                0.0
            ],
            [
                0.0,
                0.0
            ],
            [
                0.0,
                0.0
            ],
            [
                0.0,
                0.0
            ]
        ],
        "channel": 0
    },
    {
        "type": "Spine",
        "location": [
            81,
            184
        ],
        "radloc": [
            0,
            0
        ],
        "mean": [
            93.16326530612245,
            102.22448979591837,
            105.02721088435374,
            86.17006802721089,
            94.71428571428571,
            89.06802721088435,
            116.0204081632653,
            95.19047619047619
        ],
        "min": [
            15,
            19,
            23,
            13,
            22,
            17,
            15,
            10
        ],
        "max": [
            213,
            210,
            205,
            210,
            221,
            199,
            218,
            218
        ],
        "RawIntDen": [
            13695,
            15027,
            15439,
            12667,
            13923,
            13093,
            17055,
            13993
        ],
        "IntDen": [
            8741.231141722037,
            9591.418792746044,
            9854.389747867583,
            8085.080311952761,
            8886.758757663085,
            8356.987173316295,
            10885.84863980061,
            8931.438288873054
        ],
        "FlagUp": 0,
        "Times": [],
        "width": 0,
        "height": 0,
        "area": [
            0.6382790172852894,
            0.6382790172852894,
            0.6382790172852894,
            0.6382790172852894,
            0.6382790172852894,
            0.6382790172852894,
            0.6382790172852894,
            0.6382790172852894
        ],
        "distance": 15.453781644487695,
        "xpert": [
            [
                81.0,
                192.2
            ],
            [
                74.8,
                190.2
            ],
            [
                74.4,
                184.0
            ],
            [
                77.4,
                180.4
            ],
            [
                81.0,
                178.2
            ],
            [
                86.8,
                178.2
            ],
            [
                88.6,
                184.0
            ],
            [
                86.2,
                189.2
            ]
        ],
        "stack": 0,
        "shift": [
            [
                0.0,
                0.0
            ],
            [
                0.0,
                0.0
            ],
            [
                0.0,
                0.0
            ],
            [
                0.0,
                0.0
            ],
            [
                0.0,
                0.0
            ],
            [
                0.0,
                0.0
            ],
            [
                0.0,
                0.0
            ],
            [
                0.0,
                0.0
            ],
            [
                0.0,
                0.0
            ]
        ],
        "channel": 0
    },
    {
        "type": "Spine",
        "location": [
            67,
            169
        ],
        "radloc": [
            0,
            0
        ],
        "mean": [
            130.85526315789474,
            123.99342105263158,
            119.64473684210526,
            123.4342105263158,
            108.25657894736842,
            151.42763157894737,
            116.10526315789474,
            116.46052631578948
        ],
        "min": [
            37,
            15,
            17,
            16,
            15,
            22,
            15,
            11
        ],
        "max": [
            238,
            231,
            255,
            245,
            238,
            255,
            255,
            255
        ],
        "RawIntDen": [
            19890,
            18847,
            18186,
            18762,
            16455,
            23017,
            17648,
            17702
        ],
        "IntDen": [
            13127.184948151495,
            12438.816225128769,
            12002.563371899601,
            12382.717144153763,
            10860.122087573294,
            15190.971138843788,
            11647.489188787209,
            11683.128604936035
        ],
        "FlagUp": 0,
        "Times": [],
        "width": 0,
        "height": 0,
        "area": [
            0.6599891879412516,
            0.6599891879412516,
            0.6599891879412516,
            0.6599891879412516,
            0.6599891879412516,
            0.6599891879412516,
            0.6599891879412516,
            0.6599891879412516
        ],
        "distance": 15.407190378675313,
        "xpert": [
            [
                67.0,
                178.4
            ],
            [
                61.0,
                175.0
            ],
            [
                59.8,
                169.0
            ],
            [
                63.4,
                165.4
            ],
            [
                67.0,
                163.2
            ],
            [
                71.8,
                164.2
            ],
            [
                75.6,
                169.0
            ],
            [
                72.0,
                174.0
            ]
        ],
        "stack": 0,
        "shift": [
            [
                0.0,
                0.0
            ],
            [
                0.0,
                0.0
            ],
            [
                0.0,
                0.0
            ],
            [
                0.0,
                0.0
            ],
            [
                0.0,
                0.0
            ],
            [
                0.0,
                0.0
            ],
            [
                0.0,
                0.0
            ],
            [
                0.0,
                0.0
            ],
            [
                0.0,
                0.0
            ]
        ],
        "channel": 0
    },
    {
        "type": "Spine",
        "location": [
            38,
            183
        ],
        "radloc": [
            0,
            0
        ],
        "mean": [
            77.58771929824562,
            75.28947368421052,
            110.64912280701755,
            95.41228070175438,
            81.74561403508773,
            78.53508771929825,
            76.82456140350877,
            91.79824561403508
        ],
        "min": [
            12,
            10,
            20,
            14,
            14,
            12,
            11,
            8
        ],
        "max": [
            239,
            251,
            235,
            241,
            238,
            197,
            241,
            243
        ],
        "RawIntDen": [
            8845,
            8583,
            12614,
            10877,
            9319,
            8953,
            8758,
            10465
        ],
        "IntDen": [
            4378.203275505278,
            4248.515400074822,
            6243.827712518211,
            5384.026797927745,
            4612.829431818393,
            4431.66239972852,
            4335.138980992111,
            5180.090138853899
        ],
        "FlagUp": 0,
        "Times": [],
        "width": 0,
        "height": 0,
        "area": [
            0.4949918909559387,
            0.4949918909559387,
            0.4949918909559387,
            0.4949918909559387,
            0.4949918909559387,
            0.4949918909559387,
            0.4949918909559387,
            0.4949918909559387
        ],
        "distance": 18.437562276982955,
        "xpert": [
            [
                38.0,
                191.0
            ],
            [
                33.2,
                187.8
            ],
            [
                32.6,
                183.0
            ],
            [
                34.6,
                179.6
            ],
            [
                38.0,
                178.0
            ],
            [
                41.0,
                180.0
            ],
            [
                43.6,
                183.0
            ],
            [
                45.6,
                190.6
            ]
        ],
        "stack": 0,
        "shift": [
            [
                0.0,
                0.0
            ],
            [
                0.0,
                0.0
            ],
            [
                0.0,
                0.0
            ],
            [
                0.0,
                0.0
            ],
            [
                0.0,
                0.0
            ],
            [
                0.0,
                0.0
            ],
            [
                0.0,
                0.0
            ],
            [
                0.0,
                0.0
            ],
            [
                0.0,
                0.0
            ]
        ],
        "channel": 0
    },
    {
        "type": "Spine",
        "location": [
            44,
            206
        ],
        "radloc": [
            0,
            0
        ],
        "mean": [
            91.52,
            78.22,
            95.27,
            74.45,
            95.16,
            105.9,
            132.24,
            99.17
        ],
        "min": [
            14,
            8,
            14,
            10,
            14,
            15,
            35,
            12
        ],
        "max": [
            242,
            191,
            223,
            200,
            222,
            226,
            255,
            231
        ],
        "RawIntDen": [
            9152,
            7822,
            9527,
            7445,
            9516,
            10590,
            13224,
            9917
        ],
        "IntDen": [
            3973.8296368673255,
            3396.3390974187305,
            4136.655916787042,
            3232.644410672775,
            4131.87967924273,
            4598.214144932799,
            5741.905935088889,
            4305.995247903547
        ],
        "FlagUp": 0,
        "Times": [],
        "width": 0,
        "height": 0,
        "area": [
            0.4342034131192445,
            0.4342034131192445,
            0.4342034131192445,
            0.4342034131192445,
            0.4342034131192445,
            0.4342034131192445,
            0.4342034131192445,
            0.4342034131192445
        ],
        "distance": 18.39565366929439,
        "xpert": [
            [
                44.0,
                210.6
            ],
            [
                40.2,
                209.8
            ],
            [
                38.2,
                206.0
            ],
            [
                37.0,
                199.0
            ],
            [
                44.0,
                199.2
            ],
            [
                47.8,
                202.2
            ],
            [
                49.0,
                206.0
            ],
            [
                47.4,
                209.4
            ]
        ],
        "stack": 0,
        "shift": [
            [
                0.0,
                0.0
            ],
            [
                0.0,
                0.0
            ],
            [
                0.0,
                0.0
            ],
            [
                0.0,
                0.0
            ],
            [
                0.0,
                0.0
            ],
            [
                0.0,
                0.0
            ],
            [
                0.0,
                0.0
            ],
            [
                0.0,
                0.0
            ],
            [
                0.0,
                0.0
            ]
        ],
        "channel": 0
    },
    {
        "type": "Spine",
        "location": [
            26,
            217
        ],
        "radloc": [
            0,
            0
        ],
        "mean": [
            79.05172413793103,
            46.13793103448276,
            44.26724137931034,
            56.18103448275862,
            71.36206896551724,
            67.86206896551724,
            53.66379310344828,
            69.51724137931035
        ],
        "min": [
            15,
            11,
            12,
            12,
            18,
            13,
            9,
            16
        ],
        "max": [
            205,
            125,
            119,
            146,
            141,
            162,
            170,
            204
        ],
        "RawIntDen": [
            9170,
            5352,
            5135,
            6517,
            8278,
            7872,
            6225,
            8064
        ],
        "IntDen": [
            4618.708546032028,
            2695.673733736468,
            2586.3760505860914,
            3282.456226225815,
            4169.429590409282,
            3964.9371509666435,
            3135.3828461340645,
            4061.6429351365614
        ],
        "FlagUp": 0,
        "Times": [],
        "width": 0,
        "height": 0,
        "area": [
            0.5036759592183236,
            0.5036759592183236,
            0.5036759592183236,
            0.5036759592183236,
            0.5036759592183236,
            0.5036759592183236,
            0.5036759592183236,
            0.5036759592183236
        ],
        "distance": 19.901190251354404,
        "xpert": [
            [
                26.0,
                222.2
            ],
            [
                22.0,
                221.0
            ],
            [
                19.8,
                217.0
            ],
            [
                21.4,
                212.4
            ],
            [
                26.0,
                209.2
            ],
            [
                30.6,
                212.4
            ],
            [
                32.6,
                217.0
            ],
            [
                30.4,
                221.4
            ]
        ],
        "stack": 0,
        "shift": [
            [
                0.0,
                0.0
            ],
            [
                0.0,
                0.0
            ],
            [
                0.0,
                0.0
            ],
            [
                0.0,
                0.0
            ],
            [
                0.0,
                0.0
            ],
            [
                0.0,
                0.0
            ],
            [
                0.0,
                0.0
            ],
            [
                0.0,
                0.0
            ],
            [
                0.0,
                0.0
            ]
        ],
        "channel": 0
    },
    {
        "type": "Spine",
        "location": [
            14,
            202
        ],
        "radloc": [
            0,
            0
        ],
        "mean": [
            49.264150943396224,
            47.144654088050316,
            69.70440251572327,
            67.22012578616352,
            54.79874213836478,
            54.660377358490564,
            44.289308176100626,
            44.062893081761004
        ],
        "min": [
            14,
            13,
            13,
            10,
            9,
            11,
            7,
            9
        ],
        "max": [
            140,
            160,
            210,
            208,
            186,
            157,
            141,
            125
        ],
        "RawIntDen": [
            7833,
            7496,
            11083,
            10688,
            8713,
            8691,
            7042,
            7006
        ],
        "IntDen": [
            5407.773382591236,
            5175.114167739552,
            7651.519519884932,
            7378.818066275391,
            6015.310798227683,
            6000.1223628367725,
            4861.680091945294,
            4836.826288578349
        ],
        "FlagUp": 0,
        "Times": [],
        "width": 0,
        "height": 0,
        "area": [
            0.6903834268595987,
            0.6903834268595987,
            0.6903834268595987,
            0.6903834268595987,
            0.6903834268595987,
            0.6903834268595987,
            0.6903834268595987,
            0.6903834268595987
        ],
        "distance": 19.76141645391726,
        "xpert": [
            [
                14.0,
                211.2
            ],
            [
                5.8,
                210.2
            ],
            [
                8.2,
                202.0
            ],
            [
                9.6,
                197.6
            ],
            [
                14.0,
                196.8
            ],
            [
                18.4,
                197.6
            ],
            [
                21.8,
                202.0
            ],
            [
                19.2,
                207.2
            ]
        ],
        "stack": 0,
        "shift": [
            [
                0.0,
                0.0
            ],
            [
                0.0,
                0.0
            ],
            [
                0.0,
                0.0
            ],
            [
                0.0,
                0.0
            ],
            [
                0.0,
                0.0
            ],
            [
                0.0,
                0.0
            ],
            [
                0.0,
                0.0
            ],
            [
                0.0,
                0.0
            ],
            [
                0.0,
                0.0
            ]
        ],
        "channel": 0
    }
]