[
    {
        "type": "Stim",
        "location": [
            25,
            242
        ],
        "radloc": [
            0,
            0
        ],
        "mean": [
            48.14503816793893,
            57.97709923664122,
            52.13740458015267,
            63.74045801526717,
            54.13740458015267,
            47.36641221374046,
            47.54961832061068,
            62.74045801526717
        ],
        "min": [
            7,
            11,
            12,
            11,
            13,
            9,
            17,
            18
        ],
        "max": [
            145,
            179,
            148,
            163,
            129,
            147,
            123,
            144
        ],
        "RawIntDen": [
            6307,
            7595,
            6830,
            8350,
            7092,
            6205,
            6229,
            8219
        ],
        "IntDen": [
            3587.4624137714354,
            4320.085148659276,
            3884.9481982018237,
            4749.534034404865,
            4033.975493652611,
            3529.4441537104417,
            3543.095509018911,
            4675.020386679472
        ],
        "FlagUp": 0,
        "Times": [],
        "width": 0,
        "height": 0,
        "area": [
            0.5688064711862114,
            0.5688064711862114,
            0.5688064711862114,
            0.5688064711862114,
            0.5688064711862114,
            0.5688064711862114,
            0.5688064711862114,
            0.5688064711862114
        ],
        "distance": 0,
        "xpert": [
            [
                25.0,
                248.2
            ],
            [
                20.8,
                246.2
            ],
            [
                18.2,
                242.0
            ],
            [
                19.6,
                236.6
            ],
            [
                25.0,
                233.8
            ],
            [
                31.0,
                236.0
            ],
            [
                30.2,
                242.0
            ],
            [
                29.0,
                246.0
            ]
        ],
        "stack": 0,
        "shift": [
            [
                0.0,
                0.0
            ],
            [
                0.0,
                0.0
            ],
            [
                0.0,
                0.0
            ],
            [
                0.0,
                0.0
            ],
            [
                0.0,
                0.0
            ],
            [
                0.0,
                0.0
            ],
            [
                0.0,
                0.0
            ],
            [
                0.0,
                0.0
            ],
            [
                0.0,
                0.0
            ]
        ],
        "channel": 0
    },
    {
        "type": "Stim",
        "location": [
            47,
            212
        ],
        "radloc": [
            0,
            0
        ],
        "mean": [
            50.091603053435115,
            45.56488549618321,
            42.961832061068705,
            119.13740458015268,
            44.48091603053435,
            38.099236641221374,
            52.55725190839695,
            37.19847328244275
        ],
        "min": [
            8,
            7,
            7,
            44,
            9,
            6,
            7,
            6
        ],
        "max": [
            140,
            121,
            111,
            218,
            104,
            100,
            130,
            110
        ],
        "RawIntDen": [
            6562,
            5969,
            5628,
            15607,
            5827,
            4991,
            6885,
            4873
        ],
        "IntDen": [
            3732.508063923919,
            3395.2058265104956,
            3201.2428198359976,
            8877.3625958032,
            3314.435307602054,
            2838.913097690381,
            3916.2325541170653,
            2771.793934090408
        ],
        "FlagUp": 0,
        "Times": [],
        "width": 0,
        "height": 0,
        "area": [
            0.5688064711862114,
            0.5688064711862114,
            0.5688064711862114,
            0.5688064711862114,
            0.5688064711862114,
            0.5688064711862114,
            0.5688064711862114,
            0.5688064711862114
        ],
        "distance": 0,
        "xpert": [
            [
                47.0,
                219.6
            ],
            [
                40.6,
                218.4
            ],
            [
                40.4,
                212.0
            ],
            [
                43.0,
                208.0
            ],
            [
                47.0,
                205.8
            ],
            [
                50.6,
                208.4
            ],
            [
                53.2,
                212.0
            ],
            [
                52.4,
                217.4
            ]
        ],
        "stack": 0,
        "shift": [
            [
                0.0,
                0.0
            ],
            [
                0.0,
                0.0
            ],
            [
                0.0,
                0.0
            ],
            [
                0.0,
                0.0
            ],
            [
                0.0,
                0.0
            ],
            [
                0.0,
                0.0
            ],
            [
                0.0,
                0.0
            ],
            [
                0.0,
                0.0
            ],
            [
                0.0,
                0.0
            ]
        ],
        "channel": 0
    },
    {
        "type": "Stim",
        "location": [
            56,
            264
        ],
        "radloc": [
            0,
            0
        ],
        "mean": [
            36.69672131147541,
            24.65573770491803,
            25.19672131147541,
            89.82786885245902,
            30.852459016393443,
            32.84426229508197,
            32.83606557377049,
            28.762295081967213
        ],
        "min": [
            7,
            4,
            6,
            41,
            7,
            5,
            6,
            7
        ],
        "max": [
            117,
            85,
            82,
            177,
            68,
            92,
            88,
            86
        ],
        "RawIntDen": [
            4477,
            3008,
            3074,
            10959,
            3764,
            4007,
            4006,
            3509
        ],
        "IntDen": [
            2371.592990252531,
            1593.4223173284818,
            1628.3843761528435,
            5805.290949336048,
            1993.896809316624,
            2122.6207531699556,
            2122.09102500595,
            1858.816127495227
        ],
        "FlagUp": 0,
        "Times": [],
        "width": 0,
        "height": 0,
        "area": [
            0.5297281640054793,
            0.5297281640054793,
            0.5297281640054793,
            0.5297281640054793,
            0.5297281640054793,
            0.5297281640054793,
            0.5297281640054793,
            0.5297281640054793
        ],
        "distance": 0,
        "xpert": [
            [
                56.0,
                270.0
            ],
            [
                51.0,
                269.0
            ],
            [
                47.4,
                264.0
            ],
            [
                50.4,
                258.4
            ],
            [
                56.0,
                256.0
            ],
            [
                59.4,
                260.6
            ],
            [
                60.6,
                264.0
            ],
            [
                59.8,
                267.8
            ]
        ],
        "stack": 0,
        "shift": [
            [
                0.0,
                0.0
            ],
            [
                0.0,
                0.0
            ],
            [
                0.0,
                0.0
            ],
            [
                0.0,
                0.0
            ],
            [
                0.0,
                0.0
            ],
            [
                0.0,
                0.0
            ],
            [
                0.0,
                0.0
            ],
            [
                0.0,
                0.0
            ],
            [
                0.0,
                0.0
            ]
        ],
        "channel": 0
    },
    {
        "type": "Spine",
        "location": [
            56,
            231
        ],
        "radloc": [
            0,
            0
        ],
        "mean": [
            87.93959731543625,
            89.41610738255034,
            87.77852348993288,
            99.39597315436242,
            74.33557046979865,
            79.65771812080537,
            74.74496644295301,
            63.0
        ],
        "min": [
            17,
            15,
            16,
            28,
            12,
            11,
            14,
            8
        ],
        "max": [
            194,
            180,
            184,
            209,
            149,
            170,
            175,
            132
        ],
        "RawIntDen": [
            13103,
            13323,
            13079,
            14810,
            11076,
            11869,
            11137,
            9387
        ],
        "IntDen": [
            8477.157309931194,
            8619.489188751682,
            8461.63019587805,
            9581.523296961075,
            7165.763135526055,
            7678.804862365361,
            7205.227883744463,
            6073.04248403603
        ],
        "FlagUp": 0,
        "Times": [],
        "width": 0,
        "height": 0,
        "area": [
            0.6469630855476756,
            0.6469630855476756,
            0.6469630855476756,
            0.6469630855476756,
            0.6469630855476756,
            0.6469630855476756,
            0.6469630855476756,
            0.6469630855476756
        ],
        "distance": -0.929217868228075,
        "xpert": [
            [
                56.0,
                241.0
            ],
            [
                48.2,
                238.8
            ],
            [
                50.2,
                231.0
            ],
            [
                51.6,
                226.6
            ],
            [
                56.0,
                226.2
            ],
            [
                60.0,
                227.0
            ],
            [
                61.2,
                231.0
            ],
            [
                62.0,
                237.0
            ]
        ],
        "stack": 0,
        "shift": [
            [
                0.0,
                0.0
            ],
            [
                0.0,
                0.0
            ],
            [
                0.0,
                0.0
            ],
            [
                0.0,
                0.0
            ],
            [
                0.0,
                0.0
            ],
            [
                0.0,
                0.0
            ],
            [
                0.0,
                0.0
            ],
            [
                0.0,
                0.0
            ],
            [
                0.0,
                0.0
            ]
        ],
        "channel": 0
    },
    {
        "type": "Spine",
        "location": [
            13,
            239
        ],
        "radloc": [
            0,
            0
        ],
        "mean": [
            64.1655172413793,
            50.91034482758621,
            47.275862068965516,
            43.87586206896552,
            43.38620689655173,
            46.820689655172416,
            51.66206896551724,
            55.744827586206895
        ],
        "min": [
            11,
            11,
            8,
            9,
            11,
            10,
            17,
            14
        ],
        "max": [
            139,
            155,
            125,
            124,
            116,
            130,
            126,
            136
        ],
        "RawIntDen": [
            9304,
            7382,
            6855,
            6362,
            6291,
            6789,
            7491,
            8083
        ],
        "IntDen": [
            5857.751405709115,
            4647.66991368709,
            4315.873375552019,
            4005.483065683726,
            3960.7818243031,
            4274.320108916507,
            4716.295763130587,
            5089.015972952147
        ],
        "FlagUp": 0,
        "Times": [],
        "width": 0,
        "height": 0,
        "area": [
            0.6295949490229057,
            0.6295949490229057,
            0.6295949490229057,
            0.6295949490229057,
            0.6295949490229057,
            0.6295949490229057,
            0.6295949490229057,
            0.6295949490229057
        ],
        "distance": 0.79068,
        "xpert": [
            [
                13.0,
                244.6
            ],
            [
                8.6,
                243.4
            ],
            [
                7.4,
                239.0
            ],
            [
                5.8,
                231.8
            ],
            [
                13.0,
                231.8
            ],
            [
                19.4,
                232.6
            ],
            [
                19.4,
                239.0
            ],
            [
                17.6,
                243.6
            ]
        ],
        "stack": 0,
        "shift": [
            [
                0.0,
                0.0
            ],
            [
                0.0,
                0.0
            ],
            [
                0.0,
                0.0
            ],
            [
                0.0,
                0.0
            ],
            [
                0.0,
                0.0
            ],
            [
                0.0,
                0.0
            ],
            [
                0.0,
                0.0
            ],
            [
                0.0,
                0.0
            ],
            [
                0.0,
                0.0
            ]
        ],
        "channel": 0
    },
    {
        "type": "Spine",
        "location": [
            82,
            258
        ],
        "radloc": [
            0,
            0
        ],
        "mean": [
            80.97419354838709,
            93.33548387096774,
            89.83870967741936,
            81.59354838709677,
            77.4258064516129,
            103.89677419354838,
            105.67096774193548,
            104.21935483870968
        ],
        "min": [
            19,
            17,
            18,
            13,
            18,
            30,
            41,
            30
        ],
        "max": [
            202,
            209,
            227,
            193,
            191,
            216,
            230,
            212
        ],
        "RawIntDen": [
            12551,
            14467,
            13925,
            12647,
            12001,
            16104,
            16379,
            16154
        ],
        "IntDen": [
            8447.014908992454,
            9736.51220527399,
            9371.737917912511,
            8511.624376864598,
            8076.856499308298,
            10838.238235552108,
            11023.317440394185,
            10871.889000068848
        ],
        "FlagUp": 0,
        "Times": [],
        "width": 0,
        "height": 0,
        "area": [
            0.6730152903348303,
            0.6730152903348303,
            0.6730152903348303,
            0.6730152903348303,
            0.6730152903348303,
            0.6730152903348303,
            0.6730152903348303,
            0.6730152903348303
        ],
        "distance": 1.458512240410804,
        "xpert": [
            [
                82.0,
                264.0
            ],
            [
                77.6,
                262.4
            ],
            [
                73.2,
                258.0
            ],
            [
                72.8,
                248.8
            ],
            [
                82.0,
                252.8
            ],
            [
                85.4,
                254.6
            ],
            [
                91.6,
                258.0
            ],
            [
                86.4,
                262.4
            ]
        ],
        "stack": 0,
        "shift": [
            [
                0.0,
                0.0
            ],
            [
                0.0,
                0.0
            ],
            [
                0.0,
                0.0
            ],
            [
                0.0,
                0.0
            ],
            [
                0.0,
                0.0
            ],
            [
                0.0,
                0.0
            ],
            [
                0.0,
                0.0
            ],
            [
                0.0,
                0.0
            ],
            [
                0.0,
                0.0
            ]
        ],
        "channel": 0
    },
    {
        "type": "Spine",
        "location": [
            95,
            233
        ],
        "radloc": [
            0,
            0
        ],
        "mean": [
            22.383333333333333,
            35.141666666666666,
            28.925,
            27.625,
            27.958333333333332,
            23.083333333333332,
            24.258333333333333,
            20.708333333333332
        ],
        "min": [
            8,
            7,
            8,
            7,
            6,
            5,
            6,
            6
        ],
        "max": [
            62,
            81,
            72,
            69,
            65,
            56,
            67,
            48
        ],
        "RawIntDen": [
            2686,
            4217,
            3471,
            3315,
            3355,
            2770,
            2911,
            2485
        ],
        "IntDen": [
            1399.5244411659517,
            2197.242951748629,
            1808.5440563242807,
            1727.261177388358,
            1748.1029412180817,
            1443.2921452083715,
            1516.7593627081478,
            1294.7945779215895
        ],
        "FlagUp": 0,
        "Times": [],
        "width": 0,
        "height": 0,
        "area": [
            0.5210440957430944,
            0.5210440957430944,
            0.5210440957430944,
            0.5210440957430944,
            0.5210440957430944,
            0.5210440957430944,
            0.5210440957430944,
            0.5210440957430944
        ],
        "distance": 1.4949353366033116,
        "xpert": [
            [
                95.0,
                244.4
            ],
            [
                91.0,
                237.0
            ],
            [
                88.2,
                233.0
            ],
            [
                89.4,
                227.4
            ],
            [
                95.0,
                228.2
            ],
            [
                98.6,
                229.4
            ],
            [
                100.6,
                233.0
            ],
            [
                99.4,
                237.4
            ]
        ],
        "stack": 0,
        "shift": [
            [
                0.0,
                0.0
            ],
            [
                0.0,
                0.0
            ],
            [
                0.0,
                0.0
            ],
            [
                0.0,
                0.0
            ],
            [
                0.0,
                0.0
            ],
            [
                0.0,
                0.0
            ],
            [
                0.0,
                0.0
            ],
            [
                0.0,
                0.0
            ],
            [
                0.0,
                0.0
            ]
        ],
        "channel": 0
    },
    {
        "type": "Spine",
        "location": [
            142,
            253
        ],
        "radloc": [
            0,
            0
        ],
        "mean": [
            88.05785123966942,
            53.429752066115704,
            68.73553719008264,
            62.46280991735537,
            81.90082644628099,
            67.97520661157024,
            54.19834710743802,
            54.90909090909091
        ],
        "min": [
            19,
            11,
            12,
            10,
            17,
            14,
            11,
            10
        ],
        "max": [
            206,
            184,
            187,
            217,
            182,
            168,
            181,
            139
        ],
        "RawIntDen": [
            10655,
            6465,
            8317,
            7558,
            9910,
            8225,
            6558,
            6644
        ],
        "IntDen": [
            5597.989213810527,
            3396.6213296372644,
            4369.636442164444,
            3970.8683695898603,
            5206.576547054183,
            4321.300918216009,
            3445.482239715573,
            3490.665446884762
        ],
        "FlagUp": 0,
        "Times": [],
        "width": 0,
        "height": 0,
        "area": [
            0.5253861298742869,
            0.5253861298742869,
            0.5253861298742869,
            0.5253861298742869,
            0.5253861298742869,
            0.5253861298742869,
            0.5253861298742869,
            0.5253861298742869
        ],
        "distance": 5.807146952821374,
        "xpert": [
            [
                142.0,
                260.4
            ],
            [
                136.0,
                259.0
            ],
            [
                136.6,
                253.0
            ],
            [
                137.8,
                248.8
            ],
            [
                142.0,
                248.2
            ],
            [
                145.4,
                249.6
            ],
            [
                148.0,
                253.0
            ],
            [
                148.2,
                259.2
            ]
        ],
        "stack": 0,
        "shift": [
            [
                0.0,
                0.0
            ],
            [
                0.0,
                0.0
            ],
            [
                0.0,
                0.0
            ],
            [
                0.0,
                0.0
            ],
            [
                0.0,
                0.0
            ],
            [
                0.0,
                0.0
            ],
            [
                0.0,
                0.0
            ],
            [
                0.0,
                0.0
            ],
            [
                0.0,
                0.0
            ]
        ],
        "channel": 0
    },
    {
        "type": "Spine",
        "location": [
            172,
            269
        ],
        "radloc": [
            0,
            0
        ],
        "mean": [
            69.35483870967742,
            80.08064516129032,
            63.96774193548387,
            80.69354838709677,
            66.89516129032258,
            55.306451612903224,
            61.12903225806452,
            55.806451612903224
        ],
        "min": [
            14,
            17,
            8,
            20,
            18,
            14,
            17,
            13
        ],
        "max": [
            181,
            162,
            139,
            177,
            152,
            122,
            132,
            135
        ],
        "RawIntDen": [
            8600,
            9930,
            7932,
            10006,
            8295,
            6858,
            7580,
            6920
        ],
        "IntDen": [
            4630.345197503632,
            5346.433466419891,
            4270.685826348699,
            5387.3527960722495,
            4466.129466661933,
            3692.4310888930127,
            4081.164720590411,
            3725.8126472936206
        ],
        "FlagUp": 0,
        "Times": [],
        "width": 0,
        "height": 0,
        "area": [
            0.5384122322678643,
            0.5384122322678643,
            0.5384122322678643,
            0.5384122322678643,
            0.5384122322678643,
            0.5384122322678643,
            0.5384122322678643,
            0.5384122322678643
        ],
        "distance": 7.848570447424676,
        "xpert": [
            [
                172.0,
                275.0
            ],
            [
                167.4,
                273.6
            ],
            [
                163.8,
                269.0
            ],
            [
                167.4,
                264.4
            ],
            [
                172.0,
                263.8
            ],
            [
                176.2,
                264.8
            ],
            [
                179.2,
                269.0
            ],
            [
                177.4,
                274.4
            ]
        ],
        "stack": 0,
        "shift": [
            [
                0.0,
                0.0
            ],
            [
                0.0,
                0.0
            ],
            [
                0.0,
                0.0
            ],
            [
                0.0,
                0.0
            ],
            [
                0.0,
                0.0
            ],
            [
                0.0,
                0.0
            ],
            [
                0.0,
                0.0
            ],
            [
                0.0,
                0.0
            ],
            [
                0.0,
                0.0
            ]
        ],
        "channel": 0
    },
    {
        "type": "Spine",
        "location": [
            185,
            267
        ],
        "radloc": [
            0,
            0
        ],
        "mean": [
            51.07964601769911,
            58.61946902654867,
            47.19469026548673,
            61.769911504424776,
            53.63716814159292,
            53.530973451327434,
            101.40707964601769,
            61.442477876106196
        ],
        "min": [
            11,
            16,
            14,
            11,
            10,
            8,
            24,
            15
        ],
        "max": [
            133,
            132,
            117,
            145,
            148,
            148,
            207,
            138
        ],
        "RawIntDen": [
            5772,
            6624,
            5333,
            6980,
            6061,
            6049,
            11459,
            6943
        ],
        "IntDen": [
            2832.030973592441,
            3250.0646516071256,
            2616.635686446377,
            3424.7360006367358,
            2973.828782214793,
            2967.940983932896,
            5622.356709354779,
            3406.58195593422
        ],
        "FlagUp": 0,
        "Times": [],
        "width": 0,
        "height": 0,
        "area": [
            0.4906498568247472,
            0.4906498568247472,
            0.4906498568247472,
            0.4906498568247472,
            0.4906498568247472,
            0.4906498568247472,
            0.4906498568247472,
            0.4906498568247472
        ],
        "distance": 8.705140447424675,
        "xpert": [
            [
                185.0,
                272.4
            ],
            [
                179.2,
                272.8
            ],
            [
                178.4,
                267.0
            ],
            [
                181.2,
                263.2
            ],
            [
                185.0,
                261.8
            ],
            [
                190.2,
                261.8
            ],
            [
                191.2,
                267.0
            ],
            [
                189.0,
                271.0
            ]
        ],
        "stack": 0,
        "shift": [
            [
                0.0,
                0.0
            ],
            [
                0.0,
                0.0
            ],
            [
                0.0,
                0.0
            ],
            [
                0.0,
                0.0
            ],
            [
                0.0,
                0.0
            ],
            [
                0.0,
                0.0
            ],
            [
                0.0,
                0.0
            ],
            [
                0.0,
                0.0
            ],
            [
                0.0,
                0.0
            ]
        ],
        "channel": 0
    },
    {
        "type": "Spine",
        "location": [
            218,
            252
        ],
        "radloc": [
            0,
            0
        ],
        "mean": [
            68.43801652892562,
            83.6694214876033,
            71.35537190082644,
            71.1900826446281,
            84.6694214876033,
            67.47933884297521,
            62.710743801652896,
            65.07438016528926
        ],
        "min": [
            19,
            24,
            16,
            14,
            18,
            12,
            13,
            11
        ],
        "max": [
            113,
            149,
            147,
            139,
            178,
            140,
            145,
            161
        ],
        "RawIntDen": [
            8281,
            10124,
            8634,
            8614,
            10245,
            8165,
            7588,
            7874
        ],
        "IntDen": [
            4350.72254148897,
            5319.00917884728,
            4536.183845334593,
            4525.676122737107,
            5382.580900562069,
            4289.777750423552,
            3986.6299534860887,
            4136.890386630134
        ],
        "FlagUp": 0,
        "Times": [],
        "width": 0,
        "height": 0,
        "area": [
            0.5253861298742869,
            0.5253861298742869,
            0.5253861298742869,
            0.5253861298742869,
            0.5253861298742869,
            0.5253861298742869,
            0.5253861298742869,
            0.5253861298742869
        ],
        "distance": 10.879510447424686,
        "xpert": [
            [
                218.0,
                256.8
            ],
            [
                213.6,
                256.4
            ],
            [
                209.6,
                252.0
            ],
            [
                214.0,
                248.0
            ],
            [
                218.0,
                247.2
            ],
            [
                223.4,
                246.6
            ],
            [
                226.6,
                252.0
            ],
            [
                222.4,
                256.4
            ]
        ],
        "stack": 0,
        "shift": [
            [
                0.0,
                0.0
            ],
            [
                0.0,
                0.0
            ],
            [
                0.0,
                0.0
            ],
            [
                0.0,
                0.0
            ],
            [
                0.0,
                0.0
            ],
            [
                0.0,
                0.0
            ],
            [
                0.0,
                0.0
            ],
            [
                0.0,
                0.0
            ],
            [
                0.0,
                0.0
            ]
        ],
        "channel": 0
    },
    {
        "type": "Spine",
        "location": [
            229,
            297
        ],
        "radloc": [
            0,
            0
        ],
        "mean": [
            18.520408163265305,
            17.010204081632654,
            23.622448979591837,
            19.29591836734694,
            15.66326530612245,
            22.683673469387756,
            31.744897959183675,
            20.5
        ],
        "min": [
            5,
            5,
            6,
            7,
            5,
            7,
            8,
            7
        ],
        "max": [
            61,
            47,
            65,
            61,
            36,
            48,
            73,
            45
        ],
        "RawIntDen": [
            1815,
            1667,
            2315,
            1891,
            1535,
            2223,
            3111,
            2009
        ],
        "IntDen": [
            772.3176109152017,
            709.3407478763863,
            985.077283343632,
            804.6570811243231,
            653.1721943552808,
            945.9295036168007,
            1323.7906818496929,
            854.8683638174326
        ],
        "FlagUp": 0,
        "Times": [],
        "width": 0,
        "height": 0,
        "area": [
            0.42551934485686044,
            0.42551934485686044,
            0.42551934485686044,
            0.42551934485686044,
            0.42551934485686044,
            0.42551934485686044,
            0.42551934485686044,
            0.42551934485686044
        ],
        "distance": 12.524514596060866,
        "xpert": [
            [
                229.0,
                301.0
            ],
            [
                225.2,
                300.8
            ],
            [
                223.6,
                297.0
            ],
            [
                225.0,
                293.0
            ],
            [
                229.0,
                288.4
            ],
            [
                235.4,
                290.6
            ],
            [
                233.4,
                297.0
            ],
            [
                231.8,
                299.8
            ]
        ],
        "stack": 0,
        "shift": [
            [
                0.0,
                0.0
            ],
            [
                0.0,
                0.0
            ],
            [
                0.0,
                0.0
            ],
            [
                0.0,
                0.0
            ],
            [
                0.0,
                0.0
            ],
            [
                0.0,
                0.0
            ],
            [
                0.0,
                0.0
            ],
            [
                0.0,
                0.0
            ],
            [
                0.0,
                0.0
            ]
        ],
        "channel": 0
    },
    {
        "type": "Spine",
        "location": [
            264,
            289
        ],
        "radloc": [
            0,
            0
        ],
        "mean": [
            75.09734513274336,
            69.06194690265487,
            76.83185840707965,
            80.80530973451327,
            56.70796460176991,
            62.04424778761062,
            62.50442477876106,
            55.92920353982301
        ],
        "min": [
            12,
            12,
            22,
            18,
            13,
            15,
            14,
            16
        ],
        "max": [
            154,
            148,
            196,
            175,
            122,
            133,
            154,
            114
        ],
        "RawIntDen": [
            8486,
            7804,
            8682,
            9131,
            6408,
            7011,
            7063,
            6320
        ],
        "IntDen": [
            4163.654685014805,
            3829.0314826603276,
            4259.822056952456,
            4480.123842666767,
            3144.08428253298,
            3439.946146198303,
            3465.45993875319,
            3100.9070951324024
        ],
        "FlagUp": 0,
        "Times": [],
        "width": 0,
        "height": 0,
        "area": [
            0.4906498568247472,
            0.4906498568247472,
            0.4906498568247472,
            0.4906498568247472,
            0.4906498568247472,
            0.4906498568247472,
            0.4906498568247472,
            0.4906498568247472
        ],
        "distance": 14.347130953420907,
        "xpert": [
            [
                264.0,
                295.2
            ],
            [
                257.8,
                295.2
            ],
            [
                258.4,
                289.0
            ],
            [
                260.6,
                285.6
            ],
            [
                264.0,
                283.8
            ],
            [
                268.2,
                284.8
            ],
            [
                271.2,
                289.0
            ],
            [
                268.6,
                293.6
            ]
        ],
        "stack": 0,
        "shift": [
            [
                0.0,
                0.0
            ],
            [
                0.0,
                0.0
            ],
            [
                0.0,
                0.0
            ],
            [
                0.0,
                0.0
            ],
            [
                0.0,
                0.0
            ],
            [
                0.0,
                0.0
            ],
            [
                0.0,
                0.0
            ],
            [
                0.0,
                0.0
            ],
            [
                0.0,
                0.0
            ]
        ],
        "channel": 0
    },
    {
        "type": "Spine",
        "location": [
            278,
            284
        ],
        "radloc": [
            0,
            0
        ],
        "mean": [
            55.83916083916084,
            49.86013986013986,
            72.5104895104895,
            54.48251748251748,
            49.74825174825175,
            54.85314685314685,
            55.12587412587413,
            60.14685314685315
        ],
        "min": [
            16,
            14,
            20,
            11,
            15,
            24,
            20,
            27
        ],
        "max": [
            107,
            128,
            154,
            117,
            90,
            109,
            110,
            122
        ],
        "RawIntDen": [
            7985,
            7130,
            10369,
            7791,
            7114,
            7844,
            7883,
            8601
        ],
        "IntDen": [
            4957.9733828727585,
            4427.094579822514,
            6438.22492260584,
            4837.5166720052175,
            4417.160005730345,
            4870.424948685525,
            4894.640473035186,
            5340.45448542124
        ],
        "FlagUp": 0,
        "Times": [],
        "width": 0,
        "height": 0,
        "area": [
            0.6209108807605208,
            0.6209108807605208,
            0.6209108807605208,
            0.6209108807605208,
            0.6209108807605208,
            0.6209108807605208,
            0.6209108807605208,
            0.6209108807605208
        ],
        "distance": 15.269590953420913,
        "xpert": [
            [
                278.0,
                292.4
            ],
            [
                273.8,
                288.2
            ],
            [
                270.4,
                284.0
            ],
            [
                272.8,
                278.8
            ],
            [
                278.0,
                278.2
            ],
            [
                283.2,
                278.8
            ],
            [
                284.8,
                284.0
            ],
            [
                283.6,
                289.6
            ]
        ],
        "stack": 0,
        "shift": [
            [
                0.0,
                0.0
            ],
            [
                0.0,
                0.0
            ],
            [
                0.0,
                0.0
            ],
            [
                0.0,
                0.0
            ],
            [
                0.0,
                0.0
            ],
            [
                0.0,
                0.0
            ],
            [
                0.0,
                0.0
            ],
            [
                0.0,
                0.0
            ],
            [
                0.0,
                0.0
            ]
        ],
        "channel": 0
    },
    {
        "type": "Spine",
        "location": [
            327,
            243
        ],
        "radloc": [
            0,
            0
        ],
        "mean": [
            49.87786259541985,
            38.29007633587786,
            41.770992366412216,
            40.656488549618324,
            33.64885496183206,
            37.76335877862596,
            34.458015267175576,
            47.19083969465649
        ],
        "min": [
            7,
            10,
            10,
            10,
            9,
            10,
            8,
            11
        ],
        "max": [
            139,
            99,
            109,
            103,
            75,
            106,
            84,
            114
        ],
        "RawIntDen": [
            6534,
            5016,
            5472,
            5326,
            4408,
            4947,
            4514,
            6182
        ],
        "IntDen": [
            3716.5814827307054,
            2853.1332594700366,
            3112.509010330949,
            3029.463265537762,
            2507.2989249888196,
            2813.8856129581877,
            2567.5924109345583,
            3516.3616048731587
        ],
        "FlagUp": 0,
        "Times": [],
        "width": 0,
        "height": 0,
        "area": [
            0.5688064711862114,
            0.5688064711862114,
            0.5688064711862114,
            0.5688064711862114,
            0.5688064711862114,
            0.5688064711862114,
            0.5688064711862114,
            0.5688064711862114
        ],
        "distance": 19.46668411754094,
        "xpert": [
            [
                327.0,
                249.6
            ],
            [
                321.6,
                248.4
            ],
            [
                320.2,
                243.0
            ],
            [
                322.8,
                238.8
            ],
            [
                327.0,
                237.6
            ],
            [
                331.4,
                238.6
            ],
            [
                333.6,
                243.0
            ],
            [
                333.4,
                249.4
            ]
        ],
        "stack": 0,
        "shift": [
            [
                0.0,
                0.0
            ],
            [
                0.0,
                0.0
            ],
            [
                0.0,
                0.0
            ],
            [
                0.0,
                0.0
            ],
            [
                0.0,
                0.0
            ],
            [
                0.0,
                0.0
            ],
            [
                0.0,
                0.0
            ],
            [
                0.0,
                0.0
            ],
            [
                0.0,
                0.0
            ]
        ],
        "channel": 0
    },
    {
        "type": "Spine",
        "location": [
            347,
            265
        ],
        "radloc": [
            0,
            0
        ],
        "mean": [
            85.38970588235294,
            77.38235294117646,
            72.13970588235294,
            72.7279411764706,
            58.69117647058823,
            64.7279411764706,
            52.419117647058826,
            56.338235294117645
        ],
        "min": [
            15,
            13,
            10,
            13,
            10,
            17,
            10,
            11
        ],
        "max": [
            184,
            185,
            178,
            175,
            155,
            154,
            154,
            147
        ],
        "RawIntDen": [
            11613,
            10524,
            9811,
            9891,
            7982,
            8803,
            7129,
            7662
        ],
        "IntDen": [
            6857.669761713163,
            6214.597138747035,
            5793.558773113566,
            5840.80010446094,
            4713.50383518423,
            5198.317998136655,
            4209.793139692856,
            4524.538509794735
        ],
        "FlagUp": 0,
        "Times": [],
        "width": 0,
        "height": 0,
        "area": [
            0.5905166418421737,
            0.5905166418421737,
            0.5905166418421737,
            0.5905166418421737,
            0.5905166418421737,
            0.5905166418421737,
            0.5905166418421737,
            0.5905166418421737
        ],
        "distance": 20.416436649165707,
        "xpert": [
            [
                347.0,
                271.8
            ],
            [
                342.4,
                269.6
            ],
            [
                337.6,
                265.0
            ],
            [
                341.8,
                259.8
            ],
            [
                347.0,
                259.8
            ],
            [
                351.8,
                260.2
            ],
            [
                353.8,
                265.0
            ],
            [
                351.6,
                269.6
            ]
        ],
        "stack": 0,
        "shift": [
            [
                0.0,
                0.0
            ],
            [
                0.0,
                0.0
            ],
            [
                0.0,
                0.0
            ],
            [
                0.0,
                0.0
            ],
            [
                0.0,
                0.0
            ],
            [
                0.0,
                0.0
            ],
            [
                0.0,
                0.0
            ],
            [
                0.0,
                0.0
            ],
            [
                0.0,
                0.0
            ]
        ],
        "channel": 0
    },
    {
        "type": "Spine",
        "location": [
            361,
            264
        ],
        "radloc": [
            0,
            0
        ],
        "mean": [
            61.69465648854962,
            91.46564885496183,
            70.0,
            66.46564885496183,
            61.86259541984733,
            95.54961832061069,
            69.74809160305344,
            63.045801526717554
        ],
        "min": [
            12,
            19,
            14,
            9,
            10,
            20,
            8,
            8
        ],
        "max": [
            157,
            185,
            174,
            133,
            131,
            172,
            162,
            128
        ],
        "RawIntDen": [
            8082,
            11982,
            9170,
            8707,
            8104,
            12517,
            9137,
            8259
        ],
        "IntDen": [
            4597.093900126961,
            6815.439137753185,
            5215.955340777558,
            4952.597944618343,
            4609.607642493057,
            7119.750599837808,
            5197.184727228414,
            4697.77264552692
        ],
        "FlagUp": 0,
        "Times": [],
        "width": 0,
        "height": 0,
        "area": [
            0.5688064711862114,
            0.5688064711862114,
            0.5688064711862114,
            0.5688064711862114,
            0.5688064711862114,
            0.5688064711862114,
            0.5688064711862114,
            0.5688064711862114
        ],
        "distance": 21.366189180790478,
        "xpert": [
            [
                361.0,
                270.2
            ],
            [
                355.2,
                269.8
            ],
            [
                353.2,
                264.0
            ],
            [
                355.8,
                258.8
            ],
            [
                361.0,
                258.8
            ],
            [
                365.4,
                259.6
            ],
            [
                367.2,
                264.0
            ],
            [
                366.0,
                269.0
            ]
        ],
        "stack": 0,
        "shift": [
            [
                0.0,
                0.0
            ],
            [
                0.0,
                0.0
            ],
            [
                0.0,
                0.0
            ],
            [
                0.0,
                0.0
            ],
            [
                0.0,
                0.0
            ],
            [
                0.0,
                0.0
            ],
            [
                0.0,
                0.0
            ],
            [
                0.0,
                0.0
            ],
            [
                0.0,
                0.0
            ]
        ],
        "channel": 0
    },
    {
        "type": "Spine",
        "location": [
            371,
            240
        ],
        "radloc": [
            0,
            0
        ],
        "mean": [
            56.82442748091603,
            75.10687022900764,
            83.16793893129771,
            77.12977099236642,
            64.6793893129771,
            54.86259541984733,
            74.82442748091603,
            68.1526717557252
        ],
        "min": [
            13,
            14,
            20,
            21,
            14,
            17,
            21,
            19
        ],
        "max": [
            159,
            173,
            168,
            171,
            125,
            109,
            142,
            131
        ],
        "RawIntDen": [
            7444,
            9839,
            10895,
            10104,
            8473,
            7187,
            9802,
            8928
        ],
        "IntDen": [
            4234.195371510157,
            5596.486870001134,
            6197.146503573773,
            5747.22058486548,
            4819.497230360769,
            4088.012108415301,
            5575.4410305672445,
            5078.304174750496
        ],
        "FlagUp": 0,
        "Times": [],
        "width": 0,
        "height": 0,
        "area": [
            0.5688064711862114,
            0.5688064711862114,
            0.5688064711862114,
            0.5688064711862114,
            0.5688064711862114,
            0.5688064711862114,
            0.5688064711862114,
            0.5688064711862114
        ],
        "distance": 22.778543231225726,
        "xpert": [
            [
                371.0,
                248.4
            ],
            [
                363.8,
                247.2
            ],
            [
                364.8,
                240.0
            ],
            [
                367.4,
                236.4
            ],
            [
                371.0,
                234.0
            ],
            [
                375.0,
                236.0
            ],
            [
                377.0,
                240.0
            ],
            [
                375.4,
                244.4
            ]
        ],
        "stack": 0,
        "shift": [
            [
                0.0,
                0.0
            ],
            [
                0.0,
                0.0
            ],
            [
                0.0,
                0.0
            ],
            [
                0.0,
                0.0
            ],
            [
                0.0,
                0.0
            ],
            [
                0.0,
                0.0
            ],
            [
                0.0,
                0.0
            ],
            [
                0.0,
                0.0
            ],
            [
                0.0,
                0.0
            ]
        ],
        "channel": 0
    },
    {
        "type": "Spine",
        "location": [
            374,
            230
        ],
        "radloc": [
            0,
            0
        ],
        "mean": [
            37.598684210526315,
            41.38157894736842,
            42.44736842105263,
            47.31578947368421,
            37.61842105263158,
            42.875,
            43.578947368421055,
            48.651315789473685
        ],
        "min": [
            8,
            8,
            11,
            12,
            9,
            11,
            7,
            7
        ],
        "max": [
            125,
            101,
            115,
            119,
            107,
            96,
            126,
            129
        ],
        "RawIntDen": [
            5715,
            6290,
            6452,
            7192,
            5718,
            6517,
            6624,
            7395
        ],
        "IntDen": [
            3771.8382090842606,
            4151.331992150481,
            4258.2502405969635,
            4746.642239673491,
            3773.8181766480843,
            4301.149537813145,
            4371.768380922859,
            4880.620044825565
        ],
        "FlagUp": 0,
        "Times": [],
        "width": 0,
        "height": 0,
        "area": [
            0.6599891879412529,
            0.6599891879412529,
            0.6599891879412529,
            0.6599891879412529,
            0.6599891879412529,
            0.6599891879412529,
            0.6599891879412529,
            0.6599891879412529
        ],
        "distance": 23.15458449703811,
        "xpert": [
            [
                374.0,
                236.0
            ],
            [
                369.2,
                234.8
            ],
            [
                367.2,
                230.0
            ],
            [
                370.6,
                226.6
            ],
            [
                374.0,
                224.4
            ],
            [
                378.4,
                225.6
            ],
            [
                388.2,
                230.0
            ],
            [
                380.0,
                236.0
            ]
        ],
        "stack": 0,
        "shift": [
            [
                0.0,
                0.0
            ],
            [
                0.0,
                0.0
            ],
            [
                0.0,
                0.0
            ],
            [
                0.0,
                0.0
            ],
            [
                0.0,
                0.0
            ],
            [
                0.0,
                0.0
            ],
            [
                0.0,
                0.0
            ],
            [
                0.0,
                0.0
            ],
            [
                0.0,
                0.0
            ]
        ],
        "channel": 0
    },
    {
        "type": "Spine",
        "location": [
            411,
            227
        ],
        "radloc": [
            0,
            0
        ],
        "mean": [
            42.04545454545455,
            38.59090909090909,
            42.89772727272727,
            44.60227272727273,
            37.10227272727273,
            34.67613636363637,
            32.77840909090909,
            36.71022727272727
        ],
        "min": [
            8,
            9,
            8,
            10,
            7,
            6,
            5,
            6
        ],
        "max": [
            129,
            108,
            117,
            120,
            94,
            108,
            90,
            91
        ],
        "RawIntDen": [
            7400,
            6792,
            7550,
            7850,
            6530,
            6103,
            5769,
            6461
        ],
        "IntDen": [
            5655.065252465051,
            5190.432864154409,
            5769.694953528532,
            5998.954355655494,
            4990.212986296863,
            4663.900437269488,
            4408.65830290147,
            4937.483323807662
        ],
        "FlagUp": 0,
        "Times": [],
        "width": 0,
        "height": 0,
        "area": [
            0.7641980070898718,
            0.7641980070898718,
            0.7641980070898718,
            0.7641980070898718,
            0.7641980070898718,
            0.7641980070898718,
            0.7641980070898718,
            0.7641980070898718
        ],
        "distance": 25.0154920919124,
        "xpert": [
            [
                411.0,
                234.8
            ],
            [
                401.8,
                236.2
            ],
            [
                404.2,
                227.0
            ],
            [
                406.4,
                222.4
            ],
            [
                411.0,
                221.2
            ],
            [
                415.4,
                222.6
            ],
            [
                419.2,
                227.0
            ],
            [
                418.6,
                234.6
            ]
        ],
        "stack": 0,
        "shift": [
            [
                0.0,
                0.0
            ],
            [
                0.0,
                0.0
            ],
            [
                0.0,
                0.0
            ],
            [
                0.0,
                0.0
            ],
            [
                0.0,
                0.0
            ],
            [
                0.0,
                0.0
            ],
            [
                0.0,
                0.0
            ],
            [
                0.0,
                0.0
            ],
            [
                0.0,
                0.0
            ]
        ],
        "channel": 0
    },
    {
        "type": "Spine",
        "location": [
            415,
            260
        ],
        "radloc": [
            0,
            0
        ],
        "mean": [
            39.02127659574468,
            43.36879432624114,
            42.843971631205676,
            42.87234042553192,
            45.91489361702128,
            41.43262411347518,
            37.97872340425532,
            35.86524822695036
        ],
        "min": [
            9,
            11,
            9,
            10,
            7,
            6,
            6,
            6
        ],
        "max": [
            109,
            115,
            109,
            123,
            119,
            115,
            97,
            94
        ],
        "RawIntDen": [
            5502,
            6115,
            6041,
            6045,
            6474,
            5842,
            5355,
            5057
        ],
        "IntDen": [
            3368.471922364744,
            3743.766958426101,
            3698.462174301239,
            3700.9110815512317,
            3963.556384112932,
            3576.62903861411,
            3278.4745809275178,
            3096.0309908030736
        ],
        "FlagUp": 0,
        "Times": [],
        "width": 0,
        "height": 0,
        "area": [
            0.6122268124981359,
            0.6122268124981359,
            0.6122268124981359,
            0.6122268124981359,
            0.6122268124981359,
            0.6122268124981359,
            0.6122268124981359,
            0.6122268124981359
        ],
        "distance": 26.101707281660985,
        "xpert": [
            [
                415.0,
                265.2
            ],
            [
                410.2,
                264.8
            ],
            [
                407.6,
                260.0
            ],
            [
                408.6,
                253.6
            ],
            [
                415.0,
                251.6
            ],
            [
                420.2,
                254.8
            ],
            [
                421.0,
                260.0
            ],
            [
                419.2,
                264.2
            ]
        ],
        "stack": 0,
        "shift": [
            [
                0.0,
                0.0
            ],
            [
                0.0,
                0.0
            ],
            [
                0.0,
                0.0
            ],
            [
                0.0,
                0.0
            ],
            [
                0.0,
                0.0
            ],
            [
                0.0,
                0.0
            ],
            [
                0.0,
                0.0
            ],
            [
                0.0,
                0.0
            ],
            [
                0.0,
                0.0
            ]
        ],
        "channel": 0
    },
    {
        "type": "Spine",
        "location": [
            444,
            266
        ],
        "radloc": [
            0,
            0
        ],
        "mean": [
            60.24460431654676,
            72.32374100719424,
            50.76978417266187,
            47.9568345323741,
            49.0,
            52.41726618705036,
            55.115107913669064,
            50.65467625899281
        ],
        "min": [
            12,
            14,
            11,
            11,
            7,
            8,
            9,
            10
        ],
        "max": [
            129,
            134,
            109,
            98,
            131,
            126,
            150,
            115
        ],
        "RawIntDen": [
            8374,
            10053,
            7057,
            6666,
            6811,
            7286,
            7661,
            7041
        ],
        "IntDen": [
            5054.066940230179,
            6067.415207802005,
            4259.201146071695,
            4023.215933075516,
            4110.7296309897,
            4397.412434501682,
            4623.7409635900885,
            4249.544462163923
        ],
        "FlagUp": 0,
        "Times": [],
        "width": 0,
        "height": 0,
        "area": [
            0.603542744235751,
            0.603542744235751,
            0.603542744235751,
            0.603542744235751,
            0.603542744235751,
            0.603542744235751,
            0.603542744235751,
            0.603542744235751
        ],
        "distance": 27.435494876535284,
        "xpert": [
            [
                444.0,
                273.2
            ],
            [
                438.8,
                271.2
            ],
            [
                436.2,
                266.0
            ],
            [
                437.4,
                259.4
            ],
            [
                444.0,
                258.8
            ],
            [
                448.6,
                261.4
            ],
            [
                449.4,
                266.0
            ],
            [
                447.4,
                269.4
            ]
        ],
        "stack": 0,
        "shift": [
            [
                0.0,
                0.0
            ],
            [
                0.0,
                0.0
            ],
            [
                0.0,
                0.0
            ],
            [
                0.0,
                0.0
            ],
            [
                0.0,
                0.0
            ],
            [
                0.0,
                0.0
            ],
            [
                0.0,
                0.0
            ],
            [
                0.0,
                0.0
            ],
            [
                0.0,
                0.0
            ]
        ],
        "channel": 0
    }
]