[
    {
        "type": "Stim",
        "location": [
            429,
            41
        ],
        "radloc": [
            0,
            0
        ],
        "mean": [
            82.08108108108108,
            73.57432432432432,
            104.91216216216216,
            78.07432432432432,
            105.41216216216216,
            98.87162162162163,
            95.82432432432432,
            97.47297297297297
        ],
        "min": [
            13,
            13,
            24,
            15,
            19,
            20,
            12,
            17
        ],
        "max": [
            200,
            193,
            215,
            152,
            242,
            228,
            249,
            238
        ],
        "RawIntDen": [
            12148,
            10889,
            15527,
            11555,
            15601,
            14633,
            14182,
            14426
        ],
        "IntDen": [
            7806.56053260749,
            6997.500628874132,
            9977.9770653438,
            7425.486249117513,
            10025.531023148622,
            9403.47384537746,
            9113.651751188625,
            9270.451287734248
        ],
        "FlagUp": 0,
        "Times": [],
        "width": 0,
        "height": 0,
        "area": [
            0.6426210514164875,
            0.6426210514164875,
            0.6426210514164875,
            0.6426210514164875,
            0.6426210514164875,
            0.6426210514164875,
            0.6426210514164875,
            0.6426210514164875
        ],
        "distance": 0,
        "xpert": [
            [
                429.0,
                48.0
            ],
            [
                421.4,
                48.6
            ],
            [
                419.8,
                41.0
            ],
            [
                424.0,
                36.0
            ],
            [
                429.0,
                35.6
            ],
            [
                433.4,
                36.6
            ],
            [
                433.8,
                41.0
            ],
            [
                433.8,
                45.8
            ]
        ],
        "stack": 0,
        "shift": [
            [
                0.0,
                0.0
            ],
            [
                0.0,
                0.0
            ],
            [
                0.0,
                0.0
            ],
            [
                0.0,
                0.0
            ],
            [
                0.0,
                0.0
            ],
            [
                0.0,
                0.0
            ],
            [
                0.0,
                0.0
            ],
            [
                0.0,
                0.0
            ],
            [
                0.0,
                0.0
            ]
        ],
        "channel": 0
    },
    {
        "type": "Stim",
        "location": [
            429,
            82
        ],
        "radloc": [
            0,
            0
        ],
        "mean": [
            144.45751633986927,
            121.08496732026144,
            133.0653594771242,
            131.98039215686273,
            130.30065359477123,
            124.06535947712419,
            111.84313725490196,
            98.80392156862744
        ],
        "min": [
            41,
            38,
            27,
            24,
            46,
            26,
            32,
            21
        ],
        "max": [
            252,
            228,
            250,
            243,
            226,
            211,
            216,
            202
        ],
        "RawIntDen": [
            22102,
            18526,
            20359,
            20193,
            19936,
            18982,
            17112,
            15117
        ],
        "IntDen": [
            14683.048670245287,
            12307.400220114207,
            13525.119350173007,
            13414.84036730898,
            13244.107243236362,
            12610.335257379244,
            11368.035872103763,
            10042.695084069224
        ],
        "FlagUp": 0,
        "Times": [],
        "width": 0,
        "height": 0,
        "area": [
            0.6643312220724499,
            0.6643312220724499,
            0.6643312220724499,
            0.6643312220724499,
            0.6643312220724499,
            0.6643312220724499,
            0.6643312220724499,
            0.6643312220724499
        ],
        "distance": 0,
        "xpert": [
            [
                429.0,
                92.8
            ],
            [
                424.0,
                87.0
            ],
            [
                422.8,
                82.0
            ],
            [
                423.4,
                76.4
            ],
            [
                429.0,
                74.6
            ],
            [
                433.8,
                77.2
            ],
            [
                434.2,
                82.0
            ],
            [
                434.2,
                87.2
            ]
        ],
        "stack": 0,
        "shift": [
            [
                0.0,
                0.0
            ],
            [
                0.0,
                0.0
            ],
            [
                0.0,
                0.0
            ],
            [
                0.0,
                0.0
            ],
            [
                0.0,
                0.0
            ],
            [
                0.0,
                0.0
            ],
            [
                0.0,
                0.0
            ],
            [
                0.0,
                0.0
            ],
            [
                0.0,
                0.0
            ]
        ],
        "channel": 0
    },
    {
        "type": "Stim",
        "location": [
            419,
            108
        ],
        "radloc": [
            0,
            0
        ],
        "mean": [
            85.7421875,
            107.1640625,
            76.8359375,
            90.9765625,
            87.6875,
            91.2578125,
            94.234375,
            94.625
        ],
        "min": [
            15,
            21,
            13,
            14,
            15,
            15,
            11,
            13
        ],
        "max": [
            184,
            217,
            164,
            222,
            196,
            211,
            225,
            231
        ],
        "RawIntDen": [
            10975,
            13717,
            9835,
            11645,
            11224,
            11681,
            12062,
            12112
        ],
        "IntDen": [
            6099.6895474992,
            7623.639318728613,
            5466.099927075593,
            6472.062394590267,
            6238.078859328567,
            6492.070487866802,
            6703.822808376797,
            6731.611826816429
        ],
        "FlagUp": 0,
        "Times": [],
        "width": 0,
        "height": 0,
        "area": [
            0.5557803687926378,
            0.5557803687926378,
            0.5557803687926378,
            0.5557803687926378,
            0.5557803687926378,
            0.5557803687926378,
            0.5557803687926378,
            0.5557803687926378
        ],
        "distance": 0,
        "xpert": [
            [
                419.0,
                114.6
            ],
            [
                413.8,
                113.2
            ],
            [
                413.0,
                108.0
            ],
            [
                414.2,
                103.2
            ],
            [
                419.0,
                103.2
            ],
            [
                423.4,
                103.6
            ],
            [
                426.2,
                108.0
            ],
            [
                425.6,
                114.6
            ]
        ],
        "stack": 0,
        "shift": [
            [
                0.0,
                0.0
            ],
            [
                0.0,
                0.0
            ],
            [
                0.0,
                0.0
            ],
            [
                0.0,
                0.0
            ],
            [
                0.0,
                0.0
            ],
            [
                0.0,
                0.0
            ],
            [
                0.0,
                0.0
            ],
            [
                0.0,
                0.0
            ],
            [
                0.0,
                0.0
            ]
        ],
        "channel": 0
    },
    {
        "type": "Stim",
        "location": [
            410,
            149
        ],
        "radloc": [
            0,
            0
        ],
        "mean": [
            128.12345679012347,
            77.81481481481481,
            64.30246913580247,
            81.84567901234568,
            91.24074074074075,
            76.85185185185185,
            71.14197530864197,
            66.05555555555556
        ],
        "min": [
            35,
            15,
            17,
            17,
            17,
            14,
            13,
            10
        ],
        "max": [
            255,
            198,
            147,
            177,
            212,
            206,
            189,
            198
        ],
        "RawIntDen": [
            20756,
            12606,
            10417,
            13259,
            14781,
            12450,
            11525,
            10701
        ],
        "IntDen": [
            14599.96818917905,
            8867.180525765616,
            7327.4170662303995,
            9326.506948367944,
            10397.096251891287,
            8757.448639202119,
            8106.794824642925,
            7527.185372538303
        ],
        "FlagUp": 0,
        "Times": [],
        "width": 0,
        "height": 0,
        "area": [
            0.7034095292531822,
            0.7034095292531822,
            0.7034095292531822,
            0.7034095292531822,
            0.7034095292531822,
            0.7034095292531822,
            0.7034095292531822,
            0.7034095292531822
        ],
        "distance": 0,
        "xpert": [
            [
                410.0,
                156.6
            ],
            [
                405.0,
                154.0
            ],
            [
                403.4,
                149.0
            ],
            [
                405.6,
                144.6
            ],
            [
                410.0,
                143.8
            ],
            [
                416.0,
                143.0
            ],
            [
                418.8,
                149.0
            ],
            [
                417.0,
                156.0
            ]
        ],
        "stack": 0,
        "shift": [
            [
                0.0,
                0.0
            ],
            [
                0.0,
                0.0
            ],
            [
                0.0,
                0.0
            ],
            [
                0.0,
                0.0
            ],
            [
                0.0,
                0.0
            ],
            [
                0.0,
                0.0
            ],
            [
                0.0,
                0.0
            ],
            [
                0.0,
                0.0
            ],
            [
                0.0,
                0.0
            ]
        ],
        "channel": 0
    },
    {
        "type": "Stim",
        "location": [
            440,
            199
        ],
        "radloc": [
            0,
            0
        ],
        "mean": [
            141.30046948356807,
            143.27230046948358,
            145.50234741784038,
            139.75586854460093,
            135.47417840375587,
            125.12676056338029,
            138.018779342723,
            120.89671361502347
        ],
        "min": [
            38,
            23,
            26,
            19,
            18,
            22,
            25,
            19
        ],
        "max": [
            255,
            255,
            255,
            253,
            255,
            227,
            251,
            230
        ],
        "RawIntDen": [
            30097,
            30517,
            30992,
            29768,
            28856,
            26652,
            29398,
            25751
        ],
        "IntDen": [
            27835.308865504532,
            28223.747238881013,
            28663.05254210441,
            27531.032139692958,
            26687.56595750403,
            24649.189350547458,
            27188.83642981368,
            23815.896554327916
        ],
        "FlagUp": 0,
        "Times": [],
        "width": 0,
        "height": 0,
        "area": [
            0.9248532699439989,
            0.9248532699439989,
            0.9248532699439989,
            0.9248532699439989,
            0.9248532699439989,
            0.9248532699439989,
            0.9248532699439989,
            0.9248532699439989
        ],
        "distance": 0,
        "xpert": [
            [
                440.0,
                209.0
            ],
            [
                433.8,
                205.2
            ],
            [
                430.8,
                199.0
            ],
            [
                433.2,
                192.2
            ],
            [
                440.0,
                193.2
            ],
            [
                444.0,
                195.0
            ],
            [
                448.8,
                199.0
            ],
            [
                447.8,
                206.8
            ]
        ],
        "stack": 0,
        "shift": [
            [
                0.0,
                0.0
            ],
            [
                0.0,
                0.0
            ],
            [
                0.0,
                0.0
            ],
            [
                0.0,
                0.0
            ],
            [
                0.0,
                0.0
            ],
            [
                0.0,
                0.0
            ],
            [
                0.0,
                0.0
            ],
            [
                0.0,
                0.0
            ],
            [
                0.0,
                0.0
            ]
        ],
        "channel": 0
    },
    {
        "type": "Stim",
        "location": [
            401,
            208
        ],
        "radloc": [
            0,
            0
        ],
        "mean": [
            53.23076923076923,
            52.28402366863905,
            65.52071005917159,
            62.28402366863905,
            78.98816568047337,
            95.56213017751479,
            65.57988165680473,
            61.70414201183432
        ],
        "min": [
            14,
            11,
            11,
            16,
            15,
            25,
            12,
            11
        ],
        "max": [
            131,
            154,
            152,
            121,
            193,
            196,
            179,
            204
        ],
        "RawIntDen": [
            8996,
            8836,
            11073,
            10526,
            13349,
            16150,
            11083,
            10428
        ],
        "IntDen": [
            6601.298698471081,
            6483.890095563635,
            8125.4091249633475,
            7724.018463773521,
            9795.546501321749,
            11850.930855970204,
            8132.747162645062,
            7652.10569449271
        ],
        "FlagUp": 0,
        "Times": [],
        "width": 0,
        "height": 0,
        "area": [
            0.7338037681715296,
            0.7338037681715296,
            0.7338037681715296,
            0.7338037681715296,
            0.7338037681715296,
            0.7338037681715296,
            0.7338037681715296,
            0.7338037681715296
        ],
        "distance": 0,
        "xpert": [
            [
                401.0,
                215.8
            ],
            [
                395.6,
                213.4
            ],
            [
                391.0,
                208.0
            ],
            [
                395.6,
                202.6
            ],
            [
                401.0,
                202.4
            ],
            [
                405.0,
                204.0
            ],
            [
                406.2,
                208.0
            ],
            [
                411.6,
                218.6
            ]
        ],
        "stack": 0,
        "shift": [
            [
                0.0,
                0.0
            ],
            [
                0.0,
                0.0
            ],
            [
                0.0,
                0.0
            ],
            [
                0.0,
                0.0
            ],
            [
                0.0,
                0.0
            ],
            [
                0.0,
                0.0
            ],
            [
                0.0,
                0.0
            ],
            [
                0.0,
                0.0
            ],
            [
                0.0,
                0.0
            ]
        ],
        "channel": 0
    },
    {
        "type": "Stim",
        "location": [
            406,
            232
        ],
        "radloc": [
            0,
            0
        ],
        "mean": [
            117.91304347826087,
            97.83478260869565,
            133.67391304347825,
            117.77826086956522,
            107.72173913043478,
            119.61739130434782,
            184.4913043478261,
            118.32173913043478
        ],
        "min": [
            32,
            18,
            43,
            29,
            25,
            29,
            47,
            13
        ],
        "max": [
            239,
            240,
            254,
            243,
            232,
            255,
            255,
            251
        ],
        "RawIntDen": [
            27120,
            22502,
            30745,
            27089,
            24776,
            27512,
            42433,
            27214
        ],
        "IntDen": [
            27083.87209672623,
            22472.023964621447,
            30704.043053607966,
            27052.91339337083,
            24742.99465591774,
            27475.349893994546,
            42376.47288644485,
            27177.746874642613
        ],
        "FlagUp": 0,
        "Times": [],
        "width": 0,
        "height": 0,
        "area": [
            0.9986678501742711,
            0.9986678501742711,
            0.9986678501742711,
            0.9986678501742711,
            0.9986678501742711,
            0.9986678501742711,
            0.9986678501742711,
            0.9986678501742711
        ],
        "distance": 0,
        "xpert": [
            [
                406.0,
                240.2
            ],
            [
                399.6,
                238.4
            ],
            [
                397.2,
                232.0
            ],
            [
                399.6,
                225.6
            ],
            [
                406.0,
                222.0
            ],
            [
                413.8,
                224.2
            ],
            [
                413.2,
                232.0
            ],
            [
                412.4,
                238.4
            ]
        ],
        "stack": 0,
        "shift": [
            [
                0.0,
                0.0
            ],
            [
                0.0,
                0.0
            ],
            [
                0.0,
                0.0
            ],
            [
                0.0,
                0.0
            ],
            [
                0.0,
                0.0
            ],
            [
                0.0,
                0.0
            ],
            [
                0.0,
                0.0
            ],
            [
                0.0,
                0.0
            ],
            [
                0.0,
                0.0
            ]
        ],
        "channel": 0
    },
    {
        "type": "Stim",
        "location": [
            434,
            271
        ],
        "radloc": [
            0,
            0
        ],
        "mean": [
            44.38167938931298,
            45.00763358778626,
            46.3206106870229,
            37.88549618320611,
            46.31297709923664,
            49.05343511450382,
            34.541984732824424,
            30.38167938931298
        ],
        "min": [
            11,
            8,
            10,
            9,
            8,
            13,
            10,
            10
        ],
        "max": [
            101,
            118,
            121,
            84,
            98,
            111,
            95,
            58
        ],
        "RawIntDen": [
            5814,
            5896,
            6068,
            4963,
            6067,
            6426,
            4525,
            3980
        ],
        "IntDen": [
            3307.0408234766555,
            3353.682954113925,
            3451.5176671579543,
            2822.986516497186,
            3450.948860686768,
            3655.1503838426192,
            2573.849282117624,
            2263.849755321137
        ],
        "FlagUp": 0,
        "Times": [],
        "width": 0,
        "height": 0,
        "area": [
            0.5688064711862153,
            0.5688064711862153,
            0.5688064711862153,
            0.5688064711862153,
            0.5688064711862153,
            0.5688064711862153,
            0.5688064711862153,
            0.5688064711862153
        ],
        "distance": 0,
        "xpert": [
            [
                434.0,
                278.2
            ],
            [
                427.6,
                277.4
            ],
            [
                426.6,
                271.0
            ],
            [
                428.6,
                265.6
            ],
            [
                434.0,
                266.2
            ],
            [
                437.0,
                268.0
            ],
            [
                440.6,
                271.0
            ],
            [
                439.0,
                276.0
            ]
        ],
        "stack": 0,
        "shift": [
            [
                0.0,
                0.0
            ],
            [
                0.0,
                0.0
            ],
            [
                0.0,
                0.0
            ],
            [
                0.0,
                0.0
            ],
            [
                0.0,
                0.0
            ],
            [
                0.0,
                0.0
            ],
            [
                0.0,
                0.0
            ],
            [
                0.0,
                0.0
            ],
            [
                0.0,
                0.0
            ]
        ],
        "channel": 0
    },
    {
        "type": "Stim",
        "location": [
            402,
            271
        ],
        "radloc": [
            0,
            0
        ],
        "mean": [
            70.24107142857143,
            74.02678571428571,
            82.44642857142857,
            71.70535714285714,
            84.30357142857143,
            71.33035714285714,
            71.88392857142857,
            66.58928571428571
        ],
        "min": [
            17,
            20,
            19,
            25,
            28,
            24,
            15,
            21
        ],
        "max": [
            163,
            177,
            213,
            157,
            190,
            153,
            158,
            144
        ],
        "RawIntDen": [
            7867,
            8291,
            9234,
            8031,
            9442,
            7989,
            8051,
            7458
        ],
        "IntDen": [
            3825.7836411302214,
            4031.97815795229,
            4490.566434752315,
            3905.538124051965,
            4591.718461872575,
            3885.1131954988355,
            3915.2642805058363,
            3626.883741648556
        ],
        "FlagUp": 0,
        "Times": [],
        "width": 0,
        "height": 0,
        "area": [
            0.4863078226935581,
            0.4863078226935581,
            0.4863078226935581,
            0.4863078226935581,
            0.4863078226935581,
            0.4863078226935581,
            0.4863078226935581,
            0.4863078226935581
        ],
        "distance": 0,
        "xpert": [
            [
                402.0,
                279.4
            ],
            [
                398.0,
                275.0
            ],
            [
                397.2,
                271.0
            ],
            [
                398.8,
                267.8
            ],
            [
                402.0,
                265.8
            ],
            [
                406.2,
                266.8
            ],
            [
                410.0,
                271.0
            ],
            [
                407.0,
                276.0
            ]
        ],
        "stack": 0,
        "shift": [
            [
                0.0,
                0.0
            ],
            [
                0.0,
                0.0
            ],
            [
                0.0,
                0.0
            ],
            [
                0.0,
                0.0
            ],
            [
                0.0,
                0.0
            ],
            [
                0.0,
                0.0
            ],
            [
                0.0,
                0.0
            ],
            [
                0.0,
                0.0
            ],
            [
                0.0,
                0.0
            ]
        ],
        "channel": 0
    },
    {
        "type": "Stim",
        "location": [
            440,
            318
        ],
        "radloc": [
            0,
            0
        ],
        "mean": [
            137.1358024691358,
            99.38271604938272,
            86.77777777777777,
            87.0,
            69.32716049382717,
            72.62962962962963,
            137.46913580246914,
            92.21604938271605
        ],
        "min": [
            39,
            24,
            12,
            9,
            6,
            8,
            32,
            10
        ],
        "max": [
            255,
            241,
            230,
            232,
            208,
            205,
            255,
            242
        ],
        "RawIntDen": [
            22216,
            16100,
            14058,
            14094,
            11231,
            11766,
            22270,
            14939
        ],
        "IntDen": [
            15626.946101888696,
            11324.893420976234,
            9888.531162241236,
            9913.85390529435,
            7899.9924230424895,
            8276.316521192943,
            15664.930216468369,
            10508.234957513288
        ],
        "FlagUp": 0,
        "Times": [],
        "width": 0,
        "height": 0,
        "area": [
            0.7034095292531822,
            0.7034095292531822,
            0.7034095292531822,
            0.7034095292531822,
            0.7034095292531822,
            0.7034095292531822,
            0.7034095292531822,
            0.7034095292531822
        ],
        "distance": 0,
        "xpert": [
            [
                440.0,
                326.4
            ],
            [
                434.0,
                324.0
            ],
            [
                430.2,
                318.0
            ],
            [
                434.4,
                312.4
            ],
            [
                440.0,
                311.4
            ],
            [
                444.0,
                314.0
            ],
            [
                445.6,
                318.0
            ],
            [
                445.4,
                323.4
            ]
        ],
        "stack": 0,
        "shift": [
            [
                0.0,
                0.0
            ],
            [
                0.0,
                0.0
            ],
            [
                0.0,
                0.0
            ],
            [
                0.0,
                0.0
            ],
            [
                0.0,
                0.0
            ],
            [
                0.0,
                0.0
            ],
            [
                0.0,
                0.0
            ],
            [
                0.0,
                0.0
            ],
            [
                0.0,
                0.0
            ]
        ],
        "channel": 0
    },
    {
        "type": "Stim",
        "location": [
            408,
            357
        ],
        "radloc": [
            0,
            0
        ],
        "mean": [
            97.20930232558139,
            100.31782945736434,
            101.85271317829458,
            107.89147286821705,
            114.51162790697674,
            113.72868217054264,
            117.79069767441861,
            95.6046511627907
        ],
        "min": [
            13,
            28,
            31,
            24,
            33,
            17,
            16,
            15
        ],
        "max": [
            191,
            177,
            227,
            210,
            231,
            225,
            234,
            226
        ],
        "RawIntDen": [
            12540,
            12941,
            13139,
            13918,
            14772,
            14671,
            15195,
            12333
        ],
        "IntDen": [
            7023.934932664832,
            7248.544016237288,
            7359.448252016206,
            7795.78360389387,
            8274.12813599082,
            8217.555773295515,
            8511.059912427601,
            6907.989595259599
        ],
        "FlagUp": 0,
        "Times": [],
        "width": 0,
        "height": 0,
        "area": [
            0.5601224029238303,
            0.5601224029238303,
            0.5601224029238303,
            0.5601224029238303,
            0.5601224029238303,
            0.5601224029238303,
            0.5601224029238303,
            0.5601224029238303
        ],
        "distance": 0,
        "xpert": [
            [
                408.0,
                363.2
            ],
            [
                403.0,
                362.0
            ],
            [
                401.4,
                357.0
            ],
            [
                403.6,
                352.6
            ],
            [
                408.0,
                351.2
            ],
            [
                412.4,
                352.6
            ],
            [
                414.8,
                357.0
            ],
            [
                415.0,
                364.0
            ]
        ],
        "stack": 0,
        "shift": [
            [
                0.0,
                0.0
            ],
            [
                0.0,
                0.0
            ],
            [
                0.0,
                0.0
            ],
            [
                0.0,
                0.0
            ],
            [
                0.0,
                0.0
            ],
            [
                0.0,
                0.0
            ],
            [
                0.0,
                0.0
            ],
            [
                0.0,
                0.0
            ],
            [
                0.0,
                0.0
            ]
        ],
        "channel": 0
    },
    {
        "type": "Stim",
        "location": [
            436,
            357
        ],
        "radloc": [
            0,
            0
        ],
        "mean": [
            80.22033898305085,
            83.0,
            106.45762711864407,
            86.41525423728814,
            103.02542372881356,
            115.46610169491525,
            117.0,
            115.12711864406779
        ],
        "min": [
            17,
            17,
            46,
            13,
            18,
            13,
            17,
            21
        ],
        "max": [
            182,
            185,
            207,
            188,
            220,
            226,
            238,
            229
        ],
        "RawIntDen": [
            9466,
            9794,
            12562,
            10197,
            12157,
            13625,
            13806,
            13585
        ],
        "IntDen": [
            4850.000020132429,
            5018.054109146103,
            6436.266665212716,
            5224.53520022083,
            6228.760854083028,
            6980.905374424714,
            7073.642539398724,
            6960.410973325486
        ],
        "FlagUp": 0,
        "Times": [],
        "width": 0,
        "height": 0,
        "area": [
            0.512360027480713,
            0.512360027480713,
            0.512360027480713,
            0.512360027480713,
            0.512360027480713,
            0.512360027480713,
            0.512360027480713,
            0.512360027480713
        ],
        "distance": 0,
        "xpert": [
            [
                436.0,
                361.6
            ],
            [
                429.2,
                363.8
            ],
            [
                428.2,
                357.0
            ],
            [
                429.6,
                350.6
            ],
            [
                436.0,
                351.4
            ],
            [
                439.6,
                353.4
            ],
            [
                441.0,
                357.0
            ],
            [
                439.6,
                360.6
            ]
        ],
        "stack": 0,
        "shift": [
            [
                0.0,
                0.0
            ],
            [
                0.0,
                0.0
            ],
            [
                0.0,
                0.0
            ],
            [
                0.0,
                0.0
            ],
            [
                0.0,
                0.0
            ],
            [
                0.0,
                0.0
            ],
            [
                0.0,
                0.0
            ],
            [
                0.0,
                0.0
            ],
            [
                0.0,
                0.0
            ]
        ],
        "channel": 0
    },
    {
        "type": "Stim",
        "location": [
            443,
            385
        ],
        "radloc": [
            0,
            0
        ],
        "mean": [
            66.82758620689656,
            69.64137931034483,
            72.47586206896551,
            83.47586206896551,
            88.40689655172413,
            69.2,
            84.45517241379311,
            129.4
        ],
        "min": [
            13,
            13,
            12,
            13,
            14,
            7,
            10,
            45
        ],
        "max": [
            161,
            187,
            184,
            208,
            221,
            187,
            248,
            226
        ],
        "RawIntDen": [
            9690,
            10098,
            10509,
            12104,
            12819,
            10034,
            12246,
            18763
        ],
        "IntDen": [
            6100.775056031998,
            6357.649795233346,
            6616.413319281762,
            7620.617262973303,
            8070.777651524683,
            6317.355718495879,
            7710.019745734556,
            11813.090028516861
        ],
        "FlagUp": 0,
        "Times": [],
        "width": 0,
        "height": 0,
        "area": [
            0.62959494902291,
            0.62959494902291,
            0.62959494902291,
            0.62959494902291,
            0.62959494902291,
            0.62959494902291,
            0.62959494902291,
            0.62959494902291
        ],
        "distance": 0,
        "xpert": [
            [
                443.0,
                392.2
            ],
            [
                438.0,
                390.0
            ],
            [
                436.0,
                385.0
            ],
            [
                438.0,
                380.0
            ],
            [
                443.0,
                378.8
            ],
            [
                447.0,
                381.0
            ],
            [
                451.0,
                385.0
            ],
            [
                449.4,
                391.4
            ]
        ],
        "stack": 0,
        "shift": [
            [
                0.0,
                0.0
            ],
            [
                0.0,
                0.0
            ],
            [
                0.0,
                0.0
            ],
            [
                0.0,
                0.0
            ],
            [
                0.0,
                0.0
            ],
            [
                0.0,
                0.0
            ],
            [
                0.0,
                0.0
            ],
            [
                0.0,
                0.0
            ],
            [
                0.0,
                0.0
            ]
        ],
        "channel": 0
    },
    {
        "type": "Stim",
        "location": [
            461,
            419
        ],
        "radloc": [
            0,
            0
        ],
        "mean": [
            38.75409836065574,
            44.85245901639344,
            63.540983606557376,
            54.42622950819672,
            39.18852459016394,
            49.18852459016394,
            66.87704918032787,
            56.98360655737705
        ],
        "min": [
            7,
            6,
            12,
            8,
            7,
            9,
            10,
            12
        ],
        "max": [
            119,
            140,
            141,
            148,
            109,
            127,
            162,
            127
        ],
        "RawIntDen": [
            4728,
            5472,
            7752,
            6640,
            4781,
            6001,
            8159,
            6952
        ],
        "IntDen": [
            2504.5547594179234,
            2898.6725134380026,
            4106.452727370503,
            3517.3950089964064,
            2532.6303521102136,
            3178.898712196903,
            4322.052090120736,
            3682.6701961661174
        ],
        "FlagUp": 0,
        "Times": [],
        "width": 0,
        "height": 0,
        "area": [
            0.529728164005483,
            0.529728164005483,
            0.529728164005483,
            0.529728164005483,
            0.529728164005483,
            0.529728164005483,
            0.529728164005483,
            0.529728164005483
        ],
        "distance": 0,
        "xpert": [
            [
                461.0,
                425.8
            ],
            [
                454.2,
                425.8
            ],
            [
                453.4,
                419.0
            ],
            [
                457.0,
                415.0
            ],
            [
                461.0,
                414.4
            ],
            [
                464.0,
                416.0
            ],
            [
                466.4,
                419.0
            ],
            [
                467.0,
                425.0
            ]
        ],
        "stack": 0,
        "shift": [
            [
                0.0,
                0.0
            ],
            [
                0.0,
                0.0
            ],
            [
                0.0,
                0.0
            ],
            [
                0.0,
                0.0
            ],
            [
                0.0,
                0.0
            ],
            [
                0.0,
                0.0
            ],
            [
                0.0,
                0.0
            ],
            [
                0.0,
                0.0
            ],
            [
                0.0,
                0.0
            ]
        ],
        "channel": 0
    },
    {
        "type": "Spine",
        "location": [
            442,
            402
        ],
        "radloc": [
            0,
            0
        ],
        "mean": [
            73.66923076923077,
            74.47692307692307,
            60.33076923076923,
            63.815384615384616,
            56.91538461538462,
            50.76923076923077,
            52.292307692307695,
            45.146153846153844
        ],
        "min": [
            9,
            18,
            12,
            18,
            8,
            11,
            12,
            14
        ],
        "max": [
            171,
            162,
            138,
            136,
            174,
            116,
            110,
            115
        ],
        "RawIntDen": [
            9577,
            9682,
            7843,
            8296,
            7399,
            6600,
            6798,
            5869
        ],
        "IntDen": [
            5405.875913675954,
            5465.144679566731,
            4427.094579822544,
            4682.796969808469,
            4176.472369770114,
            3725.4652845631504,
            3837.2292431000446,
            3312.841781075929
        ],
        "FlagUp": 0,
        "Times": [],
        "width": 0,
        "height": 0,
        "area": [
            0.5644644370550228,
            0.5644644370550228,
            0.5644644370550228,
            0.5644644370550228,
            0.5644644370550228,
            0.5644644370550228,
            0.5644644370550228,
            0.5644644370550228
        ],
        "distance": -1.229300126499053,
        "xpert": [
            [
                442.0,
                407.4
            ],
            [
                435.8,
                408.2
            ],
            [
                435.2,
                402.0
            ],
            [
                435.2,
                395.2
            ],
            [
                442.0,
                394.8
            ],
            [
                446.4,
                397.6
            ],
            [
                446.8,
                402.0
            ],
            [
                446.0,
                406.0
            ]
        ],
        "stack": 0,
        "shift": [
            [
                0.0,
                0.0
            ],
            [
                0.0,
                0.0
            ],
            [
                0.0,
                0.0
            ],
            [
                0.0,
                0.0
            ],
            [
                0.0,
                0.0
            ],
            [
                0.0,
                0.0
            ],
            [
                0.0,
                0.0
            ],
            [
                0.0,
                0.0
            ],
            [
                0.0,
                0.0
            ]
        ],
        "channel": 0
    },
    {
        "type": "Spine",
        "location": [
            475,
            478
        ],
        "radloc": [
            0,
            0
        ],
        "mean": [
            71.53459119496856,
            75.03144654088051,
            75.80503144654088,
            69.40880503144655,
            63.23899371069182,
            69.0754716981132,
            57.119496855345915,
            131.20754716981133
        ],
        "min": [
            14,
            14,
            15,
            13,
            8,
            9,
            8,
            53
        ],
        "max": [
            159,
            187,
            189,
            187,
            198,
            177,
            174,
            230
        ],
        "RawIntDen": [
            11374,
            11930,
            12053,
            11036,
            10055,
            10983,
            9082,
            20862
        ],
        "IntDen": [
            7852.421097101144,
            8236.274282435084,
            8321.191443938817,
            7619.071498822598,
            6941.805357073326,
            7582.481177199039,
            6270.062282738931,
            14402.779051145075
        ],
        "FlagUp": 0,
        "Times": [],
        "width": 0,
        "height": 0,
        "area": [
            0.6903834268596047,
            0.6903834268596047,
            0.6903834268596047,
            0.6903834268596047,
            0.6903834268596047,
            0.6903834268596047,
            0.6903834268596047,
            0.6903834268596047
        ],
        "distance": 3.8875100000000002,
        "xpert": [
            [
                475.0,
                484.2
            ],
            [
                468.0,
                485.0
            ],
            [
                467.2,
                478.0
            ],
            [
                469.0,
                472.0
            ],
            [
                475.0,
                472.4
            ],
            [
                480.6,
                472.4
            ],
            [
                483.0,
                478.0
            ],
            [
                479.8,
                482.8
            ]
        ],
        "stack": 0,
        "shift": [
            [
                0.0,
                0.0
            ],
            [
                0.0,
                0.0
            ],
            [
                0.0,
                0.0
            ],
            [
                0.0,
                0.0
            ],
            [
                0.0,
                0.0
            ],
            [
                0.0,
                0.0
            ],
            [
                0.0,
                0.0
            ],
            [
                0.0,
                0.0
            ],
            [
                0.0,
                0.0
            ]
        ],
        "channel": 0
    },
    {
        "type": "Spine",
        "location": [
            453,
            458
        ],
        "radloc": [
            0,
            0
        ],
        "mean": [
            69.64497041420118,
            59.171597633136095,
            74.76923076923077,
            72.20118343195266,
            87.64497041420118,
            68.84615384615384,
            77.84615384615384,
            68.63313609467455
        ],
        "min": [
            14,
            12,
            16,
            16,
            22,
            10,
            22,
            8
        ],
        "max": [
            177,
            134,
            145,
            161,
            185,
            143,
            157,
            164
        ],
        "RawIntDen": [
            11770,
            10000,
            12636,
            12202,
            14812,
            11635,
            13156,
            11599
        ],
        "IntDen": [
            8636.870351378904,
            7338.0376817152965,
            9272.344414615449,
            8953.873579229004,
            10869.101414156698,
            8537.806842675747,
            9653.922374064643,
            8511.389907021572
        ],
        "FlagUp": 0,
        "Times": [],
        "width": 0,
        "height": 0,
        "area": [
            0.7338037681715296,
            0.7338037681715296,
            0.7338037681715296,
            0.7338037681715296,
            0.7338037681715296,
            0.7338037681715296,
            0.7338037681715296,
            0.7338037681715296
        ],
        "distance": 2.56971,
        "xpert": [
            [
                453.0,
                472.4
            ],
            [
                446.6,
                464.4
            ],
            [
                447.4,
                458.0
            ],
            [
                449.4,
                454.4
            ],
            [
                453.0,
                452.0
            ],
            [
                458.0,
                453.0
            ],
            [
                459.0,
                458.0
            ],
            [
                458.6,
                463.6
            ]
        ],
        "stack": 0,
        "shift": [
            [
                0.0,
                0.0
            ],
            [
                0.0,
                0.0
            ],
            [
                0.0,
                0.0
            ],
            [
                0.0,
                0.0
            ],
            [
                0.0,
                0.0
            ],
            [
                0.0,
                0.0
            ],
            [
                0.0,
                0.0
            ],
            [
                0.0,
                0.0
            ],
            [
                0.0,
                0.0
            ]
        ],
        "channel": 0
    },
    {
        "type": "Spine",
        "location": [
            410,
            246
        ],
        "radloc": [
            0,
            0
        ],
        "mean": [
            108.6,
            114.72,
            116.58666666666667,
            115.29333333333334,
            120.47333333333333,
            128.82,
            133.08666666666667,
            99.61333333333333
        ],
        "min": [
            19,
            25,
            26,
            27,
            24,
            31,
            34,
            19
        ],
        "max": [
            255,
            255,
            252,
            255,
            255,
            255,
            254,
            237
        ],
        "RawIntDen": [
            16290,
            17208,
            17488,
            17294,
            18071,
            19323,
            19963,
            14942
        ],
        "IntDen": [
            10609.760399568831,
            11207.658499434037,
            11390.023932944121,
            11263.67073972642,
            11769.734817716904,
            12585.168827554851,
            13002.00410414933,
            9731.801098241713
        ],
        "FlagUp": 0,
        "Times": [],
        "width": 0,
        "height": 0,
        "area": [
            0.6513051196788724,
            0.6513051196788724,
            0.6513051196788724,
            0.6513051196788724,
            0.6513051196788724,
            0.6513051196788724,
            0.6513051196788724,
            0.6513051196788724
        ],
        "distance": -0.9224600000000001,
        "xpert": [
            [
                410.0,
                253.0
            ],
            [
                405.6,
                250.4
            ],
            [
                403.2,
                246.0
            ],
            [
                403.8,
                239.8
            ],
            [
                410.0,
                237.8
            ],
            [
                415.8,
                240.2
            ],
            [
                415.8,
                246.0
            ],
            [
                415.8,
                251.8
            ]
        ],
        "stack": 0,
        "shift": [
            [
                0.0,
                0.0
            ],
            [
                0.0,
                0.0
            ],
            [
                0.0,
                0.0
            ],
            [
                0.0,
                0.0
            ],
            [
                0.0,
                0.0
            ],
            [
                0.0,
                0.0
            ],
            [
                0.0,
                0.0
            ],
            [
                0.0,
                0.0
            ],
            [
                0.0,
                0.0
            ]
        ],
        "channel": 0
    },
    {
        "type": "Spine",
        "location": [
            405,
            260
        ],
        "radloc": [
            0,
            0
        ],
        "mean": [
            51.73943661971831,
            47.401408450704224,
            56.53521126760563,
            55.42253521126761,
            57.690140845070424,
            61.41549295774648,
            52.32394366197183,
            38.66197183098591
        ],
        "min": [
            11,
            16,
            18,
            18,
            18,
            16,
            18,
            12
        ],
        "max": [
            117,
            132,
            118,
            131,
            167,
            164,
            140,
            137
        ],
        "RawIntDen": [
            7347,
            6731,
            8028,
            7870,
            8192,
            8721,
            7430,
            5490
        ],
        "IntDen": [
            4529.931316185706,
            4150.124906662038,
            4949.814700740282,
            4852.396822972847,
            5050.931991587492,
            5377.09691145441,
            4581.106530455941,
            3384.962967995036
        ],
        "FlagUp": 0,
        "Times": [],
        "width": 0,
        "height": 0,
        "area": [
            0.6165688466293325,
            0.6165688466293325,
            0.6165688466293325,
            0.6165688466293325,
            0.6165688466293325,
            0.6165688466293325,
            0.6165688466293325,
            0.6165688466293325
        ],
        "distance": -0.72479,
        "xpert": [
            [
                405.0,
                266.4
            ],
            [
                399.8,
                265.2
            ],
            [
                398.6,
                260.0
            ],
            [
                400.4,
                255.4
            ],
            [
                405.0,
                254.4
            ],
            [
                410.2,
                254.8
            ],
            [
                412.6,
                260.0
            ],
            [
                411.6,
                266.6
            ]
        ],
        "stack": 0,
        "shift": [
            [
                0.0,
                0.0
            ],
            [
                0.0,
                0.0
            ],
            [
                0.0,
                0.0
            ],
            [
                0.0,
                0.0
            ],
            [
                0.0,
                0.0
            ],
            [
                0.0,
                0.0
            ],
            [
                0.0,
                0.0
            ],
            [
                0.0,
                0.0
            ],
            [
                0.0,
                0.0
            ]
        ],
        "channel": 0
    },
    {
        "type": "Spine",
        "location": [
            395,
            290
        ],
        "radloc": [
            0,
            0
        ],
        "mean": [
            65.92682926829268,
            87.53658536585365,
            87.89430894308943,
            91.99186991869918,
            80.2439024390244,
            95.04878048780488,
            111.32520325203252,
            76.869918699187
        ],
        "min": [
            8,
            18,
            11,
            27,
            19,
            30,
            29,
            9
        ],
        "max": [
            206,
            190,
            214,
            173,
            161,
            218,
            209,
            200
        ],
        "RawIntDen": [
            8109,
            10767,
            10811,
            11315,
            9870,
            11691,
            13693,
            9455
        ],
        "IntDen": [
            4330.7752366903005,
            5750.333823337584,
            5773.832912055598,
            6043.0042919164825,
            5271.272855608986,
            6243.8146864158725,
            7313.023223085496,
            5049.633723382266
        ],
        "FlagUp": 0,
        "Times": [],
        "width": 0,
        "height": 0,
        "area": [
            0.5340701981366754,
            0.5340701981366754,
            0.5340701981366754,
            0.5340701981366754,
            0.5340701981366754,
            0.5340701981366754,
            0.5340701981366754,
            0.5340701981366754
        ],
        "distance": -1.25191,
        "xpert": [
            [
                395.0,
                296.0
            ],
            [
                391.2,
                293.8
            ],
            [
                390.0,
                290.0
            ],
            [
                390.8,
                285.8
            ],
            [
                395.0,
                283.0
            ],
            [
                401.0,
                284.0
            ],
            [
                402.6,
                290.0
            ],
            [
                400.0,
                295.0
            ]
        ],
        "stack": 0,
        "shift": [
            [
                0.0,
                0.0
            ],
            [
                0.0,
                0.0
            ],
            [
                0.0,
                0.0
            ],
            [
                0.0,
                0.0
            ],
            [
                0.0,
                0.0
            ],
            [
                0.0,
                0.0
            ],
            [
                0.0,
                0.0
            ],
            [
                0.0,
                0.0
            ],
            [
                0.0,
                0.0
            ]
        ],
        "channel": 0
    },
    {
        "type": "Spine",
        "location": [
            408,
            286
        ],
        "radloc": [
            0,
            0
        ],
        "mean": [
            89.177304964539,
            86.12056737588652,
            83.06382978723404,
            73.31914893617021,
            78.04964539007092,
            94.29078014184397,
            82.44680851063829,
            89.09929078014184
        ],
        "min": [
            16,
            28,
            30,
            18,
            20,
            28,
            29,
            23
        ],
        "max": [
            203,
            164,
            185,
            175,
            158,
            191,
            155,
            174
        ],
        "RawIntDen": [
            12574,
            12143,
            11712,
            10338,
            11005,
            13295,
            11625,
            12563
        ],
        "IntDen": [
            7698.139940351613,
            7434.270184164915,
            7170.400427978217,
            6329.200787605772,
            6737.5560715420315,
            8139.555472162772,
            7117.136695290878,
            7691.405445414134
        ],
        "FlagUp": 0,
        "Times": [],
        "width": 0,
        "height": 0,
        "area": [
            0.61222681249814,
            0.61222681249814,
            0.61222681249814,
            0.61222681249814,
            0.61222681249814,
            0.61222681249814,
            0.61222681249814,
            0.61222681249814
        ],
        "distance": -0.9883500000000001,
        "xpert": [
            [
                408.0,
                291.2
            ],
            [
                402.4,
                291.6
            ],
            [
                400.4,
                286.0
            ],
            [
                402.0,
                280.0
            ],
            [
                408.0,
                277.6
            ],
            [
                413.6,
                280.4
            ],
            [
                413.8,
                286.0
            ],
            [
                411.4,
                289.4
            ]
        ],
        "stack": 0,
        "shift": [
            [
                0.0,
                0.0
            ],
            [
                0.0,
                0.0
            ],
            [
                0.0,
                0.0
            ],
            [
                0.0,
                0.0
            ],
            [
                0.0,
                0.0
            ],
            [
                0.0,
                0.0
            ],
            [
                0.0,
                0.0
            ],
            [
                0.0,
                0.0
            ],
            [
                0.0,
                0.0
            ]
        ],
        "channel": 0
    },
    {
        "type": "Spine",
        "location": [
            427,
            252
        ],
        "radloc": [
            0,
            0
        ],
        "mean": [
            35.2972972972973,
            43.36486486486486,
            45.75675675675676,
            33.554054054054056,
            53.25675675675676,
            47.83783783783784,
            61.63513513513514,
            81.51351351351352
        ],
        "min": [
            8,
            13,
            11,
            9,
            10,
            10,
            13,
            12
        ],
        "max": [
            128,
            117,
            170,
            118,
            179,
            143,
            192,
            224
        ],
        "RawIntDen": [
            2612,
            3209,
            3386,
            2483,
            3941,
            3540,
            4561,
            6032
        ],
        "IntDen": [
            839.2630931499326,
            1031.085476997754,
            1087.9574400481133,
            797.8140353335692,
            1266.2847818161886,
            1137.4392610071827,
            1465.4973077552997,
            1938.1450910721262
        ],
        "FlagUp": 0,
        "Times": [],
        "width": 0,
        "height": 0,
        "area": [
            0.32131052570824375,
            0.32131052570824375,
            0.32131052570824375,
            0.32131052570824375,
            0.32131052570824375,
            0.32131052570824375,
            0.32131052570824375,
            0.32131052570824375
        ],
        "distance": -1.2792025316247633,
        "xpert": [
            [
                427.0,
                257.4
            ],
            [
                423.0,
                256.0
            ],
            [
                422.8,
                252.0
            ],
            [
                423.4,
                248.4
            ],
            [
                427.0,
                246.4
            ],
            [
                430.6,
                248.4
            ],
            [
                431.6,
                252.0
            ],
            [
                430.4,
                255.4
            ]
        ],
        "stack": 0,
        "shift": [
            [
                0.0,
                0.0
            ],
            [
                0.0,
                0.0
            ],
            [
                0.0,
                0.0
            ],
            [
                0.0,
                0.0
            ],
            [
                0.0,
                0.0
            ],
            [
                0.0,
                0.0
            ],
            [
                0.0,
                0.0
            ],
            [
                0.0,
                0.0
            ],
            [
                0.0,
                0.0
            ]
        ],
        "channel": 0
    },
    {
        "type": "Spine",
        "location": [
            409,
            193
        ],
        "radloc": [
            0,
            0
        ],
        "mean": [
            98.93333333333334,
            93.33333333333333,
            87.63333333333334,
            108.29333333333334,
            88.69333333333333,
            100.83333333333333,
            77.82666666666667,
            66.7
        ],
        "min": [
            24,
            18,
            23,
            27,
            25,
            24,
            12,
            12
        ],
        "max": [
            188,
            222,
            174,
            208,
            173,
            191,
            172,
            176
        ],
        "RawIntDen": [
            14840,
            14000,
            13145,
            16244,
            13304,
            15125,
            11674,
            10005
        ],
        "IntDen": [
            9665.367976034468,
            9118.271675504215,
            8561.405798178777,
            10579.800364063603,
            8664.96331220772,
            9850.989935142945,
            7603.335967131156,
            6516.307722387119
        ],
        "FlagUp": 0,
        "Times": [],
        "width": 0,
        "height": 0,
        "area": [
            0.6513051196788724,
            0.6513051196788724,
            0.6513051196788724,
            0.6513051196788724,
            0.6513051196788724,
            0.6513051196788724,
            0.6513051196788724,
            0.6513051196788724
        ],
        "distance": -0.39534,
        "xpert": [
            [
                409.0,
                201.6
            ],
            [
                404.4,
                197.6
            ],
            [
                403.2,
                193.0
            ],
            [
                405.4,
                189.4
            ],
            [
                409.0,
                186.4
            ],
            [
                415.4,
                186.6
            ],
            [
                416.2,
                193.0
            ],
            [
                415.6,
                199.6
            ]
        ],
        "stack": 0,
        "shift": [
            [
                0.0,
                0.0
            ],
            [
                0.0,
                0.0
            ],
            [
                0.0,
                0.0
            ],
            [
                0.0,
                0.0
            ],
            [
                0.0,
                0.0
            ],
            [
                0.0,
                0.0
            ],
            [
                0.0,
                0.0
            ],
            [
                0.0,
                0.0
            ],
            [
                0.0,
                0.0
            ]
        ],
        "channel": 0
    },
    {
        "type": "Spine",
        "location": [
            447,
            141
        ],
        "radloc": [
            0,
            0
        ],
        "mean": [
            47.05755395683453,
            68.84892086330935,
            54.18705035971223,
            47.0,
            52.67625899280576,
            47.48201438848921,
            57.33812949640288,
            51.02877697841727
        ],
        "min": [
            10,
            15,
            10,
            10,
            13,
            14,
            16,
            10
        ],
        "max": [
            119,
            169,
            148,
            115,
            148,
            111,
            135,
            148
        ],
        "RawIntDen": [
            6541,
            9570,
            7532,
            6533,
            7322,
            6600,
            7970,
            7093
        ],
        "IntDen": [
            3947.7730900460742,
            5775.904062336176,
            4545.883949583707,
            3942.944748092188,
            4419.139973294199,
            3983.382111955984,
            4810.2356715589685,
            4280.928684864211
        ],
        "FlagUp": 0,
        "Times": [],
        "width": 0,
        "height": 0,
        "area": [
            0.6035427442357552,
            0.6035427442357552,
            0.6035427442357552,
            0.6035427442357552,
            0.6035427442357552,
            0.6035427442357552,
            0.6035427442357552,
            0.6035427442357552
        ],
        "distance": -0.9930326581238164,
        "xpert": [
            [
                447.0,
                147.0
            ],
            [
                442.4,
                145.6
            ],
            [
                440.6,
                141.0
            ],
            [
                438.8,
                132.8
            ],
            [
                447.0,
                132.6
            ],
            [
                451.2,
                136.8
            ],
            [
                451.6,
                141.0
            ],
            [
                450.8,
                144.8
            ]
        ],
        "stack": 0,
        "shift": [
            [
                0.0,
                0.0
            ],
            [
                0.0,
                0.0
            ],
            [
                0.0,
                0.0
            ],
            [
                0.0,
                0.0
            ],
            [
                0.0,
                0.0
            ],
            [
                0.0,
                0.0
            ],
            [
                0.0,
                0.0
            ],
            [
                0.0,
                0.0
            ],
            [
                0.0,
                0.0
            ]
        ],
        "channel": 0
    },
    {
        "type": "Spine",
        "location": [
            445,
            121
        ],
        "radloc": [
            0,
            0
        ],
        "mean": [
            43.97457627118644,
            56.92372881355932,
            57.067796610169495,
            46.440677966101696,
            39.83898305084746,
            40.88135593220339,
            45.016949152542374,
            52.73728813559322
        ],
        "min": [
            9,
            15,
            16,
            14,
            13,
            10,
            14,
            15
        ],
        "max": [
            138,
            148,
            137,
            115,
            95,
            88,
            102,
            148
        ],
        "RawIntDen": [
            5189,
            6717,
            6734,
            5480,
            4701,
            4824,
            5312,
            6223
        ],
        "IntDen": [
            2658.6361825974195,
            3441.5223045879493,
            3450.2324250551214,
            2807.732950594307,
            2408.604489186832,
            2471.6247725669596,
            2721.656465977547,
            3188.416451012477
        ],
        "FlagUp": 0,
        "Times": [],
        "width": 0,
        "height": 0,
        "area": [
            0.512360027480713,
            0.512360027480713,
            0.512360027480713,
            0.512360027480713,
            0.512360027480713,
            0.512360027480713,
            0.512360027480713,
            0.512360027480713
        ],
        "distance": -0.85657,
        "xpert": [
            [
                445.0,
                128.6
            ],
            [
                440.0,
                126.0
            ],
            [
                439.2,
                121.0
            ],
            [
                437.8,
                113.8
            ],
            [
                445.0,
                114.6
            ],
            [
                448.2,
                117.8
            ],
            [
                449.8,
                121.0
            ],
            [
                448.8,
                124.8
            ]
        ],
        "stack": 0,
        "shift": [
            [
                0.0,
                0.0
            ],
            [
                0.0,
                0.0
            ],
            [
                0.0,
                0.0
            ],
            [
                0.0,
                0.0
            ],
            [
                0.0,
                0.0
            ],
            [
                0.0,
                0.0
            ],
            [
                0.0,
                0.0
            ],
            [
                0.0,
                0.0
            ],
            [
                0.0,
                0.0
            ]
        ],
        "channel": 0
    },
    {
        "type": "Spine",
        "location": [
            444,
            89
        ],
        "radloc": [
            0,
            0
        ],
        "mean": [
            116.04081632653062,
            123.24489795918367,
            130.85714285714286,
            132.47619047619048,
            119.93877551020408,
            132.7482993197279,
            155.72108843537416,
            143.10884353741497
        ],
        "min": [
            16,
            22,
            20,
            26,
            25,
            30,
            33,
            38
        ],
        "max": [
            254,
            246,
            248,
            248,
            237,
            255,
            255,
            255
        ],
        "RawIntDen": [
            17058,
            18117,
            19236,
            19474,
            17631,
            19514,
            22891,
            21037
        ],
        "IntDen": [
            10887.763476852562,
            11563.700956157689,
            12277.935176499934,
            12429.845582613834,
            11253.497353757037,
            12455.376743305247,
            14610.844984677688,
            13427.47568663075
        ],
        "FlagUp": 0,
        "Times": [],
        "width": 0,
        "height": 0,
        "area": [
            0.638279017285295,
            0.638279017285295,
            0.638279017285295,
            0.638279017285295,
            0.638279017285295,
            0.638279017285295,
            0.638279017285295,
            0.638279017285295
        ],
        "distance": -0.46123000000000003,
        "xpert": [
            [
                444.0,
                97.0
            ],
            [
                438.6,
                94.4
            ],
            [
                439.0,
                89.0
            ],
            [
                439.6,
                84.6
            ],
            [
                444.0,
                80.6
            ],
            [
                448.6,
                84.4
            ],
            [
                450.2,
                89.0
            ],
            [
                451.0,
                96.0
            ]
        ],
        "stack": 0,
        "shift": [
            [
                0.0,
                0.0
            ],
            [
                0.0,
                0.0
            ],
            [
                0.0,
                0.0
            ],
            [
                0.0,
                0.0
            ],
            [
                0.0,
                0.0
            ],
            [
                0.0,
                0.0
            ],
            [
                0.0,
                0.0
            ],
            [
                0.0,
                0.0
            ],
            [
                0.0,
                0.0
            ]
        ],
        "channel": 0
    },
    {
        "type": "Spine",
        "location": [
            425,
            70
        ],
        "radloc": [
            0,
            0
        ],
        "mean": [
            92.39047619047619,
            71.54285714285714,
            69.70476190476191,
            60.00952380952381,
            153.21904761904761,
            102.85714285714286,
            92.4,
            73.68571428571428
        ],
        "min": [
            12,
            16,
            12,
            11,
            39,
            15,
            13,
            10
        ],
        "max": [
            223,
            190,
            189,
            144,
            255,
            238,
            228,
            187
        ],
        "RawIntDen": [
            9701,
            7512,
            7319,
            6301,
            16088,
            10800,
            9702,
            7737
        ],
        "IntDen": [
            4422.817676203319,
            3424.822841319383,
            3336.831519650767,
            2872.711491367603,
            7334.7377357755895,
            4923.866704772276,
            4423.273589787094,
            3527.403397668805
        ],
        "FlagUp": 0,
        "Times": [],
        "width": 0,
        "height": 0,
        "area": [
            0.4559135837752107,
            0.4559135837752107,
            0.4559135837752107,
            0.4559135837752107,
            0.4559135837752107,
            0.4559135837752107,
            0.4559135837752107,
            0.4559135837752107
        ],
        "distance": -0.79068,
        "xpert": [
            [
                425.0,
                77.0
            ],
            [
                419.8,
                75.2
            ],
            [
                419.0,
                70.0
            ],
            [
                421.2,
                66.2
            ],
            [
                425.0,
                65.2
            ],
            [
                428.4,
                66.6
            ],
            [
                430.4,
                70.0
            ],
            [
                430.6,
                75.6
            ]
        ],
        "stack": 0,
        "shift": [
            [
                0.0,
                0.0
            ],
            [
                0.0,
                0.0
            ],
            [
                0.0,
                0.0
            ],
            [
                0.0,
                0.0
            ],
            [
                0.0,
                0.0
            ],
            [
                0.0,
                0.0
            ],
            [
                0.0,
                0.0
            ],
            [
                0.0,
                0.0
            ],
            [
                0.0,
                0.0
            ]
        ],
        "channel": 0
    },
    {
        "type": "Spine",
        "location": [
            454,
            55
        ],
        "radloc": [
            0,
            0
        ],
        "mean": [
            92.83435582822086,
            73.36196319018404,
            86.94478527607362,
            87.95092024539878,
            76.51533742331289,
            89.15950920245399,
            87.62576687116564,
            97.66257668711657
        ],
        "min": [
            15,
            15,
            13,
            19,
            25,
            24,
            16,
            29
        ],
        "max": [
            228,
            197,
            214,
            181,
            194,
            206,
            216,
            184
        ],
        "RawIntDen": [
            15132,
            11958,
            14172,
            14336,
            12472,
            14533,
            14283,
            15919
        ],
        "IntDen": [
            10709.696657132357,
            8463.293194950353,
            10030.255156283358,
            10146.326412678396,
            8827.077498529921,
            10285.753470665119,
            10108.815579819024,
            11266.697137515861
        ],
        "FlagUp": 0,
        "Times": [],
        "width": 0,
        "height": 0,
        "area": [
            0.7077515633843747,
            0.7077515633843747,
            0.7077515633843747,
            0.7077515633843747,
            0.7077515633843747,
            0.7077515633843747,
            0.7077515633843747,
            0.7077515633843747
        ],
        "distance": -0.9497525316247634,
        "xpert": [
            [
                454.0,
                62.8
            ],
            [
                446.6,
                62.4
            ],
            [
                446.0,
                55.0
            ],
            [
                447.6,
                48.6
            ],
            [
                454.0,
                47.8
            ],
            [
                458.4,
                50.6
            ],
            [
                459.6,
                55.0
            ],
            [
                458.4,
                59.4
            ]
        ],
        "stack": 0,
        "shift": [
            [
                0.0,
                0.0
            ],
            [
                0.0,
                0.0
            ],
            [
                0.0,
                0.0
            ],
            [
                0.0,
                0.0
            ],
            [
                0.0,
                0.0
            ],
            [
                0.0,
                0.0
            ],
            [
                0.0,
                0.0
            ],
            [
                0.0,
                0.0
            ],
            [
                0.0,
                0.0
            ]
        ],
        "channel": 0
    },
    {
        "type": "Spine",
        "location": [
            453,
            40
        ],
        "radloc": [
            0,
            0
        ],
        "mean": [
            126.83916083916084,
            126.2027972027972,
            104.36363636363636,
            114.13986013986013,
            118.04195804195804,
            120.53846153846153,
            145.62937062937064,
            135.96503496503496
        ],
        "min": [
            20,
            19,
            19,
            17,
            15,
            26,
            34,
            26
        ],
        "max": [
            235,
            247,
            201,
            204,
            255,
            217,
            253,
            244
        ],
        "RawIntDen": [
            18138,
            18047,
            14924,
            16322,
            16880,
            17237,
            20825,
            19443
        ],
        "IntDen": [
            11262.081555234403,
            11205.578665085195,
            9266.473984470076,
            10134.50739577329,
            10480.975667237662,
            10702.64085166917,
            12930.469091837935,
            12072.370254626889
        ],
        "FlagUp": 0,
        "Times": [],
        "width": 0,
        "height": 0,
        "area": [
            0.620910880760525,
            0.620910880760525,
            0.620910880760525,
            0.620910880760525,
            0.620910880760525,
            0.620910880760525,
            0.620910880760525,
            0.620910880760525
        ],
        "distance": 0.06589,
        "xpert": [
            [
                453.0,
                48.2
            ],
            [
                446.8,
                46.2
            ],
            [
                444.2,
                40.0
            ],
            [
                447.2,
                34.2
            ],
            [
                453.0,
                35.2
            ],
            [
                456.2,
                36.8
            ],
            [
                458.0,
                40.0
            ],
            [
                458.2,
                45.2
            ]
        ],
        "stack": 0,
        "shift": [
            [
                0.0,
                0.0
            ],
            [
                0.0,
                0.0
            ],
            [
                0.0,
                0.0
            ],
            [
                0.0,
                0.0
            ],
            [
                0.0,
                0.0
            ],
            [
                0.0,
                0.0
            ],
            [
                0.0,
                0.0
            ],
            [
                0.0,
                0.0
            ],
            [
                0.0,
                0.0
            ]
        ],
        "channel": 0
    },
    {
        "type": "Spine",
        "location": [
            453,
            16
        ],
        "radloc": [
            0,
            0
        ],
        "mean": [
            64.40983606557377,
            72.78688524590164,
            82.17213114754098,
            95.50819672131148,
            72.25409836065573,
            86.22131147540983,
            81.72131147540983,
            65.25409836065573
        ],
        "min": [
            13,
            15,
            17,
            23,
            14,
            13,
            14,
            9
        ],
        "max": [
            129,
            174,
            194,
            204,
            155,
            192,
            225,
            157
        ],
        "RawIntDen": [
            7858,
            8880,
            10025,
            11652,
            8815,
            10519,
            9970,
            7961
        ],
        "IntDen": [
            4162.603912755085,
            4703.986096368688,
            5310.524844154967,
            6172.392566991887,
            4669.553765708332,
            5572.210557173675,
            5281.389795134664,
            4217.165913647649
        ],
        "FlagUp": 0,
        "Times": [],
        "width": 0,
        "height": 0,
        "area": [
            0.529728164005483,
            0.529728164005483,
            0.529728164005483,
            0.529728164005483,
            0.529728164005483,
            0.529728164005483,
            0.529728164005483,
            0.529728164005483
        ],
        "distance": 1.6745425316247633,
        "xpert": [
            [
                453.0,
                23.0
            ],
            [
                448.4,
                20.6
            ],
            [
                444.8,
                16.0
            ],
            [
                446.4,
                9.4
            ],
            [
                453.0,
                10.8
            ],
            [
                456.4,
                12.6
            ],
            [
                457.8,
                16.0
            ],
            [
                457.8,
                20.8
            ]
        ],
        "stack": 0,
        "shift": [
            [
                0.0,
                0.0
            ],
            [
                0.0,
                0.0
            ],
            [
                0.0,
                0.0
            ],
            [
                0.0,
                0.0
            ],
            [
                0.0,
                0.0
            ],
            [
                0.0,
                0.0
            ],
            [
                0.0,
                0.0
            ],
            [
                0.0,
                0.0
            ],
            [
                0.0,
                0.0
            ]
        ],
        "channel": 0
    }
]