[
    {
        "type": "Spine",
        "location": [
            130,
            269
        ],
        "radloc": [
            0,
            0
        ],
        "mean": [
            39.21052631578947,
            38.38235294117647,
            22.644927536231883,
            14.578231292517007,
            11.45631067961165,
            15.090909090909092,
            20.56989247311828,
            22.598425196850393
        ],
        "min": [
            12,
            11,
            6,
            4,
            1,
            2,
            4,
            5
        ],
        "max": [
            88,
            75,
            65,
            36,
            30,
            46,
            55,
            70
        ],
        "RawIntDen": [
            4470,
            3915,
            3125,
            2143,
            1180,
            2158,
            1913,
            2870
        ],
        "IntDen": [
            2212.613752573048,
            1733.9044896090804,
            1872.5022190767434,
            1367.8319340423761,
            527.7308283051301,
            1339.9256806812023,
            772.4869502463173,
            1582.6280204783354
        ],
        "FlagUp": 0,
        "Times": [
            -15,
            -10,
            -5,
            2,
            10,
            20,
            30,
            40
        ],
        "width": 0,
        "height": 0,
        "area": [
            0.4949918909559391,
            0.4428874813816297,
            0.5992007101045579,
            0.6382790172852899,
            0.44722951551282214,
            0.6209108807605201,
            0.4038091742008977,
            0.5514383346614409
        ],
        "distance": 2.0971750632495265,
        "xpert": [
            [
                [
                    130.0,
                    274.6
                ],
                [
                    125.2,
                    273.8
                ],
                [
                    124.2,
                    269.0
                ],
                [
                    124.6,
                    263.6
                ],
                [
                    130.0,
                    259.8
                ],
                [
                    134.0,
                    265.0
                ],
                [
                    134.8,
                    269.0
                ],
                [
                    133.6,
                    272.6
                ]
            ],
            [
                [
                    130.0,
                    274.6
                ],
                [
                    126.2,
                    272.8
                ],
                [
                    124.2,
                    269.0
                ],
                [
                    124.6,
                    263.6
                ],
                [
                    130.0,
                    259.8
                ],
                [
                    133.8,
                    265.2
                ],
                [
                    134.0,
                    269.0
                ],
                [
                    133.6,
                    272.6
                ]
            ],
            [
                [
                    130.0,
                    275.0
                ],
                [
                    126.2,
                    272.8
                ],
                [
                    124.6,
                    269.0
                ],
                [
                    123.0,
                    262.0
                ],
                [
                    130.0,
                    259.8
                ],
                [
                    134.8,
                    264.2
                ],
                [
                    135.6,
                    269.0
                ],
                [
                    135.6,
                    274.6
                ]
            ],
            [
                [
                    130.0,
                    274.4
                ],
                [
                    126.8,
                    272.2
                ],
                [
                    124.4,
                    269.0
                ],
                [
                    124.4,
                    263.4
                ],
                [
                    130.0,
                    260.6
                ],
                [
                    138.2,
                    260.8
                ],
                [
                    136.8,
                    269.0
                ],
                [
                    134.6,
                    273.6
                ]
            ],
            [
                [
                    130.0,
                    274.0
                ],
                [
                    127.0,
                    272.0
                ],
                [
                    125.2,
                    269.0
                ],
                [
                    122.4,
                    261.4
                ],
                [
                    130.0,
                    262.0
                ],
                [
                    134.2,
                    264.8
                ],
                [
                    135.2,
                    269.0
                ],
                [
                    133.4,
                    272.4
                ]
            ],
            [
                [
                    130.0,
                    274.6
                ],
                [
                    126.0,
                    273.0
                ],
                [
                    125.0,
                    269.0
                ],
                [
                    122.8,
                    261.8
                ],
                [
                    130.0,
                    260.2
                ],
                [
                    135.2,
                    263.8
                ],
                [
                    136.4,
                    269.0
                ],
                [
                    135.6,
                    274.6
                ]
            ],
            [
                [
                    130.0,
                    273.2
                ],
                [
                    126.8,
                    272.2
                ],
                [
                    125.0,
                    269.0
                ],
                [
                    123.8,
                    262.8
                ],
                [
                    130.0,
                    261.4
                ],
                [
                    133.8,
                    265.2
                ],
                [
                    134.0,
                    269.0
                ],
                [
                    134.2,
                    273.2
                ]
            ],
            [
                [
                    130.0,
                    273.0
                ],
                [
                    127.0,
                    272.0
                ],
                [
                    124.8,
                    269.0
                ],
                [
                    123.6,
                    262.6
                ],
                [
                    130.0,
                    260.2
                ],
                [
                    135.6,
                    263.4
                ],
                [
                    136.2,
                    269.0
                ],
                [
                    135.4,
                    274.4
                ]
            ]
        ],
        "stack": 0,
        "shift": [
            [
                0,
                0
            ],
            [
                -1,
                0
            ],
            [
                2,
                0
            ],
            [
                4,
                0
            ],
            [
                4,
                0
            ],
            [
                4,
                0
            ],
            [
                4,
                0
            ],
            [
                4,
                0
            ]
        ],
        "channel": 0
    },
    {
        "type": "Spine",
        "location": [
            131,
            242
        ],
        "radloc": [
            0,
            0
        ],
        "mean": [
            51.93589743589744,
            58.046875,
            23.661016949152543,
            24.05185185185185,
            21.149253731343283,
            20.964285714285715,
            22.94701986754967,
            21.408
        ],
        "min": [
            14,
            19,
            8,
            9,
            9,
            8,
            6,
            6
        ],
        "max": [
            100,
            120,
            66,
            63,
            50,
            44,
            71,
            49
        ],
        "RawIntDen": [
            4051,
            3715,
            2792,
            3247,
            2834,
            2348,
            3465,
            2676
        ],
        "IntDen": [
            1371.9872607059274,
            1032.3620350323165,
            1430.5091967261392,
            1903.3089512375536,
            1648.9135135251195,
            1141.8507676844652,
            2271.8173879518567,
            1452.410416883874
        ],
        "FlagUp": 0,
        "Times": [
            -15,
            -10,
            -5,
            2,
            10,
            20,
            30,
            40
        ],
        "width": 0,
        "height": 0,
        "area": [
            0.33867866223301096,
            0.2778901843963167,
            0.5123600274807089,
            0.5861746077109805,
            0.581832573579788,
            0.4863078226935542,
            0.6556471538100597,
            0.542754266399056
        ],
        "distance": 2.333343369546293,
        "xpert": [
            [
                [
                    131.0,
                    246.6
                ],
                [
                    128.0,
                    245.0
                ],
                [
                    125.0,
                    242.0
                ],
                [
                    126.2,
                    237.2
                ],
                [
                    131.0,
                    236.4
                ],
                [
                    134.2,
                    238.8
                ],
                [
                    136.0,
                    242.0
                ],
                [
                    134.4,
                    245.4
                ]
            ],
            [
                [
                    131.0,
                    246.6
                ],
                [
                    128.0,
                    245.0
                ],
                [
                    123.6,
                    242.0
                ],
                [
                    126.0,
                    237.0
                ],
                [
                    131.0,
                    238.6
                ],
                [
                    134.4,
                    238.6
                ],
                [
                    135.2,
                    242.0
                ],
                [
                    134.0,
                    245.0
                ]
            ],
            [
                [
                    131.0,
                    246.6
                ],
                [
                    128.0,
                    245.0
                ],
                [
                    123.0,
                    242.0
                ],
                [
                    125.0,
                    236.0
                ],
                [
                    131.0,
                    234.0
                ],
                [
                    134.4,
                    238.6
                ],
                [
                    137.2,
                    242.0
                ],
                [
                    136.2,
                    247.2
                ]
            ],
            [
                [
                    131.0,
                    246.6
                ],
                [
                    128.0,
                    245.0
                ],
                [
                    123.0,
                    242.0
                ],
                [
                    125.8,
                    236.8
                ],
                [
                    131.0,
                    234.6
                ],
                [
                    137.0,
                    236.0
                ],
                [
                    137.4,
                    242.0
                ],
                [
                    137.0,
                    248.0
                ]
            ],
            [
                [
                    131.0,
                    246.6
                ],
                [
                    128.0,
                    245.0
                ],
                [
                    122.8,
                    242.0
                ],
                [
                    127.6,
                    238.6
                ],
                [
                    131.0,
                    235.6
                ],
                [
                    136.2,
                    236.8
                ],
                [
                    141.2,
                    242.0
                ],
                [
                    137.6,
                    248.6
                ]
            ],
            [
                [
                    131.0,
                    246.6
                ],
                [
                    128.0,
                    245.0
                ],
                [
                    124.2,
                    242.0
                ],
                [
                    127.0,
                    238.0
                ],
                [
                    131.0,
                    237.0
                ],
                [
                    136.6,
                    236.4
                ],
                [
                    137.4,
                    242.0
                ],
                [
                    138.2,
                    249.2
                ]
            ],
            [
                [
                    131.0,
                    246.6
                ],
                [
                    128.0,
                    245.0
                ],
                [
                    124.8,
                    242.0
                ],
                [
                    125.6,
                    236.6
                ],
                [
                    131.0,
                    232.0
                ],
                [
                    137.8,
                    235.2
                ],
                [
                    137.6,
                    242.0
                ],
                [
                    137.0,
                    248.0
                ]
            ],
            [
                [
                    131.0,
                    246.6
                ],
                [
                    128.0,
                    245.0
                ],
                [
                    125.0,
                    242.0
                ],
                [
                    126.6,
                    237.6
                ],
                [
                    131.0,
                    235.4
                ],
                [
                    136.4,
                    236.6
                ],
                [
                    139.4,
                    242.0
                ],
                [
                    137.2,
                    248.2
                ]
            ]
        ],
        "stack": 0,
        "shift": [
            [
                0,
                0
            ],
            [
                -1,
                0
            ],
            [
                2,
                0
            ],
            [
                4,
                0
            ],
            [
                4,
                0
            ],
            [
                4,
                0
            ],
            [
                4,
                0
            ],
            [
                2,
                0
            ]
        ],
        "channel": 0
    },
    {
        "type": "Spine",
        "location": [
            111,
            234
        ],
        "radloc": [
            0,
            0
        ],
        "mean": [
            53.509803921568626,
            42.282828282828284,
            36.0,
            33.98095238095238,
            39.6013986013986,
            43.0875,
            51.621212121212125,
            44.621428571428574
        ],
        "min": [
            10,
            9,
            6,
            6,
            6,
            7,
            10,
            8
        ],
        "max": [
            110,
            104,
            98,
            102,
            95,
            101,
            120,
            119
        ],
        "RawIntDen": [
            5458,
            4186,
            4572,
            3568,
            5663,
            6894,
            6814,
            6247
        ],
        "IntDen": [
            2417.279873380935,
            1799.3997324439872,
            2521.176066072108,
            1626.6996669099387,
            3516.2183177468255,
            4789.437328070518,
            3905.4339152327852,
            3797.4562104582915
        ],
        "FlagUp": 0,
        "Times": [
            -15,
            -10,
            -5,
            2,
            10,
            20,
            30,
            40
        ],
        "width": 0,
        "height": 0,
        "area": [
            0.4428874813816297,
            0.4298613789880524,
            0.5514383346614409,
            0.4559135837752071,
            0.6209108807605201,
            0.6947254609907917,
            0.5731485053174031,
            0.6078847783669428
        ],
        "distance": 3.967447974371449,
        "xpert": [
            [
                [
                    111.0,
                    239.4
                ],
                [
                    104.8,
                    240.2
                ],
                [
                    104.2,
                    234.0
                ],
                [
                    105.4,
                    228.4
                ],
                [
                    111.0,
                    229.0
                ],
                [
                    114.2,
                    230.8
                ],
                [
                    114.8,
                    234.0
                ],
                [
                    115.0,
                    238.0
                ]
            ],
            [
                [
                    111.0,
                    240.6
                ],
                [
                    105.2,
                    239.8
                ],
                [
                    103.8,
                    234.0
                ],
                [
                    106.0,
                    229.0
                ],
                [
                    111.0,
                    229.2
                ],
                [
                    114.0,
                    231.0
                ],
                [
                    115.4,
                    234.0
                ],
                [
                    114.2,
                    237.2
                ]
            ],
            [
                [
                    111.0,
                    241.4
                ],
                [
                    103.6,
                    241.4
                ],
                [
                    104.0,
                    234.0
                ],
                [
                    107.4,
                    230.4
                ],
                [
                    111.0,
                    228.4
                ],
                [
                    115.2,
                    229.8
                ],
                [
                    115.8,
                    234.0
                ],
                [
                    115.2,
                    238.2
                ]
            ],
            [
                [
                    111.0,
                    240.4
                ],
                [
                    105.0,
                    240.0
                ],
                [
                    104.6,
                    234.0
                ],
                [
                    106.6,
                    229.6
                ],
                [
                    111.0,
                    229.2
                ],
                [
                    114.2,
                    230.8
                ],
                [
                    116.2,
                    234.0
                ],
                [
                    115.2,
                    238.2
                ]
            ],
            [
                [
                    111.0,
                    244.4
                ],
                [
                    104.2,
                    240.8
                ],
                [
                    105.6,
                    234.0
                ],
                [
                    106.6,
                    229.6
                ],
                [
                    111.0,
                    227.4
                ],
                [
                    115.2,
                    229.8
                ],
                [
                    116.8,
                    234.0
                ],
                [
                    115.4,
                    238.4
                ]
            ],
            [
                [
                    111.0,
                    243.2
                ],
                [
                    103.8,
                    241.2
                ],
                [
                    104.4,
                    234.0
                ],
                [
                    105.8,
                    228.8
                ],
                [
                    111.0,
                    226.0
                ],
                [
                    116.4,
                    228.6
                ],
                [
                    116.8,
                    234.0
                ],
                [
                    114.8,
                    237.8
                ]
            ],
            [
                [
                    111.0,
                    242.2
                ],
                [
                    103.8,
                    241.2
                ],
                [
                    104.8,
                    234.0
                ],
                [
                    105.2,
                    228.2
                ],
                [
                    111.0,
                    228.4
                ],
                [
                    115.0,
                    230.0
                ],
                [
                    116.2,
                    234.0
                ],
                [
                    115.2,
                    238.2
                ]
            ],
            [
                [
                    111.0,
                    241.0
                ],
                [
                    103.8,
                    241.2
                ],
                [
                    104.6,
                    234.0
                ],
                [
                    106.6,
                    229.6
                ],
                [
                    111.0,
                    228.6
                ],
                [
                    115.2,
                    229.8
                ],
                [
                    118.0,
                    234.0
                ],
                [
                    116.4,
                    239.4
                ]
            ]
        ],
        "stack": 0,
        "shift": [
            [
                0,
                0
            ],
            [
                -3,
                0
            ],
            [
                -3,
                0
            ],
            [
                -5,
                0
            ],
            [
                -5,
                0
            ],
            [
                -5,
                0
            ],
            [
                -5,
                0
            ],
            [
                -5,
                0
            ]
        ],
        "channel": 0
    },
    {
        "type": "Spine",
        "location": [
            88,
            226
        ],
        "radloc": [
            0,
            0
        ],
        "mean": [
            51.9171974522293,
            37.392,
            40.80392156862745,
            38.99337748344371,
            42.470588235294116,
            35.18791946308725,
            42.595419847328245,
            40.26923076923077
        ],
        "min": [
            9,
            6,
            7,
            10,
            8,
            5,
            3,
            5
        ],
        "max": [
            110,
            84,
            84,
            91,
            85,
            90,
            108,
            104
        ],
        "RawIntDen": [
            8151,
            4674,
            6243,
            5888,
            5054,
            5243,
            5580,
            6282
        ],
        "IntDen": [
            5556.531471925894,
            2536.833441149188,
            4147.419819398271,
            3860.4504416336313,
            2611.412219386549,
            3392.027457526459,
            3173.940109219056,
            4255.15871229555
        ],
        "FlagUp": 0,
        "Times": [
            -15,
            -10,
            -5,
            2,
            10,
            20,
            30,
            40
        ],
        "width": 0,
        "height": 0,
        "area": [
            0.6816993585972144,
            0.542754266399056,
            0.6643312220724445,
            0.6556471538100597,
            0.5167020616119014,
            0.6469630855476748,
            0.5688064711862107,
            0.6773573244660219
        ],
        "distance": 5.6240632906190795,
        "xpert": [
            [
                [
                    88.0,
                    238.6
                ],
                [
                    79.2,
                    234.8
                ],
                [
                    81.0,
                    226.0
                ],
                [
                    83.2,
                    221.2
                ],
                [
                    88.0,
                    220.8
                ],
                [
                    91.0,
                    223.0
                ],
                [
                    93.0,
                    226.0
                ],
                [
                    91.4,
                    229.4
                ]
            ],
            [
                [
                    88.0,
                    234.0
                ],
                [
                    79.2,
                    234.8
                ],
                [
                    81.6,
                    226.0
                ],
                [
                    83.6,
                    221.6
                ],
                [
                    88.0,
                    220.8
                ],
                [
                    91.2,
                    222.8
                ],
                [
                    92.6,
                    226.0
                ],
                [
                    91.2,
                    229.2
                ]
            ],
            [
                [
                    88.0,
                    237.0
                ],
                [
                    78.6,
                    235.4
                ],
                [
                    82.4,
                    226.0
                ],
                [
                    84.6,
                    222.6
                ],
                [
                    88.0,
                    220.8
                ],
                [
                    92.0,
                    222.0
                ],
                [
                    92.6,
                    226.0
                ],
                [
                    93.0,
                    231.0
                ]
            ],
            [
                [
                    88.0,
                    238.4
                ],
                [
                    79.8,
                    234.2
                ],
                [
                    81.2,
                    226.0
                ],
                [
                    83.6,
                    221.6
                ],
                [
                    88.0,
                    220.4
                ],
                [
                    91.8,
                    222.2
                ],
                [
                    94.0,
                    226.0
                ],
                [
                    91.6,
                    229.6
                ]
            ],
            [
                [
                    88.0,
                    233.0
                ],
                [
                    78.8,
                    235.2
                ],
                [
                    82.6,
                    226.0
                ],
                [
                    84.0,
                    222.0
                ],
                [
                    88.0,
                    221.6
                ],
                [
                    91.8,
                    222.2
                ],
                [
                    92.8,
                    226.0
                ],
                [
                    93.0,
                    231.0
                ]
            ],
            [
                [
                    88.0,
                    237.0
                ],
                [
                    80.4,
                    233.6
                ],
                [
                    82.8,
                    226.0
                ],
                [
                    84.2,
                    222.2
                ],
                [
                    88.0,
                    220.6
                ],
                [
                    92.2,
                    221.8
                ],
                [
                    94.4,
                    226.0
                ],
                [
                    92.8,
                    230.8
                ]
            ],
            [
                [
                    88.0,
                    236.6
                ],
                [
                    79.8,
                    234.2
                ],
                [
                    82.8,
                    226.0
                ],
                [
                    84.8,
                    222.8
                ],
                [
                    88.0,
                    221.0
                ],
                [
                    91.4,
                    222.6
                ],
                [
                    92.4,
                    226.0
                ],
                [
                    92.4,
                    230.4
                ]
            ],
            [
                [
                    88.0,
                    236.2
                ],
                [
                    80.6,
                    233.4
                ],
                [
                    77.6,
                    226.0
                ],
                [
                    84.2,
                    222.2
                ],
                [
                    88.0,
                    221.0
                ],
                [
                    91.0,
                    223.0
                ],
                [
                    92.8,
                    226.0
                ],
                [
                    93.0,
                    231.0
                ]
            ]
        ],
        "stack": 0,
        "shift": [
            [
                0,
                0
            ],
            [
                -1,
                0
            ],
            [
                -1,
                0
            ],
            [
                -1,
                0
            ],
            [
                -1,
                0
            ],
            [
                -5,
                0
            ],
            [
                -3,
                0
            ],
            [
                -3,
                0
            ]
        ],
        "channel": 0
    },
    {
        "type": "Spine",
        "location": [
            37,
            219
        ],
        "radloc": [
            0,
            0
        ],
        "mean": [
            41.35087719298246,
            45.95762711864407,
            42.943820224719104,
            39.53488372093023,
            53.45360824742268,
            43.361111111111114,
            30.23448275862069,
            39.872549019607845
        ],
        "min": [
            13,
            15,
            12,
            9,
            13,
            7,
            5,
            7
        ],
        "max": [
            76,
            87,
            109,
            84,
            101,
            93,
            77,
            90
        ],
        "RawIntDen": [
            4714,
            5423,
            3822,
            3400,
            5185,
            4683,
            4384,
            4067
        ],
        "IntDen": [
            2333.391773966297,
            2778.528429027884,
            1476.9776459981608,
            1269.6107799606718,
            2183.804356112586,
            2196.0445503284172,
            2760.1442565164157,
            1801.223386779088
        ],
        "FlagUp": 0,
        "Times": [
            -15,
            -10,
            -5,
            2,
            10,
            20,
            30,
            40
        ],
        "width": 0,
        "height": 0,
        "area": [
            0.4949918909559391,
            0.5123600274807089,
            0.3864410376761279,
            0.37341493528255054,
            0.4211773107256675,
            0.4689396861687844,
            0.629594949022905,
            0.4428874813816297
        ],
        "distance": 8.739623923114342,
        "xpert": [
            [
                [
                    37.0,
                    224.6
                ],
                [
                    32.8,
                    223.2
                ],
                [
                    30.8,
                    219.0
                ],
                [
                    32.8,
                    214.8
                ],
                [
                    37.0,
                    209.8
                ],
                [
                    41.8,
                    214.2
                ],
                [
                    43.0,
                    219.0
                ],
                [
                    40.4,
                    222.4
                ]
            ],
            [
                [
                    37.0,
                    224.4
                ],
                [
                    32.8,
                    223.2
                ],
                [
                    30.0,
                    219.0
                ],
                [
                    33.0,
                    215.0
                ],
                [
                    37.0,
                    212.2
                ],
                [
                    42.6,
                    213.4
                ],
                [
                    44.6,
                    219.0
                ],
                [
                    40.8,
                    222.8
                ]
            ],
            [
                [
                    37.0,
                    224.0
                ],
                [
                    33.6,
                    222.4
                ],
                [
                    31.4,
                    219.0
                ],
                [
                    33.2,
                    215.2
                ],
                [
                    37.0,
                    213.6
                ],
                [
                    42.0,
                    214.0
                ],
                [
                    42.6,
                    219.0
                ],
                [
                    40.8,
                    222.8
                ]
            ],
            [
                [
                    37.0,
                    223.6
                ],
                [
                    33.8,
                    222.2
                ],
                [
                    32.0,
                    219.0
                ],
                [
                    32.4,
                    214.4
                ],
                [
                    37.0,
                    212.8
                ],
                [
                    42.6,
                    213.4
                ],
                [
                    41.6,
                    219.0
                ],
                [
                    40.6,
                    222.6
                ]
            ],
            [
                [
                    37.0,
                    224.4
                ],
                [
                    33.4,
                    222.6
                ],
                [
                    32.8,
                    219.0
                ],
                [
                    32.6,
                    214.6
                ],
                [
                    37.0,
                    213.4
                ],
                [
                    40.4,
                    215.6
                ],
                [
                    43.2,
                    219.0
                ],
                [
                    43.2,
                    225.2
                ]
            ],
            [
                [
                    37.0,
                    224.0
                ],
                [
                    33.4,
                    222.6
                ],
                [
                    30.8,
                    219.0
                ],
                [
                    33.2,
                    215.2
                ],
                [
                    37.0,
                    213.8
                ],
                [
                    42.6,
                    213.4
                ],
                [
                    45.8,
                    219.0
                ],
                [
                    40.8,
                    222.8
                ]
            ],
            [
                [
                    37.0,
                    224.2
                ],
                [
                    33.2,
                    222.8
                ],
                [
                    31.8,
                    219.0
                ],
                [
                    32.2,
                    214.2
                ],
                [
                    37.0,
                    211.4
                ],
                [
                    42.6,
                    213.4
                ],
                [
                    47.0,
                    219.0
                ],
                [
                    43.0,
                    225.0
                ]
            ],
            [
                [
                    37.0,
                    224.0
                ],
                [
                    33.8,
                    222.2
                ],
                [
                    32.2,
                    219.0
                ],
                [
                    33.6,
                    215.6
                ],
                [
                    37.0,
                    214.0
                ],
                [
                    42.6,
                    213.4
                ],
                [
                    46.2,
                    219.0
                ],
                [
                    41.4,
                    223.4
                ]
            ]
        ],
        "stack": 0,
        "shift": [
            [
                0,
                0
            ],
            [
                0,
                0
            ],
            [
                0,
                0
            ],
            [
                0,
                0
            ],
            [
                0,
                0
            ],
            [
                0,
                0
            ],
            [
                0,
                0
            ],
            [
                0,
                0
            ]
        ],
        "channel": 0
    }
]