[
    {
        "type": "Spine",
        "location": [
            9,
            263
        ],
        "radloc": [
            0,
            0
        ],
        "mean": [
            36.43283582089552,
            38.059701492537314,
            38.492537313432834,
            48.223880597014926,
            52.485074626865675,
            47.62686567164179,
            34.85820895522388,
            44.69402985074627
        ],
        "min": [
            7,
            5,
            7,
            13,
            12,
            10,
            8,
            5
        ],
        "max": [
            93,
            95,
            100,
            128,
            112,
            116,
            80,
            136
        ],
        "RawIntDen": [
            4882,
            5100,
            5158,
            6462,
            7033,
            6382,
            4671,
            5989
        ],
        "IntDen": [
            2840.5066242165262,
            2967.3461252569205,
            3001.092414524548,
            3759.8020904725918,
            4092.028489986651,
            3713.2554845862087,
            2717.7399511911913,
            3484.595283169352
        ],
        "FlagUp": 0,
        "Times": [],
        "width": 0,
        "height": 0,
        "area": [
            0.5818325735797883,
            0.5818325735797883,
            0.5818325735797883,
            0.5818325735797883,
            0.5818325735797883,
            0.5818325735797883,
            0.5818325735797883,
            0.5818325735797883
        ],
        "distance": 5.60065,
        "xpert": [
            [
                9.0,
                269.0
            ],
            [
                5.6,
                266.4
            ],
            [
                4.2,
                263.0
            ],
            [
                4.6,
                258.6
            ],
            [
                9.0,
                255.2
            ],
            [
                15.0,
                257.0
            ],
            [
                16.2,
                263.0
            ],
            [
                15.4,
                269.4
            ]
        ],
        "stack": 0,
        "shift": [
            [
                0.0,
                0.0
            ],
            [
                0.0,
                0.0
            ],
            [
                0.0,
                0.0
            ],
            [
                0.0,
                0.0
            ],
            [
                0.0,
                0.0
            ],
            [
                0.0,
                0.0
            ],
            [
                0.0,
                0.0
            ],
            [
                0.0,
                0.0
            ],
            [
                0.0,
                0.0
            ]
        ],
        "channel": 0
    },
    {
        "type": "Spine",
        "location": [
            56,
            236
        ],
        "radloc": [
            0,
            0
        ],
        "mean": [
            29.570093457943926,
            28.27102803738318,
            35.22429906542056,
            27.299065420560748,
            38.757009345794394,
            39.63551401869159,
            39.532710280373834,
            41.87850467289719
        ],
        "min": [
            6,
            6,
            8,
            9,
            11,
            12,
            12,
            14
        ],
        "max": [
            71,
            77,
            94,
            71,
            83,
            109,
            88,
            108
        ],
        "RawIntDen": [
            3164,
            3025,
            3769,
            2921,
            4147,
            4241,
            4230,
            4481
        ],
        "IntDen": [
            1469.9869710469416,
            1405.4078974137162,
            1751.068550529685,
            1357.0897416018067,
            1926.6864629998947,
            1970.3586422914284,
            1965.2480681190148,
            2081.8620787804502
        ],
        "FlagUp": 0,
        "Times": [],
        "width": 0,
        "height": 0,
        "area": [
            0.4645976520375921,
            0.4645976520375921,
            0.4645976520375921,
            0.4645976520375921,
            0.4645976520375921,
            0.4645976520375921,
            0.4645976520375921,
            0.4645976520375921
        ],
        "distance": 2.50382,
        "xpert": [
            [
                56.0,
                241.2
            ],
            [
                48.8,
                243.2
            ],
            [
                49.8,
                236.0
            ],
            [
                52.2,
                232.2
            ],
            [
                56.0,
                230.0
            ],
            [
                59.8,
                232.2
            ],
            [
                61.8,
                236.0
            ],
            [
                60.4,
                240.4
            ]
        ],
        "stack": 0,
        "shift": [
            [
                0.0,
                0.0
            ],
            [
                0.0,
                0.0
            ],
            [
                0.0,
                0.0
            ],
            [
                0.0,
                0.0
            ],
            [
                0.0,
                0.0
            ],
            [
                0.0,
                0.0
            ],
            [
                0.0,
                0.0
            ],
            [
                0.0,
                0.0
            ],
            [
                0.0,
                0.0
            ]
        ],
        "channel": 0
    },
    {
        "type": "Spine",
        "location": [
            67,
            242
        ],
        "radloc": [
            0,
            0
        ],
        "mean": [
            75.12941176470588,
            64.5764705882353,
            75.98823529411764,
            68.56470588235294,
            46.811764705882354,
            65.47058823529412,
            52.705882352941174,
            53.705882352941174
        ],
        "min": [
            13,
            19,
            21,
            15,
            10,
            13,
            12,
            12
        ],
        "max": [
            178,
            138,
            149,
            170,
            136,
            152,
            120,
            95
        ],
        "RawIntDen": [
            6386,
            5489,
            6459,
            5828,
            3979,
            5565,
            4480,
            4565
        ],
        "IntDen": [
            2356.8995467525738,
            2025.8411544198054,
            2383.8418685366228,
            2150.9568679101158,
            1468.5410736812544,
            2053.8906949073084,
            1653.4465971580848,
            1684.8177937559503
        ],
        "FlagUp": 0,
        "Times": [],
        "width": 0,
        "height": 0,
        "area": [
            0.36907290115135827,
            0.36907290115135827,
            0.36907290115135827,
            0.36907290115135827,
            0.36907290115135827,
            0.36907290115135827,
            0.36907290115135827,
            0.36907290115135827
        ],
        "distance": 1.7790300000000001,
        "xpert": [
            [
                67.0,
                246.2
            ],
            [
                62.8,
                246.2
            ],
            [
                60.4,
                242.0
            ],
            [
                63.0,
                238.0
            ],
            [
                67.0,
                236.2
            ],
            [
                70.8,
                238.2
            ],
            [
                71.0,
                242.0
            ],
            [
                71.2,
                246.2
            ]
        ],
        "stack": 0,
        "shift": [
            [
                0.0,
                0.0
            ],
            [
                0.0,
                0.0
            ],
            [
                0.0,
                0.0
            ],
            [
                0.0,
                0.0
            ],
            [
                0.0,
                0.0
            ],
            [
                0.0,
                0.0
            ],
            [
                0.0,
                0.0
            ],
            [
                0.0,
                0.0
            ],
            [
                0.0,
                0.0
            ]
        ],
        "channel": 0
    },
    {
        "type": "Spine",
        "location": [
            69,
            262
        ],
        "radloc": [
            0,
            0
        ],
        "mean": [
            81.11278195488721,
            83.26315789473684,
            83.11278195488721,
            90.45112781954887,
            74.07518796992481,
            72.80451127819549,
            59.3984962406015,
            70.07518796992481
        ],
        "min": [
            11,
            15,
            21,
            13,
            8,
            11,
            9,
            8
        ],
        "max": [
            187,
            186,
            191,
            218,
            206,
            206,
            178,
            204
        ],
        "RawIntDen": [
            10788,
            11074,
            11054,
            12030,
            9852,
            9683,
            7900,
            9320
        ],
        "IntDen": [
            6229.967939571452,
            6395.130233853751,
            6383.580423064778,
            6947.211189566608,
            5689.436794647566,
            5591.840893480754,
            4562.175261643907,
            5382.2118276609135
        ],
        "FlagUp": 0,
        "Times": [],
        "width": 0,
        "height": 0,
        "area": [
            0.5774905394485959,
            0.5774905394485959,
            0.5774905394485959,
            0.5774905394485959,
            0.5774905394485959,
            0.5774905394485959,
            0.5774905394485959,
            0.5774905394485959
        ],
        "distance": 1.64725,
        "xpert": [
            [
                69.0,
                267.0
            ],
            [
                65.6,
                265.4
            ],
            [
                63.0,
                262.0
            ],
            [
                62.6,
                255.6
            ],
            [
                69.0,
                254.8
            ],
            [
                76.0,
                255.0
            ],
            [
                75.0,
                262.0
            ],
            [
                73.4,
                266.4
            ]
        ],
        "stack": 0,
        "shift": [
            [
                0.0,
                0.0
            ],
            [
                0.0,
                0.0
            ],
            [
                0.0,
                0.0
            ],
            [
                0.0,
                0.0
            ],
            [
                0.0,
                0.0
            ],
            [
                0.0,
                0.0
            ],
            [
                0.0,
                0.0
            ],
            [
                0.0,
                0.0
            ],
            [
                0.0,
                0.0
            ]
        ],
        "channel": 0
    },
    {
        "type": "Stim",
        "location": [
            94,
            262
        ],
        "radloc": [
            0,
            0
        ],
        "mean": [
            55.6605504587156,
            41.63302752293578,
            61.31192660550459,
            64.77981651376147,
            54.10091743119266,
            53.055045871559635,
            45.31192660550459,
            50.72477064220183
        ],
        "min": [
            14,
            11,
            18,
            13,
            17,
            11,
            8,
            6
        ],
        "max": [
            136,
            81,
            132,
            137,
            110,
            100,
            118,
            109
        ],
        "RawIntDen": [
            6067,
            4538,
            6683,
            7061,
            5897,
            5783,
            4939,
            5529
        ],
        "IntDen": [
            2871.4001970599606,
            2147.7524467212957,
            3162.9417367647466,
            3341.842227038138,
            2790.9423046089646,
            2736.988188494767,
            2337.5384165615865,
            2616.774631538573
        ],
        "FlagUp": 0,
        "Times": [],
        "width": 0,
        "height": 0,
        "area": [
            0.47328172029997706,
            0.47328172029997706,
            0.47328172029997706,
            0.47328172029997706,
            0.47328172029997706,
            0.47328172029997706,
            0.47328172029997706,
            0.47328172029997706
        ],
        "distance": 0,
        "xpert": [
            [
                94.0,
                268.0
            ],
            [
                90.0,
                266.0
            ],
            [
                87.0,
                262.0
            ],
            [
                86.8,
                254.8
            ],
            [
                94.0,
                256.8
            ],
            [
                97.6,
                258.4
            ],
            [
                99.0,
                262.0
            ],
            [
                97.6,
                265.6
            ]
        ],
        "stack": 0,
        "shift": [
            [
                0.0,
                0.0
            ],
            [
                0.0,
                0.0
            ],
            [
                0.0,
                0.0
            ],
            [
                0.0,
                0.0
            ],
            [
                0.0,
                0.0
            ],
            [
                0.0,
                0.0
            ],
            [
                0.0,
                0.0
            ],
            [
                0.0,
                0.0
            ],
            [
                0.0,
                0.0
            ]
        ],
        "channel": 0
    },
    {
        "type": "Stim",
        "location": [
            100,
            232
        ],
        "radloc": [
            0,
            0
        ],
        "mean": [
            45.81481481481482,
            48.18518518518518,
            52.23148148148148,
            45.74074074074074,
            50.78703703703704,
            55.05555555555556,
            50.53703703703704,
            47.74074074074074
        ],
        "min": [
            7,
            8,
            10,
            10,
            15,
            17,
            13,
            11
        ],
        "max": [
            135,
            110,
            132,
            111,
            143,
            141,
            124,
            106
        ],
        "RawIntDen": [
            4948,
            5204,
            5641,
            4940,
            5485,
            5946,
            5458,
            5156
        ],
        "IntDen": [
            2320.313567163146,
            2440.362126822355,
            2645.288769678114,
            2316.562049673796,
            2572.1341786357834,
            2788.315373959593,
            2559.4728071092263,
            2417.8530218862534
        ],
        "FlagUp": 0,
        "Times": [],
        "width": 0,
        "height": 0,
        "area": [
            0.4689396861687846,
            0.4689396861687846,
            0.4689396861687846,
            0.4689396861687846,
            0.4689396861687846,
            0.4689396861687846,
            0.4689396861687846,
            0.4689396861687846
        ],
        "distance": 0,
        "xpert": [
            [
                100.0,
                239.6
            ],
            [
                95.4,
                236.6
            ],
            [
                94.0,
                232.0
            ],
            [
                95.6,
                227.6
            ],
            [
                100.0,
                226.2
            ],
            [
                104.8,
                227.2
            ],
            [
                105.8,
                232.0
            ],
            [
                104.0,
                236.0
            ]
        ],
        "stack": 0,
        "shift": [
            [
                0.0,
                0.0
            ],
            [
                0.0,
                0.0
            ],
            [
                0.0,
                0.0
            ],
            [
                0.0,
                0.0
            ],
            [
                0.0,
                0.0
            ],
            [
                0.0,
                0.0
            ],
            [
                0.0,
                0.0
            ],
            [
                0.0,
                0.0
            ],
            [
                0.0,
                0.0
            ]
        ],
        "channel": 0
    },
    {
        "type": "Spine",
        "location": [
            115,
            235
        ],
        "radloc": [
            0,
            0
        ],
        "mean": [
            57.26262626262626,
            50.282828282828284,
            57.343434343434346,
            59.292929292929294,
            64.92929292929293,
            66.14141414141415,
            52.22222222222222,
            48.81818181818182
        ],
        "min": [
            15,
            15,
            13,
            11,
            18,
            19,
            6,
            7
        ],
        "max": [
            126,
            115,
            109,
            129,
            134,
            142,
            110,
            139
        ],
        "RawIntDen": [
            5669,
            4978,
            5677,
            5870,
            6428,
            6548,
            5170,
            4833
        ],
        "IntDen": [
            2436.88415748327,
            2139.8499446025257,
            2440.3230485151744,
            2523.2862946598684,
            2763.148944135202,
            2814.732309613768,
            2222.3833293682314,
            2077.520044649258
        ],
        "FlagUp": 0,
        "Times": [],
        "width": 0,
        "height": 0,
        "area": [
            0.42986137898805254,
            0.42986137898805254,
            0.42986137898805254,
            0.42986137898805254,
            0.42986137898805254,
            0.42986137898805254,
            0.42986137898805254,
            0.42986137898805254
        ],
        "distance": -1.0156425316247633,
        "xpert": [
            [
                115.0,
                240.8
            ],
            [
                109.2,
                240.8
            ],
            [
                110.0,
                235.0
            ],
            [
                111.4,
                231.4
            ],
            [
                115.0,
                229.8
            ],
            [
                119.0,
                231.0
            ],
            [
                120.8,
                235.0
            ],
            [
                120.8,
                240.8
            ]
        ],
        "stack": 0,
        "shift": [
            [
                0.0,
                0.0
            ],
            [
                0.0,
                0.0
            ],
            [
                0.0,
                0.0
            ],
            [
                0.0,
                0.0
            ],
            [
                0.0,
                0.0
            ],
            [
                0.0,
                0.0
            ],
            [
                0.0,
                0.0
            ],
            [
                0.0,
                0.0
            ],
            [
                0.0,
                0.0
            ]
        ],
        "channel": 0
    },
    {
        "type": "Stim",
        "location": [
            148,
            233
        ],
        "radloc": [
            0,
            0
        ],
        "mean": [
            55.395833333333336,
            62.71875,
            69.57291666666667,
            81.5625,
            69.03125,
            89.47916666666667,
            102.54166666666667,
            96.5
        ],
        "min": [
            9,
            6,
            7,
            10,
            9,
            14,
            23,
            12
        ],
        "max": [
            133,
            144,
            178,
            196,
            158,
            241,
            239,
            232
        ],
        "RawIntDen": [
            5318,
            6021,
            6679,
            7830,
            6627,
            8590,
            9844,
            9264
        ],
        "IntDen": [
            2216.730000929419,
            2509.765200375335,
            2784.0428123745,
            3263.820215734741,
            2762.367377991587,
            3580.615025946542,
            4103.326462796013,
            3861.562002371218
        ],
        "FlagUp": 0,
        "Times": [],
        "width": 0,
        "height": 0,
        "area": [
            0.41683527659447517,
            0.41683527659447517,
            0.41683527659447517,
            0.41683527659447517,
            0.41683527659447517,
            0.41683527659447517,
            0.41683527659447517,
            0.41683527659447517
        ],
        "distance": 0,
        "xpert": [
            [
                148.0,
                239.8
            ],
            [
                141.2,
                239.8
            ],
            [
                143.0,
                233.0
            ],
            [
                144.8,
                229.8
            ],
            [
                148.0,
                227.8
            ],
            [
                151.4,
                229.6
            ],
            [
                152.6,
                233.0
            ],
            [
                152.4,
                237.4
            ]
        ],
        "stack": 0,
        "shift": [
            [
                0.0,
                0.0
            ],
            [
                0.0,
                0.0
            ],
            [
                0.0,
                0.0
            ],
            [
                0.0,
                0.0
            ],
            [
                0.0,
                0.0
            ],
            [
                0.0,
                0.0
            ],
            [
                0.0,
                0.0
            ],
            [
                0.0,
                0.0
            ],
            [
                0.0,
                0.0
            ]
        ],
        "channel": 0
    },
    {
        "type": "Spine",
        "location": [
            169,
            232
        ],
        "radloc": [
            0,
            0
        ],
        "mean": [
            27.801652892561982,
            24.760330578512395,
            33.413223140495866,
            34.570247933884296,
            34.396694214876035,
            43.099173553719005,
            40.88429752066116,
            28.760330578512395
        ],
        "min": [
            5,
            6,
            6,
            7,
            8,
            9,
            7,
            5
        ],
        "max": [
            76,
            58,
            81,
            103,
            94,
            114,
            149,
            81
        ],
        "RawIntDen": [
            3364,
            2996,
            4043,
            4183,
            4162,
            5215,
            4947,
            3480
        ],
        "IntDen": [
            1767.3989408970997,
            1574.056845103362,
            2124.13612308174,
            2197.6901812641404,
            2186.65707253678,
            2739.8886672944036,
            2599.085184488095,
            1828.3437319625168
        ],
        "FlagUp": 0,
        "Times": [],
        "width": 0,
        "height": 0,
        "area": [
            0.5253861298742865,
            0.5253861298742865,
            0.5253861298742865,
            0.5253861298742865,
            0.5253861298742865,
            0.5253861298742865,
            0.5253861298742865,
            0.5253861298742865
        ],
        "distance": -1.38369,
        "xpert": [
            [
                169.0,
                239.2
            ],
            [
                162.8,
                238.2
            ],
            [
                163.4,
                232.0
            ],
            [
                165.0,
                228.0
            ],
            [
                169.0,
                226.4
            ],
            [
                172.8,
                228.2
            ],
            [
                173.8,
                232.0
            ],
            [
                175.6,
                238.6
            ]
        ],
        "stack": 0,
        "shift": [
            [
                0.0,
                0.0
            ],
            [
                0.0,
                0.0
            ],
            [
                0.0,
                0.0
            ],
            [
                0.0,
                0.0
            ],
            [
                0.0,
                0.0
            ],
            [
                0.0,
                0.0
            ],
            [
                0.0,
                0.0
            ],
            [
                0.0,
                0.0
            ],
            [
                0.0,
                0.0
            ]
        ],
        "channel": 0
    },
    {
        "type": "Spine",
        "location": [
            189,
            230
        ],
        "radloc": [
            0,
            0
        ],
        "mean": [
            71.42857142857143,
            79.49107142857143,
            87.21428571428571,
            99.05357142857143,
            93.9375,
            86.50892857142857,
            113.58928571428571,
            89.83035714285714
        ],
        "min": [
            10,
            5,
            14,
            9,
            19,
            13,
            28,
            17
        ],
        "max": [
            185,
            202,
            187,
            227,
            201,
            212,
            242,
            204
        ],
        "RawIntDen": [
            8000,
            8903,
            9768,
            11094,
            10521,
            9689,
            12722,
            10061
        ],
        "IntDen": [
            3890.462581548435,
            4329.598545440715,
            4750.25481207064,
            5395.098984962293,
            5116.444602558886,
            4711.836494077848,
            6186.808120307399,
            4892.74300411985
        ],
        "FlagUp": 0,
        "Times": [],
        "width": 0,
        "height": 0,
        "area": [
            0.4863078226935544,
            0.4863078226935544,
            0.4863078226935544,
            0.4863078226935544,
            0.4863078226935544,
            0.4863078226935544,
            0.4863078226935544,
            0.4863078226935544
        ],
        "distance": -1.7178226581238165,
        "xpert": [
            [
                189.0,
                236.8
            ],
            [
                182.6,
                236.4
            ],
            [
                184.0,
                230.0
            ],
            [
                185.8,
                226.8
            ],
            [
                189.0,
                224.6
            ],
            [
                193.0,
                226.0
            ],
            [
                195.2,
                230.0
            ],
            [
                194.2,
                235.2
            ]
        ],
        "stack": 0,
        "shift": [
            [
                0.0,
                0.0
            ],
            [
                0.0,
                0.0
            ],
            [
                0.0,
                0.0
            ],
            [
                0.0,
                0.0
            ],
            [
                0.0,
                0.0
            ],
            [
                0.0,
                0.0
            ],
            [
                0.0,
                0.0
            ],
            [
                0.0,
                0.0
            ],
            [
                0.0,
                0.0
            ]
        ],
        "channel": 0
    },
    {
        "type": "Stim",
        "location": [
            213,
            225
        ],
        "radloc": [
            0,
            0
        ],
        "mean": [
            101.2439024390244,
            92.52845528455285,
            103.52032520325203,
            102.130081300813,
            98.77235772357723,
            113.0569105691057,
            108.5691056910569,
            117.27642276422765
        ],
        "min": [
            18,
            23,
            17,
            20,
            16,
            28,
            28,
            26
        ],
        "max": [
            200,
            191,
            210,
            193,
            216,
            248,
            210,
            246
        ],
        "RawIntDen": [
            12453,
            11381,
            12733,
            12562,
            12149,
            13906,
            13354,
            14425
        ],
        "IntDen": [
            6650.776177395968,
            6078.252924993457,
            6800.315832874237,
            6708.989828992865,
            6488.4188371624205,
            7426.780175288552,
            7131.973425917109,
            7703.962608121484
        ],
        "FlagUp": 0,
        "Times": [],
        "width": 0,
        "height": 0,
        "area": [
            0.5340701981366713,
            0.5340701981366713,
            0.5340701981366713,
            0.5340701981366713,
            0.5340701981366713,
            0.5340701981366713,
            0.5340701981366713,
            0.5340701981366713
        ],
        "distance": 0,
        "xpert": [
            [
                213.0,
                231.6
            ],
            [
                208.6,
                229.4
            ],
            [
                206.8,
                225.0
            ],
            [
                207.4,
                219.4
            ],
            [
                213.0,
                219.2
            ],
            [
                218.0,
                220.0
            ],
            [
                219.0,
                225.0
            ],
            [
                218.6,
                230.6
            ]
        ],
        "stack": 0,
        "shift": [
            [
                0.0,
                0.0
            ],
            [
                0.0,
                0.0
            ],
            [
                0.0,
                0.0
            ],
            [
                0.0,
                0.0
            ],
            [
                0.0,
                0.0
            ],
            [
                0.0,
                0.0
            ],
            [
                0.0,
                0.0
            ],
            [
                0.0,
                0.0
            ],
            [
                0.0,
                0.0
            ]
        ],
        "channel": 0
    },
    {
        "type": "Stim",
        "location": [
            229,
            244
        ],
        "radloc": [
            0,
            0
        ],
        "mean": [
            48.1978021978022,
            47.76923076923077,
            44.120879120879124,
            46.1978021978022,
            53.582417582417584,
            36.472527472527474,
            38.24175824175824,
            31.24175824175824
        ],
        "min": [
            11,
            12,
            8,
            9,
            14,
            8,
            8,
            6
        ],
        "max": [
            121,
            118,
            114,
            110,
            116,
            91,
            100,
            78
        ],
        "RawIntDen": [
            4386,
            4347,
            4015,
            4204,
            4876,
            3319,
            3480,
            2843
        ],
        "IntDen": [
            1733.0187146463177,
            1717.6088355147158,
            1586.4273003431294,
            1661.1059453655084,
            1926.630016556189,
            1311.4202266099244,
            1375.035368666025,
            1123.3406761831923
        ],
        "FlagUp": 0,
        "Times": [],
        "width": 0,
        "height": 0,
        "area": [
            0.39512510593851297,
            0.39512510593851297,
            0.39512510593851297,
            0.39512510593851297,
            0.39512510593851297,
            0.39512510593851297,
            0.39512510593851297,
            0.39512510593851297
        ],
        "distance": 0,
        "xpert": [
            [
                229.0,
                248.8
            ],
            [
                225.2,
                247.8
            ],
            [
                223.4,
                244.0
            ],
            [
                224.8,
                239.8
            ],
            [
                229.0,
                239.8
            ],
            [
                233.2,
                239.8
            ],
            [
                236.6,
                244.0
            ],
            [
                232.6,
                247.6
            ]
        ],
        "stack": 0,
        "shift": [
            [
                0.0,
                0.0
            ],
            [
                0.0,
                0.0
            ],
            [
                0.0,
                0.0
            ],
            [
                0.0,
                0.0
            ],
            [
                0.0,
                0.0
            ],
            [
                0.0,
                0.0
            ],
            [
                0.0,
                0.0
            ],
            [
                0.0,
                0.0
            ],
            [
                0.0,
                0.0
            ]
        ],
        "channel": 0
    },
    {
        "type": "Stim",
        "location": [
            258,
            232
        ],
        "radloc": [
            0,
            0
        ],
        "mean": [
            27.626373626373628,
            34.56043956043956,
            35.032967032967036,
            49.02197802197802,
            34.65934065934066,
            48.505494505494504,
            43.472527472527474,
            35.10989010989011
        ],
        "min": [
            6,
            9,
            10,
            14,
            7,
            8,
            9,
            11
        ],
        "max": [
            71,
            84,
            90,
            102,
            95,
            125,
            102,
            76
        ],
        "RawIntDen": [
            2514,
            3145,
            3188,
            4461,
            3154,
            4414,
            3956,
            3195
        ],
        "IntDen": [
            993.3445163294216,
            1242.6684581766233,
            1259.6588377319792,
            1762.6530975917062,
            1246.2245841300698,
            1744.0822176125962,
            1563.1149190927572,
            1262.4247134735488
        ],
        "FlagUp": 0,
        "Times": [],
        "width": 0,
        "height": 0,
        "area": [
            0.39512510593851297,
            0.39512510593851297,
            0.39512510593851297,
            0.39512510593851297,
            0.39512510593851297,
            0.39512510593851297,
            0.39512510593851297,
            0.39512510593851297
        ],
        "distance": 0,
        "xpert": [
            [
                258.0,
                236.2
            ],
            [
                253.8,
                236.2
            ],
            [
                251.2,
                232.0
            ],
            [
                253.6,
                227.6
            ],
            [
                258.0,
                226.6
            ],
            [
                262.0,
                228.0
            ],
            [
                263.0,
                232.0
            ],
            [
                262.0,
                236.0
            ]
        ],
        "stack": 0,
        "shift": [
            [
                0.0,
                0.0
            ],
            [
                0.0,
                0.0
            ],
            [
                0.0,
                0.0
            ],
            [
                0.0,
                0.0
            ],
            [
                0.0,
                0.0
            ],
            [
                0.0,
                0.0
            ],
            [
                0.0,
                0.0
            ],
            [
                0.0,
                0.0
            ],
            [
                0.0,
                0.0
            ]
        ],
        "channel": 0
    },
    {
        "type": "Spine",
        "location": [
            259,
            254
        ],
        "radloc": [
            0,
            0
        ],
        "mean": [
            50.29752066115702,
            48.925619834710744,
            34.19834710743802,
            39.06611570247934,
            46.37190082644628,
            45.570247933884296,
            48.8099173553719,
            35.19834710743802
        ],
        "min": [
            8,
            13,
            8,
            7,
            9,
            8,
            7,
            5
        ],
        "max": [
            126,
            125,
            83,
            90,
            102,
            122,
            115,
            120
        ],
        "RawIntDen": [
            6086,
            5920,
            4138,
            4727,
            5611,
            5514,
            5906,
            4259
        ],
        "IntDen": [
            3197.499986414907,
            3110.2858888557757,
            2174.0478054197974,
            2483.500235915752,
            2947.941574724621,
            2896.9791201268154,
            3102.930483037536,
            2237.619527134586
        ],
        "FlagUp": 0,
        "Times": [],
        "width": 0,
        "height": 0,
        "area": [
            0.5253861298742865,
            0.5253861298742865,
            0.5253861298742865,
            0.5253861298742865,
            0.5253861298742865,
            0.5253861298742865,
            0.5253861298742865,
            0.5253861298742865
        ],
        "distance": -0.25972138216382235,
        "xpert": [
            [
                259.0,
                259.2
            ],
            [
                254.8,
                258.2
            ],
            [
                254.0,
                254.0
            ],
            [
                255.2,
                250.2
            ],
            [
                259.0,
                246.0
            ],
            [
                265.8,
                247.2
            ],
            [
                266.6,
                254.0
            ],
            [
                262.6,
                257.6
            ]
        ],
        "stack": 0,
        "shift": [
            [
                0.0,
                0.0
            ],
            [
                0.0,
                0.0
            ],
            [
                0.0,
                0.0
            ],
            [
                0.0,
                0.0
            ],
            [
                0.0,
                0.0
            ],
            [
                0.0,
                0.0
            ],
            [
                0.0,
                0.0
            ],
            [
                0.0,
                0.0
            ],
            [
                0.0,
                0.0
            ]
        ],
        "channel": 0
    },
    {
        "type": "Stim",
        "location": [
            274,
            256
        ],
        "radloc": [
            0,
            0
        ],
        "mean": [
            49.875,
            56.4765625,
            54.9453125,
            52.1328125,
            57.671875,
            62.046875,
            62.7578125,
            53.0859375
        ],
        "min": [
            9,
            11,
            10,
            17,
            17,
            6,
            10,
            13
        ],
        "max": [
            121,
            144,
            110,
            113,
            119,
            168,
            150,
            155
        ],
        "RawIntDen": [
            6384,
            7229,
            7033,
            6673,
            7382,
            7942,
            8033,
            6795
        ],
        "IntDen": [
            3548.101874372173,
            4017.7362860019484,
            3908.803333718592,
            3708.722400953244,
            4102.770682427221,
            4414.007688951096,
            4464.583702511226,
            3776.527605945945
        ],
        "FlagUp": 0,
        "Times": [],
        "width": 0,
        "height": 0,
        "area": [
            0.5557803687926336,
            0.5557803687926336,
            0.5557803687926336,
            0.5557803687926336,
            0.5557803687926336,
            0.5557803687926336,
            0.5557803687926336,
            0.5557803687926336
        ],
        "distance": 0,
        "xpert": [
            [
                274.0,
                261.4
            ],
            [
                269.2,
                260.8
            ],
            [
                267.0,
                256.0
            ],
            [
                266.8,
                248.8
            ],
            [
                274.0,
                250.4
            ],
            [
                277.4,
                252.6
            ],
            [
                280.0,
                256.0
            ],
            [
                279.2,
                261.2
            ]
        ],
        "stack": 0,
        "shift": [
            [
                0.0,
                0.0
            ],
            [
                0.0,
                0.0
            ],
            [
                0.0,
                0.0
            ],
            [
                0.0,
                0.0
            ],
            [
                0.0,
                0.0
            ],
            [
                0.0,
                0.0
            ],
            [
                0.0,
                0.0
            ],
            [
                0.0,
                0.0
            ],
            [
                0.0,
                0.0
            ]
        ],
        "channel": 0
    },
    {
        "type": "Spine",
        "location": [
            295,
            236
        ],
        "radloc": [
            0,
            0
        ],
        "mean": [
            79.0,
            85.86021505376344,
            72.79569892473118,
            78.75268817204301,
            73.68817204301075,
            68.01075268817205,
            93.3763440860215,
            112.93548387096774
        ],
        "min": [
            17,
            16,
            14,
            16,
            24,
            14,
            26,
            39
        ],
        "max": [
            165,
            190,
            175,
            169,
            183,
            187,
            190,
            219
        ],
        "RawIntDen": [
            7347,
            7985,
            6770,
            7324,
            6853,
            6325,
            8684,
            10503
        ],
        "IntDen": [
            2966.7860028539963,
            3224.416255994169,
            2733.7881093400783,
            2957.498391847376,
            2767.304270798753,
            2554.093026820679,
            3506.6788687605967,
            4241.20775663203
        ],
        "FlagUp": 0,
        "Times": [],
        "width": 0,
        "height": 0,
        "area": [
            0.40380917420089785,
            0.40380917420089785,
            0.40380917420089785,
            0.40380917420089785,
            0.40380917420089785,
            0.40380917420089785,
            0.40380917420089785,
            0.40380917420089785
        ],
        "distance": 1.46556759487429,
        "xpert": [
            [
                295.0,
                240.8
            ],
            [
                291.0,
                240.0
            ],
            [
                290.2,
                236.0
            ],
            [
                291.0,
                232.0
            ],
            [
                295.0,
                230.2
            ],
            [
                299.6,
                231.4
            ],
            [
                301.2,
                236.0
            ],
            [
                299.8,
                240.8
            ]
        ],
        "stack": 0,
        "shift": [
            [
                0.0,
                0.0
            ],
            [
                0.0,
                0.0
            ],
            [
                0.0,
                0.0
            ],
            [
                0.0,
                0.0
            ],
            [
                0.0,
                0.0
            ],
            [
                0.0,
                0.0
            ],
            [
                0.0,
                0.0
            ],
            [
                0.0,
                0.0
            ],
            [
                0.0,
                0.0
            ]
        ],
        "channel": 0
    },
    {
        "type": "Spine",
        "location": [
            312,
            235
        ],
        "radloc": [
            0,
            0
        ],
        "mean": [
            48.55882352941177,
            54.47794117647059,
            58.88235294117647,
            64.58823529411765,
            74.65441176470588,
            84.5,
            70.16911764705883,
            76.58088235294117
        ],
        "min": [
            9,
            7,
            6,
            9,
            9,
            12,
            20,
            9
        ],
        "max": [
            134,
            145,
            153,
            159,
            172,
            174,
            130,
            178
        ],
        "RawIntDen": [
            6604,
            7409,
            8008,
            8784,
            10153,
            11492,
            9543,
            10415
        ],
        "IntDen": [
            3899.7719027257117,
            4375.1377994086615,
            4728.857267872123,
            5187.098181941649,
            5995.515464623584,
            6786.217248050254,
            5635.300313099859,
            6150.230824786234
        ],
        "FlagUp": 0,
        "Times": [],
        "width": 0,
        "height": 0,
        "area": [
            0.5905166418421732,
            0.5905166418421732,
            0.5905166418421732,
            0.5905166418421732,
            0.5905166418421732,
            0.5905166418421732,
            0.5905166418421732,
            0.5905166418421732
        ],
        "distance": 2.58569759487429,
        "xpert": [
            [
                312.0,
                240.2
            ],
            [
                306.8,
                240.2
            ],
            [
                305.8,
                235.0
            ],
            [
                305.6,
                228.6
            ],
            [
                312.0,
                229.6
            ],
            [
                316.0,
                231.0
            ],
            [
                321.0,
                235.0
            ],
            [
                317.0,
                240.0
            ]
        ],
        "stack": 0,
        "shift": [
            [
                0.0,
                0.0
            ],
            [
                0.0,
                0.0
            ],
            [
                0.0,
                0.0
            ],
            [
                0.0,
                0.0
            ],
            [
                0.0,
                0.0
            ],
            [
                0.0,
                0.0
            ],
            [
                0.0,
                0.0
            ],
            [
                0.0,
                0.0
            ],
            [
                0.0,
                0.0
            ]
        ],
        "channel": 0
    },
    {
        "type": "Spine",
        "location": [
            318,
            261
        ],
        "radloc": [
            0,
            0
        ],
        "mean": [
            90.63874345549738,
            84.80104712041884,
            80.43979057591623,
            91.7434554973822,
            85.71204188481676,
            90.08900523560209,
            70.96335078534031,
            79.36125654450262
        ],
        "min": [
            17,
            27,
            27,
            23,
            19,
            19,
            11,
            21
        ],
        "max": [
            195,
            191,
            183,
            252,
            202,
            210,
            186,
            181
        ],
        "RawIntDen": [
            17312,
            16197,
            15364,
            17523,
            16371,
            17207,
            13554,
            15158
        ],
        "IntDen": [
            14357.335321927905,
            13432.634023178505,
            12741.803366803393,
            14532.323639449092,
            13576.937185494555,
            14270.255827426841,
            11240.71874730885,
            12570.961691877495
        ],
        "FlagUp": 0,
        "Times": [],
        "width": 0,
        "height": 0,
        "area": [
            0.829328519057758,
            0.829328519057758,
            0.829328519057758,
            0.829328519057758,
            0.829328519057758,
            0.829328519057758,
            0.829328519057758,
            0.829328519057758
        ],
        "distance": 2.9810375948742895,
        "xpert": [
            [
                318.0,
                267.4
            ],
            [
                311.6,
                267.4
            ],
            [
                308.0,
                261.0
            ],
            [
                312.2,
                255.2
            ],
            [
                318.0,
                251.8
            ],
            [
                325.4,
                253.6
            ],
            [
                324.0,
                261.0
            ],
            [
                322.4,
                265.4
            ]
        ],
        "stack": 0,
        "shift": [
            [
                0.0,
                0.0
            ],
            [
                0.0,
                0.0
            ],
            [
                0.0,
                0.0
            ],
            [
                0.0,
                0.0
            ],
            [
                0.0,
                0.0
            ],
            [
                0.0,
                0.0
            ],
            [
                0.0,
                0.0
            ],
            [
                0.0,
                0.0
            ],
            [
                0.0,
                0.0
            ]
        ],
        "channel": 0
    }
]