[
    {
        "type": "Stim",
        "location": [
            193,
            124
        ],
        "radloc": [
            0,
            0
        ],
        "mean": [
            37.205714285714286,
            30.908571428571427,
            29.645714285714284,
            81.58285714285714,
            77.17714285714285,
            42.36,
            39.44,
            38.074285714285715
        ],
        "min": [
            9,
            6,
            7,
            40,
            18,
            10,
            10,
            8
        ],
        "max": [
            103,
            73,
            94,
            190,
            158,
            132,
            111,
            92
        ],
        "RawIntDen": [
            6511,
            5409,
            5188,
            14277,
            13506,
            7413,
            6902,
            6663
        ],
        "IntDen": [
            4947.422239933968,
            4110.060957733503,
            3942.132787709634,
            10848.46372593108,
            10262.614770779937,
            5632.812327542698,
            5244.525925360812,
            5062.920347823688
        ],
        "FlagUp": 0,
        "Times": [],
        "width": 0,
        "height": 0,
        "area": [
            0.7598559729586805,
            0.7598559729586805,
            0.7598559729586805,
            0.7598559729586805,
            0.7598559729586805,
            0.7598559729586805,
            0.7598559729586805,
            0.7598559729586805
        ],
        "distance": 0,
        "xpert": [
            [
                193.0,
                131.8
            ],
            [
                186.6,
                130.4
            ],
            [
                186.4,
                124.0
            ],
            [
                187.2,
                118.2
            ],
            [
                193.0,
                114.8
            ],
            [
                199.8,
                117.2
            ],
            [
                199.4,
                124.0
            ],
            [
                197.2,
                128.2
            ]
        ],
        "stack": 0,
        "shift": [
            [
                0.0,
                0.0
            ],
            [
                0.0,
                0.0
            ],
            [
                0.0,
                0.0
            ],
            [
                0.0,
                0.0
            ],
            [
                0.0,
                0.0
            ],
            [
                0.0,
                0.0
            ],
            [
                0.0,
                0.0
            ],
            [
                0.0,
                0.0
            ],
            [
                0.0,
                0.0
            ]
        ],
        "channel": 0
    },
    {
        "type": "Stim",
        "location": [
            233,
            130
        ],
        "radloc": [
            0,
            0
        ],
        "mean": [
            50.72289156626506,
            48.25301204819277,
            95.10843373493977,
            83.48192771084338,
            65.46987951807229,
            38.2710843373494,
            35.21084337349398,
            40.0722891566265
        ],
        "min": [
            18,
            12,
            40,
            34,
            21,
            12,
            10,
            17
        ],
        "max": [
            114,
            110,
            199,
            151,
            117,
            92,
            77,
            71
        ],
        "RawIntDen": [
            8420,
            8010,
            15788,
            13858,
            10868,
            6353,
            5845,
            6652
        ],
        "IntDen": [
            6068.947945850325,
            5773.429102881366,
            11379.637787302247,
            9988.536892350807,
            7833.411671674742,
            4579.100510687305,
            4212.945456472107,
            4794.613032754912
        ],
        "FlagUp": 0,
        "Times": [],
        "width": 0,
        "height": 0,
        "area": [
            0.7207776657779483,
            0.7207776657779483,
            0.7207776657779483,
            0.7207776657779483,
            0.7207776657779483,
            0.7207776657779483,
            0.7207776657779483,
            0.7207776657779483
        ],
        "distance": 0,
        "xpert": [
            [
                233.0,
                135.8
            ],
            [
                226.8,
                136.2
            ],
            [
                225.8,
                130.0
            ],
            [
                227.0,
                124.0
            ],
            [
                233.0,
                123.8
            ],
            [
                239.0,
                124.0
            ],
            [
                241.8,
                130.0
            ],
            [
                238.8,
                135.8
            ]
        ],
        "stack": 0,
        "shift": [
            [
                0.0,
                0.0
            ],
            [
                0.0,
                0.0
            ],
            [
                0.0,
                0.0
            ],
            [
                0.0,
                0.0
            ],
            [
                0.0,
                0.0
            ],
            [
                0.0,
                0.0
            ],
            [
                0.0,
                0.0
            ],
            [
                0.0,
                0.0
            ],
            [
                0.0,
                0.0
            ]
        ],
        "channel": 0
    },
    {
        "type": "Stim",
        "location": [
            10,
            101
        ],
        "radloc": [
            0,
            0
        ],
        "mean": [
            29.966101694915253,
            27.9774011299435,
            30.36723163841808,
            62.28813559322034,
            38.89265536723164,
            43.5819209039548,
            39.152542372881356,
            28.983050847457626
        ],
        "min": [
            11,
            10,
            8,
            19,
            13,
            17,
            9,
            10
        ],
        "max": [
            83,
            82,
            75,
            122,
            98,
            101,
            120,
            108
        ],
        "RawIntDen": [
            5304,
            4952,
            5375,
            11025,
            6884,
            7714,
            6930,
            5130
        ],
        "IntDen": [
            4076.3363786365303,
            3805.8102841267155,
            4130.902721563226,
            8473.153954462245,
            5290.629643765814,
            5928.517877979298,
            5325.9824856619825,
            3942.6104114640652
        ],
        "FlagUp": 0,
        "Times": [],
        "width": 0,
        "height": 0,
        "area": [
            0.7685400412210653,
            0.7685400412210653,
            0.7685400412210653,
            0.7685400412210653,
            0.7685400412210653,
            0.7685400412210653,
            0.7685400412210653,
            0.7685400412210653
        ],
        "distance": 0,
        "xpert": [
            [
                10.0,
                108.6
            ],
            [
                4.2,
                106.8
            ],
            [
                0.0,
                101.0
            ],
            [
                3.6,
                94.6
            ],
            [
                10.0,
                95.0
            ],
            [
                14.2,
                96.8
            ],
            [
                18.0,
                101.0
            ],
            [
                15.6,
                106.6
            ]
        ],
        "stack": 0,
        "shift": [
            [
                0.0,
                0.0
            ],
            [
                0.0,
                0.0
            ],
            [
                0.0,
                0.0
            ],
            [
                0.0,
                0.0
            ],
            [
                0.0,
                0.0
            ],
            [
                0.0,
                0.0
            ],
            [
                0.0,
                0.0
            ],
            [
                0.0,
                0.0
            ],
            [
                0.0,
                0.0
            ]
        ],
        "channel": 0
    },
    {
        "type": "Stim",
        "location": [
            50,
            105
        ],
        "radloc": [
            0,
            0
        ],
        "mean": [
            74.32960893854748,
            61.072625698324025,
            46.245810055865924,
            36.31843575418994,
            40.3072625698324,
            54.74860335195531,
            61.23463687150838,
            36.36871508379888
        ],
        "min": [
            20,
            12,
            12,
            7,
            8,
            15,
            12,
            9
        ],
        "max": [
            151,
            136,
            93,
            99,
            105,
            123,
            129,
            101
        ],
        "RawIntDen": [
            13305,
            10932,
            8278,
            6501,
            7215,
            9800,
            10961,
            6510
        ],
        "IntDen": [
            10340.966776677305,
            8496.613964873079,
            6433.861178304001,
            5052.73393575191,
            5607.671949923094,
            7616.796272937812,
            8519.153464048099,
            5059.728952737261
        ],
        "FlagUp": 0,
        "Times": [],
        "width": 0,
        "height": 0,
        "area": [
            0.7772241094834502,
            0.7772241094834502,
            0.7772241094834502,
            0.7772241094834502,
            0.7772241094834502,
            0.7772241094834502,
            0.7772241094834502,
            0.7772241094834502
        ],
        "distance": 0,
        "xpert": [
            [
                50.0,
                112.6
            ],
            [
                45.0,
                110.0
            ],
            [
                44.0,
                105.0
            ],
            [
                45.8,
                100.8
            ],
            [
                50.0,
                97.8
            ],
            [
                56.4,
                98.6
            ],
            [
                58.2,
                105.0
            ],
            [
                58.4,
                113.4
            ]
        ],
        "stack": 0,
        "shift": [
            [
                0.0,
                0.0
            ],
            [
                0.0,
                0.0
            ],
            [
                0.0,
                0.0
            ],
            [
                0.0,
                0.0
            ],
            [
                0.0,
                0.0
            ],
            [
                0.0,
                0.0
            ],
            [
                0.0,
                0.0
            ],
            [
                0.0,
                0.0
            ],
            [
                0.0,
                0.0
            ]
        ],
        "channel": 0
    },
    {
        "type": "Stim",
        "location": [
            101,
            114
        ],
        "radloc": [
            0,
            0
        ],
        "mean": [
            30.371951219512194,
            27.591463414634145,
            32.670731707317074,
            66.95121951219512,
            77.4451219512195,
            77.77439024390245,
            54.51829268292683,
            32.573170731707314
        ],
        "min": [
            8,
            7,
            7,
            19,
            27,
            25,
            17,
            8
        ],
        "max": [
            100,
            94,
            85,
            150,
            178,
            145,
            122,
            86
        ],
        "RawIntDen": [
            4981,
            4525,
            5358,
            10980,
            12701,
            12755,
            8941,
            5342
        ],
        "IntDen": [
            3546.938209225021,
            3222.223528757924,
            3815.3974954883884,
            7818.787700720885,
            9044.30078204517,
            9082.75383631101,
            6366.828855386652,
            3804.0039979281396
        ],
        "FlagUp": 0,
        "Times": [],
        "width": 0,
        "height": 0,
        "area": [
            0.7120935975155633,
            0.7120935975155633,
            0.7120935975155633,
            0.7120935975155633,
            0.7120935975155633,
            0.7120935975155633,
            0.7120935975155633,
            0.7120935975155633
        ],
        "distance": 0,
        "xpert": [
            [
                101.0,
                121.4
            ],
            [
                94.6,
                120.4
            ],
            [
                92.6,
                114.0
            ],
            [
                96.0,
                109.0
            ],
            [
                101.0,
                106.2
            ],
            [
                107.0,
                108.0
            ],
            [
                106.8,
                114.0
            ],
            [
                106.2,
                119.2
            ]
        ],
        "stack": 0,
        "shift": [
            [
                0.0,
                0.0
            ],
            [
                0.0,
                0.0
            ],
            [
                0.0,
                0.0
            ],
            [
                0.0,
                0.0
            ],
            [
                0.0,
                0.0
            ],
            [
                0.0,
                0.0
            ],
            [
                0.0,
                0.0
            ],
            [
                0.0,
                0.0
            ],
            [
                0.0,
                0.0
            ]
        ],
        "channel": 0
    },
    {
        "type": "Stim",
        "location": [
            135,
            77
        ],
        "radloc": [
            0,
            0
        ],
        "mean": [
            39.104,
            141.128,
            67.928,
            63.36,
            62.408,
            54.528,
            37.104,
            35.288
        ],
        "min": [
            10,
            57,
            17,
            13,
            18,
            16,
            10,
            8
        ],
        "max": [
            112,
            241,
            135,
            134,
            130,
            106,
            76,
            82
        ],
        "RawIntDen": [
            4888,
            17641,
            8491,
            7920,
            7801,
            6816,
            4638,
            4411
        ],
        "IntDen": [
            2652.9828541585925,
            9574.728013545773,
            4608.526475994397,
            4298.613789880535,
            4234.026032179047,
            3699.4130797759753,
            2517.2942875588283,
            2394.0890690862425
        ],
        "FlagUp": 0,
        "Times": [],
        "width": 0,
        "height": 0,
        "area": [
            0.5427542663990574,
            0.5427542663990574,
            0.5427542663990574,
            0.5427542663990574,
            0.5427542663990574,
            0.5427542663990574,
            0.5427542663990574,
            0.5427542663990574
        ],
        "distance": 0,
        "xpert": [
            [
                135.0,
                82.8
            ],
            [
                130.2,
                81.8
            ],
            [
                127.0,
                77.0
            ],
            [
                129.6,
                71.6
            ],
            [
                135.0,
                71.0
            ],
            [
                139.4,
                72.6
            ],
            [
                142.8,
                77.0
            ],
            [
                139.0,
                81.0
            ]
        ],
        "stack": 0,
        "shift": [
            [
                0.0,
                0.0
            ],
            [
                0.0,
                0.0
            ],
            [
                0.0,
                0.0
            ],
            [
                0.0,
                0.0
            ],
            [
                0.0,
                0.0
            ],
            [
                0.0,
                0.0
            ],
            [
                0.0,
                0.0
            ],
            [
                0.0,
                0.0
            ],
            [
                0.0,
                0.0
            ]
        ],
        "channel": 0
    },
    {
        "type": "Stim",
        "location": [
            98,
            74
        ],
        "radloc": [
            0,
            0
        ],
        "mean": [
            23.771300448430495,
            26.968609865470853,
            24.556053811659194,
            76.79372197309416,
            93.9372197309417,
            55.71748878923767,
            62.90582959641256,
            24.47085201793722
        ],
        "min": [
            6,
            7,
            7,
            11,
            27,
            13,
            16,
            6
        ],
        "max": [
            77,
            97,
            77,
            190,
            171,
            145,
            145,
            100
        ],
        "RawIntDen": [
            5301,
            6014,
            5476,
            17125,
            20948,
            12425,
            14028,
            5457
        ],
        "IntDen": [
            5132.818413267624,
            5823.197498093094,
            5302.266295237409,
            16581.685592757603,
            20283.39560858898,
            12030.799619854786,
            13582.942218698025,
            5283.869096623547
        ],
        "FlagUp": 0,
        "Times": [],
        "width": 0,
        "height": 0,
        "area": [
            0.9682736112559185,
            0.9682736112559185,
            0.9682736112559185,
            0.9682736112559185,
            0.9682736112559185,
            0.9682736112559185,
            0.9682736112559185,
            0.9682736112559185
        ],
        "distance": 0,
        "xpert": [
            [
                98.0,
                82.8
            ],
            [
                91.6,
                80.4
            ],
            [
                88.6,
                74.0
            ],
            [
                91.6,
                67.6
            ],
            [
                98.0,
                67.8
            ],
            [
                103.4,
                68.6
            ],
            [
                107.6,
                74.0
            ],
            [
                105.8,
                81.8
            ]
        ],
        "stack": 0,
        "shift": [
            [
                0.0,
                0.0
            ],
            [
                0.0,
                0.0
            ],
            [
                0.0,
                0.0
            ],
            [
                0.0,
                0.0
            ],
            [
                0.0,
                0.0
            ],
            [
                0.0,
                0.0
            ],
            [
                0.0,
                0.0
            ],
            [
                0.0,
                0.0
            ],
            [
                0.0,
                0.0
            ]
        ],
        "channel": 0
    },
    {
        "type": "Spine",
        "location": [
            65,
            105
        ],
        "radloc": [
            0,
            0
        ],
        "mean": [
            179.4181818181818,
            75.45454545454545,
            62.554545454545455,
            48.236363636363635,
            54.55909090909091,
            79.69545454545455,
            62.986363636363635,
            57.11818181818182
        ],
        "min": [
            72,
            10,
            9,
            9,
            6,
            15,
            9,
            9
        ],
        "max": [
            255,
            212,
            194,
            144,
            171,
            213,
            175,
            187
        ],
        "RawIntDen": [
            39472,
            16600,
            13762,
            10612,
            12003,
            17533,
            13857,
            12566
        ],
        "IntDen": [
            37705.52966981433,
            15857.108647114863,
            13146.116216963537,
            10137.086564047164,
            11465.83584887468,
            16748.354572883425,
            13236.86473030546,
            12003.640196364178
        ],
        "FlagUp": 0,
        "Times": [],
        "width": 0,
        "height": 0,
        "area": [
            0.9552475088623411,
            0.9552475088623411,
            0.9552475088623411,
            0.9552475088623411,
            0.9552475088623411,
            0.9552475088623411,
            0.9552475088623411,
            0.9552475088623411
        ],
        "distance": -1.1474225316247633,
        "xpert": [
            [
                65.0,
                116.8
            ],
            [
                59.2,
                110.8
            ],
            [
                57.2,
                105.0
            ],
            [
                58.4,
                98.4
            ],
            [
                65.0,
                98.2
            ],
            [
                71.8,
                98.2
            ],
            [
                74.0,
                105.0
            ],
            [
                71.2,
                111.2
            ]
        ],
        "stack": 0,
        "shift": [
            [
                0.0,
                0.0
            ],
            [
                0.0,
                0.0
            ],
            [
                0.0,
                0.0
            ],
            [
                0.0,
                0.0
            ],
            [
                0.0,
                0.0
            ],
            [
                0.0,
                0.0
            ],
            [
                0.0,
                0.0
            ],
            [
                0.0,
                0.0
            ],
            [
                0.0,
                0.0
            ]
        ],
        "channel": 0
    },
    {
        "type": "Spine",
        "location": [
            118,
            85
        ],
        "radloc": [
            0,
            0
        ],
        "mean": [
            30.78787878787879,
            29.46969696969697,
            27.075757575757574,
            83.1590909090909,
            105.99242424242425,
            45.34848484848485,
            52.666666666666664,
            40.72727272727273
        ],
        "min": [
            8,
            12,
            10,
            26,
            46,
            17,
            15,
            11
        ],
        "max": [
            70,
            73,
            47,
            184,
            196,
            101,
            103,
            99
        ],
        "RawIntDen": [
            4064,
            3890,
            3574,
            10977,
            13991,
            5986,
            6952,
            5376
        ],
        "IntDen": [
            2329.2755256099326,
            2229.547685684704,
            2048.432758004404,
            6291.451142869151,
            8018.920737895808,
            3430.8669528299843,
            3984.528408966597,
            3081.2463645863672
        ],
        "FlagUp": 0,
        "Times": [],
        "width": 0,
        "height": 0,
        "area": [
            0.5731485053174047,
            0.5731485053174047,
            0.5731485053174047,
            0.5731485053174047,
            0.5731485053174047,
            0.5731485053174047,
            0.5731485053174047,
            0.5731485053174047
        ],
        "distance": -1.12013,
        "xpert": [
            [
                118.0,
                89.8
            ],
            [
                113.2,
                89.8
            ],
            [
                108.8,
                85.0
            ],
            [
                112.6,
                79.6
            ],
            [
                118.0,
                79.2
            ],
            [
                123.0,
                80.0
            ],
            [
                125.4,
                85.0
            ],
            [
                122.6,
                89.6
            ]
        ],
        "stack": 0,
        "shift": [
            [
                0.0,
                0.0
            ],
            [
                0.0,
                0.0
            ],
            [
                0.0,
                0.0
            ],
            [
                0.0,
                0.0
            ],
            [
                0.0,
                0.0
            ],
            [
                0.0,
                0.0
            ],
            [
                0.0,
                0.0
            ],
            [
                0.0,
                0.0
            ],
            [
                0.0,
                0.0
            ]
        ],
        "channel": 0
    },
    {
        "type": "Spine",
        "location": [
            136,
            108
        ],
        "radloc": [
            0,
            0
        ],
        "mean": [
            59.566473988439306,
            52.42774566473989,
            43.39306358381503,
            38.005780346820806,
            48.190751445086704,
            80.0693641618497,
            56.53757225433526,
            73.84393063583815
        ],
        "min": [
            12,
            11,
            9,
            9,
            12,
            28,
            17,
            26
        ],
        "max": [
            158,
            159,
            115,
            126,
            109,
            140,
            117,
            147
        ],
        "RawIntDen": [
            10305,
            9070,
            7507,
            6575,
            8337,
            13852,
            9781,
            12775
        ],
        "IntDen": [
            7740.826477895325,
            6813.1291755954,
            5639.04748855509,
            4938.955273378143,
            6262.520169453015,
            10405.233223853085,
            7347.212399834466,
            9596.221082495174
        ],
        "FlagUp": 0,
        "Times": [],
        "width": 0,
        "height": 0,
        "area": [
            0.7511719046962955,
            0.7511719046962955,
            0.7511719046962955,
            0.7511719046962955,
            0.7511719046962955,
            0.7511719046962955,
            0.7511719046962955,
            0.7511719046962955
        ],
        "distance": -0.38403506324952646,
        "xpert": [
            [
                136.0,
                115.2
            ],
            [
                130.8,
                113.2
            ],
            [
                128.2,
                108.0
            ],
            [
                129.0,
                101.0
            ],
            [
                136.0,
                100.8
            ],
            [
                142.4,
                101.6
            ],
            [
                143.2,
                108.0
            ],
            [
                140.6,
                112.6
            ]
        ],
        "stack": 0,
        "shift": [
            [
                0.0,
                0.0
            ],
            [
                0.0,
                0.0
            ],
            [
                0.0,
                0.0
            ],
            [
                0.0,
                0.0
            ],
            [
                0.0,
                0.0
            ],
            [
                0.0,
                0.0
            ],
            [
                0.0,
                0.0
            ],
            [
                0.0,
                0.0
            ],
            [
                0.0,
                0.0
            ]
        ],
        "channel": 0
    },
    {
        "type": "Spine",
        "location": [
            159,
            112
        ],
        "radloc": [
            0,
            0
        ],
        "mean": [
            61.85616438356164,
            66.25342465753425,
            95.52739726027397,
            60.67123287671233,
            61.42465753424658,
            54.42465753424658,
            50.04109589041096,
            60.62328767123287
        ],
        "min": [
            22,
            20,
            26,
            21,
            18,
            13,
            12,
            16
        ],
        "max": [
            134,
            131,
            164,
            125,
            122,
            145,
            103,
            160
        ],
        "RawIntDen": [
            9031,
            9673,
            13947,
            8858,
            8968,
            7946,
            7306,
            8851
        ],
        "IntDen": [
            5725.084894864669,
            6132.0724380496,
            8841.51910405022,
            5615.413796779009,
            5685.1468649259605,
            5037.263268142471,
            4631.543598923848,
            5610.976237896931
        ],
        "FlagUp": 0,
        "Times": [],
        "width": 0,
        "height": 0,
        "area": [
            0.6339369831540991,
            0.6339369831540991,
            0.6339369831540991,
            0.6339369831540991,
            0.6339369831540991,
            0.6339369831540991,
            0.6339369831540991,
            0.6339369831540991
        ],
        "distance": -1.9319577142868942,
        "xpert": [
            [
                159.0,
                117.4
            ],
            [
                153.4,
                117.6
            ],
            [
                149.6,
                112.0
            ],
            [
                153.2,
                106.2
            ],
            [
                159.0,
                104.6
            ],
            [
                164.0,
                107.0
            ],
            [
                164.8,
                112.0
            ],
            [
                163.0,
                116.0
            ]
        ],
        "stack": 0,
        "shift": [
            [
                0.0,
                0.0
            ],
            [
                0.0,
                0.0
            ],
            [
                0.0,
                0.0
            ],
            [
                0.0,
                0.0
            ],
            [
                0.0,
                0.0
            ],
            [
                0.0,
                0.0
            ],
            [
                0.0,
                0.0
            ],
            [
                0.0,
                0.0
            ],
            [
                0.0,
                0.0
            ]
        ],
        "channel": 0
    },
    {
        "type": "Spine",
        "location": [
            210,
            119
        ],
        "radloc": [
            0,
            0
        ],
        "mean": [
            48.176,
            56.744,
            48.792,
            92.568,
            95.176,
            50.528,
            49.08,
            41.0
        ],
        "min": [
            11,
            14,
            13,
            20,
            27,
            13,
            12,
            11
        ],
        "max": [
            140,
            144,
            148,
            201,
            155,
            128,
            113,
            99
        ],
        "RawIntDen": [
            6022,
            7093,
            6099,
            11571,
            11897,
            6316,
            6135,
            5125
        ],
        "IntDen": [
            3268.466192255124,
            3849.7560115685146,
            3310.258270767851,
            6280.209616503494,
            6457.147507349587,
            3428.035946576447,
            3329.7974243582175,
            2781.6156152951694
        ],
        "FlagUp": 0,
        "Times": [],
        "width": 0,
        "height": 0,
        "area": [
            0.5427542663990574,
            0.5427542663990574,
            0.5427542663990574,
            0.5427542663990574,
            0.5427542663990574,
            0.5427542663990574,
            0.5427542663990574,
            0.5427542663990574
        ],
        "distance": -1.3962963373828383,
        "xpert": [
            [
                210.0,
                124.2
            ],
            [
                205.6,
                123.4
            ],
            [
                202.4,
                119.0
            ],
            [
                203.2,
                112.2
            ],
            [
                210.0,
                113.8
            ],
            [
                214.4,
                114.6
            ],
            [
                216.0,
                119.0
            ],
            [
                215.4,
                124.4
            ]
        ],
        "stack": 0,
        "shift": [
            [
                0.0,
                0.0
            ],
            [
                0.0,
                0.0
            ],
            [
                0.0,
                0.0
            ],
            [
                0.0,
                0.0
            ],
            [
                0.0,
                0.0
            ],
            [
                0.0,
                0.0
            ],
            [
                0.0,
                0.0
            ],
            [
                0.0,
                0.0
            ],
            [
                0.0,
                0.0
            ]
        ],
        "channel": 0
    },
    {
        "type": "Spine",
        "location": [
            245,
            112
        ],
        "radloc": [
            0,
            0
        ],
        "mean": [
            35.48888888888889,
            33.096296296296295,
            37.65185185185185,
            25.125925925925927,
            92.19259259259259,
            45.19259259259259,
            36.007407407407406,
            58.63703703703704
        ],
        "min": [
            12,
            9,
            11,
            7,
            24,
            13,
            10,
            20
        ],
        "max": [
            83,
            76,
            99,
            59,
            171,
            103,
            72,
            128
        ],
        "RawIntDen": [
            4791,
            4468,
            5083,
            3392,
            12446,
            6101,
            4861,
            7916
        ],
        "IntDen": [
            2808.362545543315,
            2619.0281472526676,
            2979.5255309949216,
            1988.304269355651,
            7295.529167570882,
            3576.2512816447015,
            2849.394768083084,
            4640.158194640134
        ],
        "FlagUp": 0,
        "Times": [],
        "width": 0,
        "height": 0,
        "area": [
            0.5861746077109821,
            0.5861746077109821,
            0.5861746077109821,
            0.5861746077109821,
            0.5861746077109821,
            0.5861746077109821,
            0.5861746077109821,
            0.5861746077109821
        ],
        "distance": 0.6346824950056986,
        "xpert": [
            [
                245.0,
                116.6
            ],
            [
                241.0,
                116.0
            ],
            [
                237.0,
                112.0
            ],
            [
                239.0,
                106.0
            ],
            [
                245.0,
                104.2
            ],
            [
                250.0,
                107.0
            ],
            [
                251.0,
                112.0
            ],
            [
                250.2,
                117.2
            ]
        ],
        "stack": 0,
        "shift": [
            [
                0.0,
                0.0
            ],
            [
                0.0,
                0.0
            ],
            [
                0.0,
                0.0
            ],
            [
                0.0,
                0.0
            ],
            [
                0.0,
                0.0
            ],
            [
                0.0,
                0.0
            ],
            [
                0.0,
                0.0
            ],
            [
                0.0,
                0.0
            ],
            [
                0.0,
                0.0
            ]
        ],
        "channel": 0
    },
    {
        "type": "Spine",
        "location": [
            257,
            119
        ],
        "radloc": [
            0,
            0
        ],
        "mean": [
            61.58031088082902,
            120.21761658031087,
            123.69948186528498,
            45.880829015544045,
            54.41450777202073,
            43.015544041450774,
            55.829015544041454,
            58.0880829015544
        ],
        "min": [
            11,
            48,
            29,
            7,
            13,
            9,
            10,
            14
        ],
        "max": [
            182,
            224,
            220,
            122,
            168,
            119,
            141,
            149
        ],
        "RawIntDen": [
            11885,
            23202,
            23874,
            8855,
            10502,
            8302,
            10775,
            11211
        ],
        "IntDen": [
            9959.77960029992,
            19443.568051001996,
            20006.712509681132,
            7420.601460719881,
            8800.80819203616,
            6957.180499931841,
            9029.58562837456,
            9394.959116446142
        ],
        "FlagUp": 0,
        "Times": [],
        "width": 0,
        "height": 0,
        "area": [
            0.8380125873201447,
            0.8380125873201447,
            0.8380125873201447,
            0.8380125873201447,
            0.8380125873201447,
            0.8380125873201447,
            0.8380125873201447,
            0.8380125873201447
        ],
        "distance": 1.6359450632495267,
        "xpert": [
            [
                257.0,
                129.0
            ],
            [
                248.8,
                127.2
            ],
            [
                249.6,
                119.0
            ],
            [
                252.6,
                114.6
            ],
            [
                257.0,
                113.4
            ],
            [
                262.0,
                114.0
            ],
            [
                265.6,
                119.0
            ],
            [
                263.2,
                125.2
            ]
        ],
        "stack": 0,
        "shift": [
            [
                0.0,
                0.0
            ],
            [
                0.0,
                0.0
            ],
            [
                0.0,
                0.0
            ],
            [
                0.0,
                0.0
            ],
            [
                0.0,
                0.0
            ],
            [
                0.0,
                0.0
            ],
            [
                0.0,
                0.0
            ],
            [
                0.0,
                0.0
            ],
            [
                0.0,
                0.0
            ]
        ],
        "channel": 0
    },
    {
        "type": "Spine",
        "location": [
            269,
            141
        ],
        "radloc": [
            0,
            0
        ],
        "mean": [
            26.387323943661972,
            32.23943661971831,
            25.119718309859156,
            42.556338028169016,
            30.176056338028168,
            26.035211267605632,
            29.866197183098592,
            89.50704225352112
        ],
        "min": [
            9,
            11,
            11,
            10,
            10,
            10,
            8,
            29
        ],
        "max": [
            87,
            136,
            88,
            142,
            105,
            90,
            85,
            152
        ],
        "RawIntDen": [
            3747,
            4578,
            3567,
            6043,
            4285,
            3697,
            4241,
            12710
        ],
        "IntDen": [
            2310.2834683200967,
            2822.652179869069,
            2199.3010759268172,
            3725.9255401810365,
            2641.997507806676,
            2279.45502598863,
            2614.8684785549854,
            7836.590040658774
        ],
        "FlagUp": 0,
        "Times": [],
        "width": 0,
        "height": 0,
        "area": [
            0.6165688466293292,
            0.6165688466293292,
            0.6165688466293292,
            0.6165688466293292,
            0.6165688466293292,
            0.6165688466293292,
            0.6165688466293292,
            0.6165688466293292
        ],
        "distance": 2.852990661145925,
        "xpert": [
            [
                269.0,
                146.6
            ],
            [
                262.8,
                147.2
            ],
            [
                260.8,
                141.0
            ],
            [
                263.4,
                135.4
            ],
            [
                269.0,
                133.6
            ],
            [
                273.8,
                136.2
            ],
            [
                274.8,
                141.0
            ],
            [
                273.4,
                145.4
            ]
        ],
        "stack": 0,
        "shift": [
            [
                0.0,
                0.0
            ],
            [
                0.0,
                0.0
            ],
            [
                0.0,
                0.0
            ],
            [
                0.0,
                0.0
            ],
            [
                0.0,
                0.0
            ],
            [
                0.0,
                0.0
            ],
            [
                0.0,
                0.0
            ],
            [
                0.0,
                0.0
            ],
            [
                0.0,
                0.0
            ]
        ],
        "channel": 0
    },
    {
        "type": "Spine",
        "location": [
            249,
            138
        ],
        "radloc": [
            0,
            0
        ],
        "mean": [
            59.04545454545455,
            71.04545454545455,
            73.8409090909091,
            76.69318181818181,
            98.42613636363636,
            60.51704545454545,
            56.02840909090909,
            53.10227272727273
        ],
        "min": [
            14,
            22,
            16,
            26,
            37,
            18,
            18,
            14
        ],
        "max": [
            165,
            186,
            186,
            153,
            174,
            134,
            137,
            131
        ],
        "RawIntDen": [
            10392,
            12504,
            12996,
            13498,
            17323,
            10651,
            9861,
            9346
        ],
        "IntDen": [
            7941.545689677959,
            9555.53188065177,
            9931.517300139987,
            10315.144699699104,
            13238.202076817868,
            8139.472973514236,
            7535.756547913236,
            7142.194574261952
        ],
        "FlagUp": 0,
        "Times": [],
        "width": 0,
        "height": 0,
        "area": [
            0.7641980070898728,
            0.7641980070898728,
            0.7641980070898728,
            0.7641980070898728,
            0.7641980070898728,
            0.7641980070898728,
            0.7641980070898728,
            0.7641980070898728
        ],
        "distance": 1.1088250632495267,
        "xpert": [
            [
                249.0,
                143.2
            ],
            [
                243.6,
                143.4
            ],
            [
                241.2,
                138.0
            ],
            [
                242.0,
                131.0
            ],
            [
                249.0,
                129.0
            ],
            [
                257.0,
                130.0
            ],
            [
                255.4,
                138.0
            ],
            [
                252.6,
                141.6
            ]
        ],
        "stack": 0,
        "shift": [
            [
                0.0,
                0.0
            ],
            [
                0.0,
                0.0
            ],
            [
                0.0,
                0.0
            ],
            [
                0.0,
                0.0
            ],
            [
                0.0,
                0.0
            ],
            [
                0.0,
                0.0
            ],
            [
                0.0,
                0.0
            ],
            [
                0.0,
                0.0
            ],
            [
                0.0,
                0.0
            ]
        ],
        "channel": 0
    },
    {
        "type": "Spine",
        "location": [
            275,
            118
        ],
        "radloc": [
            0,
            0
        ],
        "mean": [
            35.0,
            33.64150943396226,
            31.572327044025158,
            47.0377358490566,
            100.67295597484276,
            56.0188679245283,
            42.75471698113208,
            42.43396226415094
        ],
        "min": [
            7,
            6,
            6,
            8,
            40,
            9,
            7,
            7
        ],
        "max": [
            80,
            84,
            76,
            139,
            169,
            131,
            105,
            97
        ],
        "RawIntDen": [
            5565,
            5349,
            5020,
            7479,
            16007,
            8907,
            6798,
            6747
        ],
        "IntDen": [
            3841.98377047368,
            3692.860950272006,
            3465.7248028351974,
            5163.377649482956,
            11050.967513741634,
            6149.245183038467,
            4693.226535791568,
            4658.0169810217285
        ],
        "FlagUp": 0,
        "Times": [],
        "width": 0,
        "height": 0,
        "area": [
            0.6903834268596011,
            0.6903834268596011,
            0.6903834268596011,
            0.6903834268596011,
            0.6903834268596011,
            0.6903834268596011,
            0.6903834268596011,
            0.6903834268596011
        ],
        "distance": 3.0130127846228696,
        "xpert": [
            [
                275.0,
                123.8
            ],
            [
                269.4,
                123.6
            ],
            [
                268.0,
                118.0
            ],
            [
                268.6,
                111.6
            ],
            [
                275.0,
                110.0
            ],
            [
                281.0,
                112.0
            ],
            [
                281.6,
                118.0
            ],
            [
                280.2,
                123.2
            ]
        ],
        "stack": 0,
        "shift": [
            [
                0.0,
                0.0
            ],
            [
                0.0,
                0.0
            ],
            [
                0.0,
                0.0
            ],
            [
                0.0,
                0.0
            ],
            [
                0.0,
                0.0
            ],
            [
                0.0,
                0.0
            ],
            [
                0.0,
                0.0
            ],
            [
                0.0,
                0.0
            ],
            [
                0.0,
                0.0
            ]
        ],
        "channel": 0
    },
    {
        "type": "Spine",
        "location": [
            286,
            122
        ],
        "radloc": [
            0,
            0
        ],
        "mean": [
            20.770833333333332,
            32.8125,
            43.0,
            41.104166666666664,
            45.802083333333336,
            40.604166666666664,
            37.4375,
            87.85416666666667
        ],
        "min": [
            6,
            10,
            15,
            12,
            12,
            15,
            11,
            33
        ],
        "max": [
            76,
            69,
            93,
            99,
            124,
            93,
            66,
            178
        ],
        "RawIntDen": [
            1994,
            3150,
            4128,
            3946,
            4397,
            3898,
            3594,
            8434
        ],
        "IntDen": [
            831.1695415293854,
            1313.0311212725996,
            1720.6960217819974,
            1644.8320014418027,
            1832.8247111859114,
            1624.823908165268,
            1498.1059840805472,
            3515.5887227978114
        ],
        "FlagUp": 0,
        "Times": [],
        "width": 0,
        "height": 0,
        "area": [
            0.4168352765944761,
            0.4168352765944761,
            0.4168352765944761,
            0.4168352765944761,
            0.4168352765944761,
            0.4168352765944761,
            0.4168352765944761,
            0.4168352765944761
        ],
        "distance": 3.498828706149605,
        "xpert": [
            [
                286.0,
                127.2
            ],
            [
                281.4,
                126.6
            ],
            [
                279.8,
                122.0
            ],
            [
                280.8,
                116.8
            ],
            [
                286.0,
                116.4
            ],
            [
                290.6,
                117.4
            ],
            [
                290.8,
                122.0
            ],
            [
                289.2,
                125.2
            ]
        ],
        "stack": 0,
        "shift": [
            [
                0.0,
                0.0
            ],
            [
                0.0,
                0.0
            ],
            [
                0.0,
                0.0
            ],
            [
                0.0,
                0.0
            ],
            [
                0.0,
                0.0
            ],
            [
                0.0,
                0.0
            ],
            [
                0.0,
                0.0
            ],
            [
                0.0,
                0.0
            ],
            [
                0.0,
                0.0
            ]
        ],
        "channel": 0
    },
    {
        "type": "Spine",
        "location": [
            364,
            159
        ],
        "radloc": [
            0,
            0
        ],
        "mean": [
            56.495327102803735,
            47.14018691588785,
            32.4392523364486,
            24.30841121495327,
            32.401869158878505,
            40.794392523364486,
            24.542056074766354,
            38.64485981308411
        ],
        "min": [
            9,
            10,
            12,
            7,
            12,
            13,
            8,
            7
        ],
        "max": [
            129,
            111,
            72,
            67,
            66,
            78,
            58,
            101
        ],
        "RawIntDen": [
            6045,
            5044,
            3471,
            2601,
            3467,
            4365,
            2626,
            4135
        ],
        "IntDen": [
            2808.4928065672507,
            2343.43055687762,
            1612.618450222486,
            1208.4184929497799,
            1610.7600596143354,
            2027.968751144094,
            1220.0334342507197,
            1921.1112911754478
        ],
        "FlagUp": 0,
        "Times": [],
        "width": 0,
        "height": 0,
        "area": [
            0.4645976520375932,
            0.4645976520375932,
            0.4645976520375932,
            0.4645976520375932,
            0.4645976520375932,
            0.4645976520375932,
            0.4645976520375932,
            0.4645976520375932
        ],
        "distance": 9.54960265730196,
        "xpert": [
            [
                364.0,
                164.4
            ],
            [
                361.0,
                162.0
            ],
            [
                358.6,
                159.0
            ],
            [
                360.2,
                155.2
            ],
            [
                364.0,
                153.4
            ],
            [
                368.4,
                154.6
            ],
            [
                373.2,
                159.0
            ],
            [
                369.0,
                164.0
            ]
        ],
        "stack": 0,
        "shift": [
            [
                0.0,
                0.0
            ],
            [
                0.0,
                0.0
            ],
            [
                0.0,
                0.0
            ],
            [
                0.0,
                0.0
            ],
            [
                0.0,
                0.0
            ],
            [
                0.0,
                0.0
            ],
            [
                0.0,
                0.0
            ],
            [
                0.0,
                0.0
            ],
            [
                0.0,
                0.0
            ]
        ],
        "channel": 0
    },
    {
        "type": "Spine",
        "location": [
            391,
            169
        ],
        "radloc": [
            0,
            0
        ],
        "mean": [
            24.266666666666666,
            29.093333333333334,
            31.2,
            26.52,
            26.546666666666667,
            44.093333333333334,
            22.64,
            28.24
        ],
        "min": [
            11,
            14,
            13,
            12,
            8,
            18,
            8,
            8
        ],
        "max": [
            67,
            54,
            68,
            53,
            56,
            95,
            41,
            60
        ],
        "RawIntDen": [
            1820,
            2182,
            2340,
            1989,
            1991,
            3307,
            1698,
            2118
        ],
        "IntDen": [
            592.6876589077707,
            710.573885569646,
            762.0269900242766,
            647.7229415206351,
            648.374246640314,
            1076.9330153890098,
            552.9580466073597,
            689.7321217399221
        ],
        "FlagUp": 0,
        "Times": [],
        "width": 0,
        "height": 0,
        "area": [
            0.3256525598394345,
            0.3256525598394345,
            0.3256525598394345,
            0.3256525598394345,
            0.3256525598394345,
            0.3256525598394345,
            0.3256525598394345,
            0.3256525598394345
        ],
        "distance": 11.711765705100783,
        "xpert": [
            [
                391.0,
                173.6
            ],
            [
                386.2,
                173.8
            ],
            [
                386.0,
                169.0
            ],
            [
                387.6,
                165.6
            ],
            [
                391.0,
                164.2
            ],
            [
                395.0,
                165.0
            ],
            [
                395.4,
                169.0
            ],
            [
                395.0,
                173.0
            ]
        ],
        "stack": 0,
        "shift": [
            [
                0.0,
                0.0
            ],
            [
                0.0,
                0.0
            ],
            [
                0.0,
                0.0
            ],
            [
                0.0,
                0.0
            ],
            [
                0.0,
                0.0
            ],
            [
                0.0,
                0.0
            ],
            [
                0.0,
                0.0
            ],
            [
                0.0,
                0.0
            ],
            [
                0.0,
                0.0
            ]
        ],
        "channel": 0
    },
    {
        "type": "Spine",
        "location": [
            402,
            175
        ],
        "radloc": [
            0,
            0
        ],
        "mean": [
            31.965217391304346,
            48.76521739130435,
            41.55652173913043,
            33.99130434782609,
            32.66086956521739,
            35.417391304347824,
            31.069565217391304,
            33.7304347826087
        ],
        "min": [
            8,
            17,
            14,
            10,
            11,
            12,
            10,
            10
        ],
        "max": [
            93,
            112,
            82,
            68,
            73,
            85,
            68,
            76
        ],
        "RawIntDen": [
            3676,
            5608,
            4779,
            3909,
            3756,
            4073,
            3573,
            3879
        ],
        "IntDen": [
            1835.5515086203004,
            2800.264651888641,
            2386.316827991408,
            1951.8963131656024,
            1875.498222627271,
            2033.787076879892,
            1784.1201143363257,
            1936.9162954129883
        ],
        "FlagUp": 0,
        "Times": [],
        "width": 0,
        "height": 0,
        "area": [
            0.49933392508713287,
            0.49933392508713287,
            0.49933392508713287,
            0.49933392508713287,
            0.49933392508713287,
            0.49933392508713287,
            0.49933392508713287,
            0.49933392508713287
        ],
        "distance": 12.757729261945128,
        "xpert": [
            [
                402.0,
                180.6
            ],
            [
                397.2,
                179.8
            ],
            [
                394.4,
                175.0
            ],
            [
                397.6,
                170.6
            ],
            [
                402.0,
                169.6
            ],
            [
                406.4,
                170.6
            ],
            [
                408.2,
                175.0
            ],
            [
                407.0,
                180.0
            ]
        ],
        "stack": 0,
        "shift": [
            [
                0.0,
                0.0
            ],
            [
                0.0,
                0.0
            ],
            [
                0.0,
                0.0
            ],
            [
                0.0,
                0.0
            ],
            [
                0.0,
                0.0
            ],
            [
                0.0,
                0.0
            ],
            [
                0.0,
                0.0
            ],
            [
                0.0,
                0.0
            ],
            [
                0.0,
                0.0
            ]
        ],
        "channel": 0
    },
    {
        "type": "Spine",
        "location": [
            454,
            217
        ],
        "radloc": [
            0,
            0
        ],
        "mean": [
            31.566265060240966,
            58.06024096385542,
            92.30722891566265,
            87.855421686747,
            54.15060240963855,
            55.31325301204819,
            37.704819277108435,
            34.92168674698795
        ],
        "min": [
            10,
            14,
            25,
            26,
            13,
            15,
            8,
            12
        ],
        "max": [
            85,
            151,
            190,
            166,
            130,
            134,
            98,
            108
        ],
        "RawIntDen": [
            5240,
            9638,
            15323,
            14584,
            8989,
            9182,
            6259,
            5797
        ],
        "IntDen": [
            3776.874968676449,
            6946.855142767866,
            11044.476172715502,
            10511.821477705598,
            6479.070437677977,
            6618.180527173121,
            4511.347410104178,
            4178.348128514766
        ],
        "FlagUp": 0,
        "Times": [],
        "width": 0,
        "height": 0,
        "area": [
            0.7207776657779483,
            0.7207776657779483,
            0.7207776657779483,
            0.7207776657779483,
            0.7207776657779483,
            0.7207776657779483,
            0.7207776657779483,
            0.7207776657779483
        ],
        "distance": 17.133057553276206,
        "xpert": [
            [
                454.0,
                223.2
            ],
            [
                447.4,
                223.6
            ],
            [
                445.2,
                217.0
            ],
            [
                448.4,
                211.4
            ],
            [
                454.0,
                210.6
            ],
            [
                460.8,
                210.2
            ],
            [
                460.4,
                217.0
            ],
            [
                459.0,
                222.0
            ]
        ],
        "stack": 0,
        "shift": [
            [
                0.0,
                0.0
            ],
            [
                0.0,
                0.0
            ],
            [
                0.0,
                0.0
            ],
            [
                0.0,
                0.0
            ],
            [
                0.0,
                0.0
            ],
            [
                0.0,
                0.0
            ],
            [
                0.0,
                0.0
            ],
            [
                0.0,
                0.0
            ],
            [
                0.0,
                0.0
            ]
        ],
        "channel": 0
    }
]