[
    {
        "type": "Stim",
        "location": [
            84,
            258
        ],
        "radloc": [
            0,
            0
        ],
        "mean": [
            47.477987421383645,
            56.79874213836478,
            59.522012578616355,
            105.39622641509433,
            82.62264150943396,
            75.76729559748428,
            73.0125786163522,
            50.333333333333336
        ],
        "min": [
            8,
            11,
            11,
            23,
            31,
            18,
            12,
            8
        ],
        "max": [
            114,
            129,
            133,
            187,
            172,
            149,
            153,
            131
        ],
        "RawIntDen": [
            7549,
            9031,
            9464,
            16758,
            13137,
            12047,
            11609,
            8003
        ],
        "IntDen": [
            5211.704489363105,
            6234.852727969029,
            6533.788751799234,
            11569.445467313142,
            9069.567078654538,
            8317.049143377575,
            8014.661202413072,
            5525.138565157362
        ],
        "FlagUp": 0,
        "Times": [],
        "width": 0,
        "height": 0,
        "area": [
            0.6903834268595979,
            0.6903834268595979,
            0.6903834268595979,
            0.6903834268595979,
            0.6903834268595979,
            0.6903834268595979,
            0.6903834268595979,
            0.6903834268595979
        ],
        "distance": 0,
        "xpert": [
            [
                84.0,
                263.4
            ],
            [
                79.6,
                262.4
            ],
            [
                77.8,
                258.0
            ],
            [
                77.4,
                251.4
            ],
            [
                84.0,
                248.2
            ],
            [
                89.6,
                252.4
            ],
            [
                91.6,
                258.0
            ],
            [
                88.8,
                262.8
            ]
        ],
        "stack": 0,
        "shift": [
            [
                0.0,
                0.0
            ],
            [
                0.0,
                0.0
            ],
            [
                0.0,
                0.0
            ],
            [
                0.0,
                0.0
            ],
            [
                0.0,
                0.0
            ],
            [
                0.0,
                0.0
            ],
            [
                0.0,
                0.0
            ],
            [
                0.0,
                0.0
            ],
            [
                0.0,
                0.0
            ]
        ],
        "channel": 0
    },
    {
        "type": "Stim",
        "location": [
            91,
            237
        ],
        "radloc": [
            0,
            0
        ],
        "mean": [
            38.58585858585859,
            33.03030303030303,
            30.343434343434343,
            25.454545454545453,
            24.01010101010101,
            24.404040404040405,
            26.1010101010101,
            28.505050505050505
        ],
        "min": [
            14,
            9,
            9,
            8,
            8,
            10,
            9,
            9
        ],
        "max": [
            71,
            84,
            70,
            61,
            80,
            54,
            58,
            76
        ],
        "RawIntDen": [
            3820,
            3270,
            3004,
            2520,
            2377,
            2416,
            2584,
            2822
        ],
        "IntDen": [
            1642.0704677343567,
            1405.6467092909284,
            1291.3035824801068,
            1083.2506750498899,
            1021.7804978545985,
            1038.5450916351324,
            1110.761803305125,
            1213.0688115042815
        ],
        "FlagUp": 0,
        "Times": [],
        "width": 0,
        "height": 0,
        "area": [
            0.4298613789880515,
            0.4298613789880515,
            0.4298613789880515,
            0.4298613789880515,
            0.4298613789880515,
            0.4298613789880515,
            0.4298613789880515,
            0.4298613789880515
        ],
        "distance": 0,
        "xpert": [
            [
                91.0,
                241.6
            ],
            [
                87.6,
                240.4
            ],
            [
                83.0,
                237.0
            ],
            [
                86.8,
                232.8
            ],
            [
                91.0,
                232.0
            ],
            [
                94.4,
                233.6
            ],
            [
                96.8,
                237.0
            ],
            [
                97.2,
                243.2
            ]
        ],
        "stack": 0,
        "shift": [
            [
                0.0,
                0.0
            ],
            [
                0.0,
                0.0
            ],
            [
                0.0,
                0.0
            ],
            [
                0.0,
                0.0
            ],
            [
                0.0,
                0.0
            ],
            [
                0.0,
                0.0
            ],
            [
                0.0,
                0.0
            ],
            [
                0.0,
                0.0
            ],
            [
                0.0,
                0.0
            ]
        ],
        "channel": 0
    },
    {
        "type": "Stim",
        "location": [
            136,
            243
        ],
        "radloc": [
            0,
            0
        ],
        "mean": [
            30.15929203539823,
            32.46017699115044,
            35.91150442477876,
            41.50442477876106,
            38.283185840707965,
            44.47787610619469,
            39.23893805309734,
            45.83185840707964
        ],
        "min": [
            9,
            9,
            11,
            13,
            12,
            15,
            14,
            12
        ],
        "max": [
            54,
            84,
            75,
            82,
            81,
            101,
            83,
            85
        ],
        "RawIntDen": [
            3408,
            3668,
            4058,
            4690,
            4326,
            5026,
            4434,
            5179
        ],
        "IntDen": [
            1672.1347120587332,
            1799.703674833167,
            1991.057118994818,
            2301.147828508057,
            2122.55128062385,
            2466.0061804011716,
            2175.541465160922,
            2541.0756084953578
        ],
        "FlagUp": 0,
        "Times": [],
        "width": 0,
        "height": 0,
        "area": [
            0.49064985682474566,
            0.49064985682474566,
            0.49064985682474566,
            0.49064985682474566,
            0.49064985682474566,
            0.49064985682474566,
            0.49064985682474566,
            0.49064985682474566
        ],
        "distance": 0,
        "xpert": [
            [
                136.0,
                249.8
            ],
            [
                130.8,
                248.2
            ],
            [
                130.4,
                243.0
            ],
            [
                131.8,
                238.8
            ],
            [
                136.0,
                236.4
            ],
            [
                140.4,
                238.6
            ],
            [
                141.4,
                243.0
            ],
            [
                140.6,
                247.6
            ]
        ],
        "stack": 0,
        "shift": [
            [
                0.0,
                0.0
            ],
            [
                0.0,
                0.0
            ],
            [
                0.0,
                0.0
            ],
            [
                0.0,
                0.0
            ],
            [
                0.0,
                0.0
            ],
            [
                0.0,
                0.0
            ],
            [
                0.0,
                0.0
            ],
            [
                0.0,
                0.0
            ],
            [
                0.0,
                0.0
            ]
        ],
        "channel": 0
    },
    {
        "type": "Stim",
        "location": [
            217,
            263
        ],
        "radloc": [
            0,
            0
        ],
        "mean": [
            59.226950354609926,
            49.04255319148936,
            46.226950354609926,
            84.52482269503547,
            58.61702127659574,
            69.44680851063829,
            57.42553191489362,
            48.716312056737586
        ],
        "min": [
            16,
            12,
            10,
            31,
            11,
            17,
            17,
            13
        ],
        "max": [
            165,
            128,
            108,
            159,
            136,
            160,
            157,
            132
        ],
        "RawIntDen": [
            8351,
            6915,
            6518,
            11918,
            8265,
            9792,
            8097,
            6869
        ],
        "IntDen": [
            5112.706111171917,
            4233.548408424596,
            3990.4943638628374,
            7296.519151352761,
            5060.054605297078,
            5994.924947981728,
            4957.200500797391,
            4205.385975049682
        ],
        "FlagUp": 0,
        "Times": [],
        "width": 0,
        "height": 0,
        "area": [
            0.6122268124981339,
            0.6122268124981339,
            0.6122268124981339,
            0.6122268124981339,
            0.6122268124981339,
            0.6122268124981339,
            0.6122268124981339,
            0.6122268124981339
        ],
        "distance": 0,
        "xpert": [
            [
                217.0,
                270.0
            ],
            [
                210.2,
                269.8
            ],
            [
                209.8,
                263.0
            ],
            [
                213.4,
                259.4
            ],
            [
                217.0,
                257.2
            ],
            [
                222.0,
                258.0
            ],
            [
                223.8,
                263.0
            ],
            [
                222.8,
                268.8
            ]
        ],
        "stack": 0,
        "shift": [
            [
                0.0,
                0.0
            ],
            [
                0.0,
                0.0
            ],
            [
                0.0,
                0.0
            ],
            [
                0.0,
                0.0
            ],
            [
                0.0,
                0.0
            ],
            [
                0.0,
                0.0
            ],
            [
                0.0,
                0.0
            ],
            [
                0.0,
                0.0
            ],
            [
                0.0,
                0.0
            ]
        ],
        "channel": 0
    },
    {
        "type": "Stim",
        "location": [
            246,
            249
        ],
        "radloc": [
            0,
            0
        ],
        "mean": [
            37.33846153846154,
            45.13846153846154,
            38.43076923076923,
            49.89230769230769,
            38.715384615384615,
            45.6,
            42.03076923076923,
            38.7
        ],
        "min": [
            14,
            11,
            9,
            8,
            9,
            13,
            14,
            8
        ],
        "max": [
            99,
            117,
            88,
            114,
            78,
            86,
            85,
            76
        ],
        "RawIntDen": [
            4854,
            5868,
            4996,
            6486,
            5033,
            5928,
            5464,
            5031
        ],
        "IntDen": [
            2739.910377465053,
            3312.2773166388406,
            2820.064327526866,
            3661.116338738841,
            2840.9495116979015,
            3346.1451828621416,
            3084.2336840686135,
            2839.820582823791
        ],
        "FlagUp": 0,
        "Times": [],
        "width": 0,
        "height": 0,
        "area": [
            0.5644644370550171,
            0.5644644370550171,
            0.5644644370550171,
            0.5644644370550171,
            0.5644644370550171,
            0.5644644370550171,
            0.5644644370550171,
            0.5644644370550171
        ],
        "distance": 0,
        "xpert": [
            [
                246.0,
                259.0
            ],
            [
                241.2,
                253.8
            ],
            [
                240.6,
                249.0
            ],
            [
                240.8,
                243.8
            ],
            [
                246.0,
                243.0
            ],
            [
                250.8,
                244.2
            ],
            [
                251.4,
                249.0
            ],
            [
                250.6,
                253.6
            ]
        ],
        "stack": 0,
        "shift": [
            [
                0.0,
                0.0
            ],
            [
                0.0,
                0.0
            ],
            [
                0.0,
                0.0
            ],
            [
                0.0,
                0.0
            ],
            [
                0.0,
                0.0
            ],
            [
                0.0,
                0.0
            ],
            [
                0.0,
                0.0
            ],
            [
                0.0,
                0.0
            ],
            [
                0.0,
                0.0
            ]
        ],
        "channel": 0
    },
    {
        "type": "Stim",
        "location": [
            219,
            288
        ],
        "radloc": [
            0,
            0
        ],
        "mean": [
            46.72049689440994,
            45.50310559006211,
            57.92546583850932,
            94.47826086956522,
            76.2111801242236,
            96.98136645962732,
            78.19254658385093,
            94.90683229813665
        ],
        "min": [
            8,
            8,
            9,
            31,
            16,
            35,
            17,
            28
        ],
        "max": [
            116,
            133,
            138,
            185,
            153,
            185,
            149,
            199
        ],
        "RawIntDen": [
            7522,
            7326,
            9326,
            15211,
            12270,
            15614,
            12589,
            15280
        ],
        "IntDen": [
            5258.385698307555,
            5121.368469263646,
            6519.503459507611,
            10633.51566830048,
            8577.55816514673,
            10915.239868834638,
            8800.56069609064,
            10681.751325463896
        ],
        "FlagUp": 0,
        "Times": [],
        "width": 0,
        "height": 0,
        "area": [
            0.6990674951219827,
            0.6990674951219827,
            0.6990674951219827,
            0.6990674951219827,
            0.6990674951219827,
            0.6990674951219827,
            0.6990674951219827,
            0.6990674951219827
        ],
        "distance": 0,
        "xpert": [
            [
                219.0,
                294.4
            ],
            [
                214.4,
                292.6
            ],
            [
                212.4,
                288.0
            ],
            [
                212.2,
                281.2
            ],
            [
                219.0,
                281.8
            ],
            [
                224.8,
                282.2
            ],
            [
                228.6,
                288.0
            ],
            [
                224.4,
                293.4
            ]
        ],
        "stack": 0,
        "shift": [
            [
                0.0,
                0.0
            ],
            [
                0.0,
                0.0
            ],
            [
                0.0,
                0.0
            ],
            [
                0.0,
                0.0
            ],
            [
                0.0,
                0.0
            ],
            [
                0.0,
                0.0
            ],
            [
                0.0,
                0.0
            ],
            [
                0.0,
                0.0
            ],
            [
                0.0,
                0.0
            ]
        ],
        "channel": 0
    },
    {
        "type": "Spine",
        "location": [
            98,
            258
        ],
        "radloc": [
            0,
            0
        ],
        "mean": [
            72.25806451612904,
            79.97849462365592,
            89.7741935483871,
            112.50537634408602,
            92.50537634408602,
            82.6774193548387,
            84.52688172043011,
            59.526881720430104
        ],
        "min": [
            9,
            20,
            12,
            42,
            20,
            19,
            15,
            13
        ],
        "max": [
            159,
            159,
            201,
            188,
            171,
            188,
            168,
            134
        ],
        "RawIntDen": [
            6720,
            7438,
            8349,
            10463,
            8603,
            7689,
            7861,
            5536
        ],
        "IntDen": [
            2713.597650630027,
            3003.532637706271,
            3371.402795403288,
            4225.055389663984,
            3473.9703256503158,
            3104.888740430696,
            3174.3439183932505,
            2235.487588376165
        ],
        "FlagUp": 0,
        "Times": [],
        "width": 0,
        "height": 0,
        "area": [
            0.4038091742008969,
            0.4038091742008969,
            0.4038091742008969,
            0.4038091742008969,
            0.4038091742008969,
            0.4038091742008969,
            0.4038091742008969,
            0.4038091742008969
        ],
        "distance": -0.6650500532609247,
        "xpert": [
            [
                98.0,
                263.0
            ],
            [
                95.0,
                261.0
            ],
            [
                93.0,
                258.0
            ],
            [
                91.4,
                251.4
            ],
            [
                98.0,
                252.2
            ],
            [
                102.6,
                253.4
            ],
            [
                103.2,
                258.0
            ],
            [
                101.4,
                261.4
            ]
        ],
        "stack": 0,
        "shift": [
            [
                0.0,
                0.0
            ],
            [
                0.0,
                0.0
            ],
            [
                0.0,
                0.0
            ],
            [
                0.0,
                0.0
            ],
            [
                0.0,
                0.0
            ],
            [
                0.0,
                0.0
            ],
            [
                0.0,
                0.0
            ],
            [
                0.0,
                0.0
            ],
            [
                0.0,
                0.0
            ]
        ],
        "channel": 0
    },
    {
        "type": "Spine",
        "location": [
            128,
            270
        ],
        "radloc": [
            0,
            0
        ],
        "mean": [
            58.828125,
            70.9609375,
            75.484375,
            91.890625,
            62.4140625,
            60.5,
            67.8359375,
            55.8515625
        ],
        "min": [
            14,
            13,
            18,
            27,
            22,
            13,
            14,
            10
        ],
        "max": [
            135,
            136,
            164,
            160,
            138,
            122,
            131,
            124
        ],
        "RawIntDen": [
            7530,
            9083,
            9662,
            11762,
            7989,
            7744,
            8683,
            7149
        ],
        "IntDen": [
            4185.026177008521,
            5048.153089743479,
            5369.949923274413,
            6537.088697738941,
            4440.129366284339,
            4303.963175930145,
            4825.840942226426,
            3973.273856498528
        ],
        "FlagUp": 0,
        "Times": [],
        "width": 0,
        "height": 0,
        "area": [
            0.5557803687926323,
            0.5557803687926323,
            0.5557803687926323,
            0.5557803687926323,
            0.5557803687926323,
            0.5557803687926323,
            0.5557803687926323,
            0.5557803687926323
        ],
        "distance": -0.52712,
        "xpert": [
            [
                128.0,
                276.2
            ],
            [
                124.0,
                274.0
            ],
            [
                122.8,
                270.0
            ],
            [
                123.4,
                265.4
            ],
            [
                128.0,
                261.8
            ],
            [
                134.4,
                263.6
            ],
            [
                134.4,
                270.0
            ],
            [
                132.4,
                274.4
            ]
        ],
        "stack": 0,
        "shift": [
            [
                0.0,
                0.0
            ],
            [
                0.0,
                0.0
            ],
            [
                0.0,
                0.0
            ],
            [
                0.0,
                0.0
            ],
            [
                0.0,
                0.0
            ],
            [
                0.0,
                0.0
            ],
            [
                0.0,
                0.0
            ],
            [
                0.0,
                0.0
            ],
            [
                0.0,
                0.0
            ]
        ],
        "channel": 0
    },
    {
        "type": "Spine",
        "location": [
            241,
            282
        ],
        "radloc": [
            0,
            0
        ],
        "mean": [
            32.956043956043956,
            29.813186813186814,
            29.76923076923077,
            41.56043956043956,
            31.934065934065934,
            36.24175824175824,
            52.53846153846154,
            48.637362637362635
        ],
        "min": [
            7,
            7,
            7,
            11,
            9,
            9,
            13,
            13
        ],
        "max": [
            92,
            79,
            71,
            97,
            84,
            89,
            110,
            102
        ],
        "RawIntDen": [
            2999,
            2713,
            2709,
            3782,
            2906,
            3298,
            4781,
            4426
        ],
        "IntDen": [
            1184.9801927095975,
            1071.974412411183,
            1070.393911987429,
            1494.3631506594525,
            1148.2335578573159,
            1303.1225993852127,
            1889.0931314920258,
            1748.823718883854
        ],
        "FlagUp": 0,
        "Times": [],
        "width": 0,
        "height": 0,
        "area": [
            0.395125105938512,
            0.395125105938512,
            0.395125105938512,
            0.395125105938512,
            0.395125105938512,
            0.395125105938512,
            0.395125105938512,
            0.395125105938512
        ],
        "distance": -0.7914211142523224,
        "xpert": [
            [
                241.0,
                287.0
            ],
            [
                237.0,
                286.0
            ],
            [
                235.0,
                282.0
            ],
            [
                236.2,
                277.2
            ],
            [
                241.0,
                276.8
            ],
            [
                244.4,
                278.6
            ],
            [
                247.4,
                282.0
            ],
            [
                245.0,
                286.0
            ]
        ],
        "stack": 0,
        "shift": [
            [
                0.0,
                0.0
            ],
            [
                0.0,
                0.0
            ],
            [
                0.0,
                0.0
            ],
            [
                0.0,
                0.0
            ],
            [
                0.0,
                0.0
            ],
            [
                0.0,
                0.0
            ],
            [
                0.0,
                0.0
            ],
            [
                0.0,
                0.0
            ],
            [
                0.0,
                0.0
            ]
        ],
        "channel": 0
    },
    {
        "type": "Spine",
        "location": [
            209,
            293
        ],
        "radloc": [
            0,
            0
        ],
        "mean": [
            27.78048780487805,
            28.390243902439025,
            25.853658536585368,
            27.471544715447155,
            26.227642276422763,
            35.853658536585364,
            19.51219512195122,
            19.829268292682926
        ],
        "min": [
            6,
            6,
            7,
            7,
            9,
            8,
            7,
            7
        ],
        "max": [
            68,
            64,
            74,
            86,
            82,
            132,
            71,
            51
        ],
        "RawIntDen": [
            3417,
            3492,
            3180,
            3379,
            3226,
            4410,
            2400,
            2439
        ],
        "IntDen": [
            1824.9178670330016,
            1864.9731318932518,
            1698.3432300746108,
            1804.623199503808,
            1722.9104591888977,
            2355.249573782715,
            1281.7684755280081,
            1302.5972132553384
        ],
        "FlagUp": 0,
        "Times": [],
        "width": 0,
        "height": 0,
        "area": [
            0.5340701981366701,
            0.5340701981366701,
            0.5340701981366701,
            0.5340701981366701,
            0.5340701981366701,
            0.5340701981366701,
            0.5340701981366701,
            0.5340701981366701
        ],
        "distance": -0.6589,
        "xpert": [
            [
                209.0,
                297.8
            ],
            [
                204.6,
                297.4
            ],
            [
                203.0,
                293.0
            ],
            [
                204.2,
                288.2
            ],
            [
                209.0,
                284.0
            ],
            [
                213.6,
                288.4
            ],
            [
                215.4,
                293.0
            ],
            [
                213.8,
                297.8
            ]
        ],
        "stack": 0,
        "shift": [
            [
                0.0,
                0.0
            ],
            [
                0.0,
                0.0
            ],
            [
                0.0,
                0.0
            ],
            [
                0.0,
                0.0
            ],
            [
                0.0,
                0.0
            ],
            [
                0.0,
                0.0
            ],
            [
                0.0,
                0.0
            ],
            [
                0.0,
                0.0
            ],
            [
                0.0,
                0.0
            ]
        ],
        "channel": 0
    },
    {
        "type": "Spine",
        "location": [
            66,
            249
        ],
        "radloc": [
            0,
            0
        ],
        "mean": [
            60.31578947368421,
            71.10526315789474,
            66.22105263157894,
            59.10526315789474,
            66.01052631578948,
            58.56842105263158,
            60.410526315789475,
            48.0
        ],
        "min": [
            9,
            17,
            16,
            20,
            16,
            15,
            18,
            11
        ],
        "max": [
            143,
            166,
            155,
            124,
            121,
            116,
            115,
            116
        ],
        "RawIntDen": [
            5730,
            6755,
            6291,
            5615,
            6271,
            5564,
            5739,
            4560
        ],
        "IntDen": [
            2363.5862793146043,
            2786.3918528394684,
            2594.9949883365057,
            2316.1495564313273,
            2586.74512348724,
            2295.1124010656995,
            2367.298718496774,
            1880.9691856325649
        ],
        "FlagUp": 0,
        "Times": [],
        "width": 0,
        "height": 0,
        "area": [
            0.4124932424632818,
            0.4124932424632818,
            0.4124932424632818,
            0.4124932424632818,
            0.4124932424632818,
            0.4124932424632818,
            0.4124932424632818,
            0.4124932424632818
        ],
        "distance": 1.5197195822869878,
        "xpert": [
            [
                66.0,
                253.8
            ],
            [
                62.6,
                252.4
            ],
            [
                61.4,
                249.0
            ],
            [
                61.4,
                244.4
            ],
            [
                66.0,
                243.2
            ],
            [
                71.0,
                244.0
            ],
            [
                74.2,
                249.0
            ],
            [
                69.4,
                252.4
            ]
        ],
        "stack": 0,
        "shift": [
            [
                0.0,
                0.0
            ],
            [
                0.0,
                0.0
            ],
            [
                0.0,
                0.0
            ],
            [
                0.0,
                0.0
            ],
            [
                0.0,
                0.0
            ],
            [
                0.0,
                0.0
            ],
            [
                0.0,
                0.0
            ],
            [
                0.0,
                0.0
            ],
            [
                0.0,
                0.0
            ]
        ],
        "channel": 0
    },
    {
        "type": "Spine",
        "location": [
            258,
            256
        ],
        "radloc": [
            0,
            0
        ],
        "mean": [
            96.62222222222222,
            100.65925925925926,
            93.25925925925925,
            92.22222222222223,
            86.47407407407407,
            77.33333333333333,
            86.77777777777777,
            81.31851851851852
        ],
        "min": [
            30,
            37,
            18,
            19,
            14,
            11,
            13,
            19
        ],
        "max": [
            198,
            214,
            191,
            201,
            172,
            156,
            176,
            176
        ],
        "RawIntDen": [
            13044,
            13589,
            12590,
            12450,
            11674,
            10440,
            11715,
            10978
        ],
        "IntDen": [
            7646.061582982014,
            7965.526744184498,
            7379.93831108123,
            7297.8738660016925,
            6843.002370417973,
            6119.662904502624,
            6867.035529334123,
            6435.024843451131
        ],
        "FlagUp": 0,
        "Times": [],
        "width": 0,
        "height": 0,
        "area": [
            0.5861746077109793,
            0.5861746077109793,
            0.5861746077109793,
            0.5861746077109793,
            0.5861746077109793,
            0.5861746077109793,
            0.5861746077109793,
            0.5861746077109793
        ],
        "distance": 1.0815325316247633,
        "xpert": [
            [
                258.0,
                263.8
            ],
            [
                253.0,
                261.0
            ],
            [
                251.8,
                256.0
            ],
            [
                253.4,
                251.4
            ],
            [
                258.0,
                249.4
            ],
            [
                261.6,
                252.4
            ],
            [
                264.8,
                256.0
            ],
            [
                264.6,
                262.6
            ]
        ],
        "stack": 0,
        "shift": [
            [
                0.0,
                0.0
            ],
            [
                0.0,
                0.0
            ],
            [
                0.0,
                0.0
            ],
            [
                0.0,
                0.0
            ],
            [
                0.0,
                0.0
            ],
            [
                0.0,
                0.0
            ],
            [
                0.0,
                0.0
            ],
            [
                0.0,
                0.0
            ],
            [
                0.0,
                0.0
            ]
        ],
        "channel": 0
    },
    {
        "type": "Spine",
        "location": [
            274,
            259
        ],
        "radloc": [
            0,
            0
        ],
        "mean": [
            57.10526315789474,
            55.48245614035088,
            47.666666666666664,
            42.46491228070175,
            62.973684210526315,
            43.48245614035088,
            83.92105263157895,
            48.166666666666664
        ],
        "min": [
            14,
            13,
            12,
            11,
            12,
            16,
            31,
            13
        ],
        "max": [
            148,
            160,
            110,
            90,
            168,
            92,
            174,
            102
        ],
        "RawIntDen": [
            6510,
            6325,
            5434,
            4841,
            7179,
            4957,
            9567,
            5491
        ],
        "IntDen": [
            3222.397210123157,
            3130.8237102963085,
            2689.7859354545676,
            2396.2557441176964,
            3553.54678517268,
            2453.674803468585,
            4735.58742077546,
            2718.000473239056
        ],
        "FlagUp": 0,
        "Times": [],
        "width": 0,
        "height": 0,
        "area": [
            0.4949918909559381,
            0.4949918909559381,
            0.4949918909559381,
            0.4949918909559381,
            0.4949918909559381,
            0.4949918909559381,
            0.4949918909559381,
            0.4949918909559381
        ],
        "distance": 1.8722125316247633,
        "xpert": [
            [
                274.0,
                265.2
            ],
            [
                267.8,
                265.2
            ],
            [
                268.2,
                259.0
            ],
            [
                270.0,
                255.0
            ],
            [
                274.0,
                253.8
            ],
            [
                278.0,
                255.0
            ],
            [
                280.0,
                259.0
            ],
            [
                279.4,
                264.4
            ]
        ],
        "stack": 0,
        "shift": [
            [
                0.0,
                0.0
            ],
            [
                0.0,
                0.0
            ],
            [
                0.0,
                0.0
            ],
            [
                0.0,
                0.0
            ],
            [
                0.0,
                0.0
            ],
            [
                0.0,
                0.0
            ],
            [
                0.0,
                0.0
            ],
            [
                0.0,
                0.0
            ],
            [
                0.0,
                0.0
            ]
        ],
        "channel": 0
    },
    {
        "type": "Spine",
        "location": [
            11,
            255
        ],
        "radloc": [
            0,
            0
        ],
        "mean": [
            53.06666666666667,
            60.725,
            54.55833333333333,
            57.325,
            64.39166666666667,
            58.34166666666667,
            47.78333333333333,
            50.74166666666667
        ],
        "min": [
            6,
            8,
            9,
            10,
            11,
            13,
            7,
            9
        ],
        "max": [
            143,
            143,
            128,
            138,
            167,
            116,
            106,
            124
        ],
        "RawIntDen": [
            6368,
            7287,
            6547,
            6879,
            7727,
            7001,
            5734,
            6089
        ],
        "IntDen": [
            3318.0088016920145,
            3796.848325679917,
            3411.275694830028,
            3584.262334616735,
            4026.107727806878,
            3647.8297142973925,
            2987.666844990894,
            3172.637498979692
        ],
        "FlagUp": 0,
        "Times": [],
        "width": 0,
        "height": 0,
        "area": [
            0.5210440957430927,
            0.5210440957430927,
            0.5210440957430927,
            0.5210440957430927,
            0.5210440957430927,
            0.5210440957430927,
            0.5210440957430927,
            0.5210440957430927
        ],
        "distance": 5.471179961784146,
        "xpert": [
            [
                11.0,
                260.4
            ],
            [
                6.4,
                259.6
            ],
            [
                5.0,
                255.0
            ],
            [
                6.6,
                250.6
            ],
            [
                11.0,
                248.2
            ],
            [
                17.2,
                248.8
            ],
            [
                17.0,
                255.0
            ],
            [
                15.4,
                259.4
            ]
        ],
        "stack": 0,
        "shift": [
            [
                0.0,
                0.0
            ],
            [
                0.0,
                0.0
            ],
            [
                0.0,
                0.0
            ],
            [
                0.0,
                0.0
            ],
            [
                0.0,
                0.0
            ],
            [
                0.0,
                0.0
            ],
            [
                0.0,
                0.0
            ],
            [
                0.0,
                0.0
            ],
            [
                0.0,
                0.0
            ]
        ],
        "channel": 0
    },
    {
        "type": "Spine",
        "location": [
            61,
            221
        ],
        "radloc": [
            0,
            0
        ],
        "mean": [
            37.91156462585034,
            31.551020408163264,
            26.047619047619047,
            19.448979591836736,
            21.401360544217688,
            21.034013605442176,
            24.891156462585034,
            33.61224489795919
        ],
        "min": [
            8,
            8,
            7,
            5,
            7,
            9,
            7,
            10
        ],
        "max": [
            126,
            113,
            85,
            40,
            58,
            63,
            94,
            101
        ],
        "RawIntDen": [
            5573,
            4638,
            3829,
            2859,
            3146,
            3092,
            3659,
            4941
        ],
        "IntDen": [
            3557.1289633309134,
            2960.3380821691685,
            2443.97035718537,
            1824.8397104186402,
            2008.025788379518,
            1973.5587214461125,
            2335.462924246871,
            3153.736624406611
        ],
        "FlagUp": 0,
        "Times": [],
        "width": 0,
        "height": 0,
        "area": [
            0.6382790172852886,
            0.6382790172852886,
            0.6382790172852886,
            0.6382790172852886,
            0.6382790172852886,
            0.6382790172852886,
            0.6382790172852886,
            0.6382790172852886
        ],
        "distance": 1.9856322404108042,
        "xpert": [
            [
                61.0,
                227.8
            ],
            [
                54.6,
                227.4
            ],
            [
                55.0,
                221.0
            ],
            [
                56.2,
                216.2
            ],
            [
                61.0,
                214.8
            ],
            [
                66.4,
                215.6
            ],
            [
                67.2,
                221.0
            ],
            [
                67.4,
                227.4
            ]
        ],
        "stack": 0,
        "shift": [
            [
                0.0,
                0.0
            ],
            [
                0.0,
                0.0
            ],
            [
                0.0,
                0.0
            ],
            [
                0.0,
                0.0
            ],
            [
                0.0,
                0.0
            ],
            [
                0.0,
                0.0
            ],
            [
                0.0,
                0.0
            ],
            [
                0.0,
                0.0
            ],
            [
                0.0,
                0.0
            ]
        ],
        "channel": 0
    },
    {
        "type": "Spine",
        "location": [
            55,
            244
        ],
        "radloc": [
            0,
            0
        ],
        "mean": [
            23.091666666666665,
            30.0,
            49.725,
            63.075,
            60.291666666666664,
            48.96666666666667,
            41.05,
            39.025
        ],
        "min": [
            8,
            7,
            12,
            13,
            9,
            10,
            8,
            9
        ],
        "max": [
            81,
            114,
            116,
            172,
            170,
            149,
            151,
            131
        ],
        "RawIntDen": [
            2771,
            3600,
            5967,
            7569,
            7235,
            5876,
            4926,
            4683
        ],
        "IntDen": [
            1443.81318930411,
            1875.7587446751338,
            3109.0701192990346,
            3943.782760679469,
            3769.754032701276,
            3061.655106586413,
            2566.663215630475,
            2440.0495003649035
        ],
        "FlagUp": 0,
        "Times": [],
        "width": 0,
        "height": 0,
        "area": [
            0.5210440957430927,
            0.5210440957430927,
            0.5210440957430927,
            0.5210440957430927,
            0.5210440957430927,
            0.5210440957430927,
            0.5210440957430927,
            0.5210440957430927
        ],
        "distance": 2.3809722404108045,
        "xpert": [
            [
                55.0,
                249.2
            ],
            [
                50.4,
                248.6
            ],
            [
                47.8,
                244.0
            ],
            [
                49.8,
                238.8
            ],
            [
                55.0,
                238.8
            ],
            [
                60.2,
                238.8
            ],
            [
                61.6,
                244.0
            ],
            [
                59.2,
                248.2
            ]
        ],
        "stack": 0,
        "shift": [
            [
                0.0,
                0.0
            ],
            [
                0.0,
                0.0
            ],
            [
                0.0,
                0.0
            ],
            [
                0.0,
                0.0
            ],
            [
                0.0,
                0.0
            ],
            [
                0.0,
                0.0
            ],
            [
                0.0,
                0.0
            ],
            [
                0.0,
                0.0
            ],
            [
                0.0,
                0.0
            ]
        ],
        "channel": 0
    },
    {
        "type": "Spine",
        "location": [
            76,
            229
        ],
        "radloc": [
            0,
            0
        ],
        "mean": [
            29.657894736842106,
            28.651315789473685,
            25.19078947368421,
            23.38157894736842,
            22.013157894736842,
            22.54605263157895,
            22.18421052631579,
            29.361842105263158
        ],
        "min": [
            9,
            9,
            7,
            7,
            8,
            9,
            8,
            8
        ],
        "max": [
            113,
            87,
            74,
            80,
            58,
            52,
            74,
            109
        ],
        "RawIntDen": [
            4508,
            4355,
            3829,
            3554,
            3346,
            3427,
            3372,
            4463
        ],
        "IntDen": [
            2975.2312592391586,
            2874.2529134841475,
            2527.0986006270496,
            2345.6015739432055,
            2208.323822851425,
            2261.7829470746665,
            2225.4835417378977,
            2945.5317457818023
        ],
        "FlagUp": 0,
        "Times": [],
        "width": 0,
        "height": 0,
        "area": [
            0.6599891879412508,
            0.6599891879412508,
            0.6599891879412508,
            0.6599891879412508,
            0.6599891879412508,
            0.6599891879412508,
            0.6599891879412508,
            0.6599891879412508
        ],
        "distance": 1.0252951186659527,
        "xpert": [
            [
                76.0,
                236.2
            ],
            [
                70.8,
                234.2
            ],
            [
                66.8,
                229.0
            ],
            [
                69.8,
                222.8
            ],
            [
                76.0,
                223.6
            ],
            [
                80.2,
                224.8
            ],
            [
                81.6,
                229.0
            ],
            [
                82.4,
                235.4
            ]
        ],
        "stack": 0,
        "shift": [
            [
                0.0,
                0.0
            ],
            [
                0.0,
                0.0
            ],
            [
                0.0,
                0.0
            ],
            [
                0.0,
                0.0
            ],
            [
                0.0,
                0.0
            ],
            [
                0.0,
                0.0
            ],
            [
                0.0,
                0.0
            ],
            [
                0.0,
                0.0
            ],
            [
                0.0,
                0.0
            ]
        ],
        "channel": 0
    },
    {
        "type": "Spine",
        "location": [
            296,
            319
        ],
        "radloc": [
            0,
            0
        ],
        "mean": [
            59.634408602150536,
            55.096774193548384,
            66.23655913978494,
            49.27956989247312,
            83.68817204301075,
            71.40860215053763,
            59.82795698924731,
            64.34408602150538
        ],
        "min": [
            15,
            8,
            6,
            9,
            21,
            11,
            13,
            4
        ],
        "max": [
            137,
            126,
            145,
            139,
            178,
            163,
            144,
            148
        ],
        "RawIntDen": [
            5546,
            5124,
            6160,
            4583,
            7783,
            6641,
            5564,
            5984
        ],
        "IntDen": [
            2239.525680118174,
            2069.1182086053955,
            2487.4645130775248,
            1850.6574453627104,
            3142.8468028055804,
            2681.696725868156,
            2246.7942452537905,
            2416.394098418167
        ],
        "FlagUp": 0,
        "Times": [],
        "width": 0,
        "height": 0,
        "area": [
            0.4038091742008969,
            0.4038091742008969,
            0.4038091742008969,
            0.4038091742008969,
            0.4038091742008969,
            0.4038091742008969,
            0.4038091742008969,
            0.4038091742008969
        ],
        "distance": 5.1261754427466855,
        "xpert": [
            [
                296.0,
                324.2
            ],
            [
                292.2,
                322.8
            ],
            [
                290.8,
                319.0
            ],
            [
                292.4,
                315.4
            ],
            [
                296.0,
                312.4
            ],
            [
                300.6,
                314.4
            ],
            [
                301.6,
                319.0
            ],
            [
                300.4,
                323.4
            ]
        ],
        "stack": 0,
        "shift": [
            [
                0.0,
                0.0
            ],
            [
                0.0,
                0.0
            ],
            [
                0.0,
                0.0
            ],
            [
                0.0,
                0.0
            ],
            [
                0.0,
                0.0
            ],
            [
                0.0,
                0.0
            ],
            [
                0.0,
                0.0
            ],
            [
                0.0,
                0.0
            ],
            [
                0.0,
                0.0
            ]
        ],
        "channel": 0
    },
    {
        "type": "Spine",
        "location": [
            362,
            307
        ],
        "radloc": [
            0,
            0
        ],
        "mean": [
            58.44025157232704,
            66.86792452830188,
            75.44025157232704,
            65.9119496855346,
            72.20754716981132,
            70.68553459119497,
            67.11949685534591,
            76.33333333333333
        ],
        "min": [
            9,
            14,
            17,
            9,
            16,
            14,
            11,
            16
        ],
        "max": [
            138,
            147,
            155,
            147,
            172,
            146,
            153,
            179
        ],
        "RawIntDen": [
            9292,
            10632,
            11995,
            10480,
            11481,
            11239,
            10672,
            12137
        ],
        "IntDen": [
            6415.042802379384,
            7340.156594371245,
            8281.149205180876,
            7235.218313488586,
            7926.292123775043,
            7759.21933447502,
            7367.771931445629,
            8379.18365179494
        ],
        "FlagUp": 0,
        "Times": [],
        "width": 0,
        "height": 0,
        "area": [
            0.6903834268595979,
            0.6903834268595979,
            0.6903834268595979,
            0.6903834268595979,
            0.6903834268595979,
            0.6903834268595979,
            0.6903834268595979,
            0.6903834268595979
        ],
        "distance": 8.161798100870499,
        "xpert": [
            [
                362.0,
                311.4
            ],
            [
                358.6,
                310.4
            ],
            [
                356.6,
                307.0
            ],
            [
                356.0,
                301.0
            ],
            [
                362.0,
                297.8
            ],
            [
                369.6,
                299.4
            ],
            [
                369.6,
                307.0
            ],
            [
                368.2,
                313.2
            ]
        ],
        "stack": 0,
        "shift": [
            [
                0.0,
                0.0
            ],
            [
                0.0,
                0.0
            ],
            [
                0.0,
                0.0
            ],
            [
                0.0,
                0.0
            ],
            [
                0.0,
                0.0
            ],
            [
                0.0,
                0.0
            ],
            [
                0.0,
                0.0
            ],
            [
                0.0,
                0.0
            ],
            [
                0.0,
                0.0
            ]
        ],
        "channel": 0
    },
    {
        "type": "Spine",
        "location": [
            364,
            257
        ],
        "radloc": [
            0,
            0
        ],
        "mean": [
            64.5111111111111,
            51.474074074074075,
            62.71111111111111,
            75.41481481481482,
            79.13333333333334,
            67.17777777777778,
            66.41481481481482,
            67.27407407407408
        ],
        "min": [
            7,
            10,
            9,
            14,
            13,
            11,
            19,
            12
        ],
        "max": [
            174,
            154,
            179,
            170,
            192,
            153,
            157,
            163
        ],
        "RawIntDen": [
            8709,
            6949,
            8466,
            10181,
            10683,
            9069,
            8966,
            9082
        ],
        "IntDen": [
            5104.994658554919,
            4073.3273489835956,
            4962.554228881151,
            5967.843681105481,
            6262.103334176392,
            5316.017517330872,
            5255.64153273664,
            5323.637787231114
        ],
        "FlagUp": 0,
        "Times": [],
        "width": 0,
        "height": 0,
        "area": [
            0.5861746077109793,
            0.5861746077109793,
            0.5861746077109793,
            0.5861746077109793,
            0.5861746077109793,
            0.5861746077109793,
            0.5861746077109793,
            0.5861746077109793
        ],
        "distance": 9.617933822243844,
        "xpert": [
            [
                364.0,
                263.8
            ],
            [
                359.0,
                262.0
            ],
            [
                358.2,
                257.0
            ],
            [
                359.6,
                252.6
            ],
            [
                364.0,
                250.6
            ],
            [
                368.0,
                253.0
            ],
            [
                369.4,
                257.0
            ],
            [
                372.6,
                265.6
            ]
        ],
        "stack": 0,
        "shift": [
            [
                0.0,
                0.0
            ],
            [
                0.0,
                0.0
            ],
            [
                0.0,
                0.0
            ],
            [
                0.0,
                0.0
            ],
            [
                0.0,
                0.0
            ],
            [
                0.0,
                0.0
            ],
            [
                0.0,
                0.0
            ],
            [
                0.0,
                0.0
            ],
            [
                0.0,
                0.0
            ]
        ],
        "channel": 0
    },
    {
        "type": "Spine",
        "location": [
            408,
            279
        ],
        "radloc": [
            0,
            0
        ],
        "mean": [
            39.36190476190476,
            60.24761904761905,
            81.48571428571428,
            102.57142857142857,
            87.58095238095238,
            76.3047619047619,
            82.04761904761905,
            74.92380952380952
        ],
        "min": [
            9,
            11,
            15,
            28,
            15,
            16,
            13,
            16
        ],
        "max": [
            110,
            137,
            164,
            194,
            214,
            172,
            172,
            158
        ],
        "RawIntDen": [
            4133,
            6326,
            8556,
            10770,
            9196,
            8012,
            8615,
            7867
        ],
        "IntDen": [
            1884.2908417429271,
            2884.109330961954,
            3900.7966227806637,
            4910.18929725897,
            4192.581316396796,
            3652.7796332069515,
            3927.695524223401,
            3586.672163559547
        ],
        "FlagUp": 0,
        "Times": [],
        "width": 0,
        "height": 0,
        "area": [
            0.45591358377520613,
            0.45591358377520613,
            0.45591358377520613,
            0.45591358377520613,
            0.45591358377520613,
            0.45591358377520613,
            0.45591358377520613,
            0.45591358377520613
        ],
        "distance": 11.09099367011624,
        "xpert": [
            [
                408.0,
                285.0
            ],
            [
                403.2,
                283.8
            ],
            [
                401.0,
                279.0
            ],
            [
                403.0,
                274.0
            ],
            [
                408.0,
                274.0
            ],
            [
                411.4,
                275.6
            ],
            [
                413.4,
                279.0
            ],
            [
                412.4,
                283.4
            ]
        ],
        "stack": 0,
        "shift": [
            [
                0.0,
                0.0
            ],
            [
                0.0,
                0.0
            ],
            [
                0.0,
                0.0
            ],
            [
                0.0,
                0.0
            ],
            [
                0.0,
                0.0
            ],
            [
                0.0,
                0.0
            ],
            [
                0.0,
                0.0
            ],
            [
                0.0,
                0.0
            ],
            [
                0.0,
                0.0
            ]
        ],
        "channel": 0
    },
    {
        "type": "Spine",
        "location": [
            446,
            277
        ],
        "radloc": [
            0,
            0
        ],
        "mean": [
            35.9126213592233,
            30.106796116504853,
            30.097087378640776,
            56.09708737864078,
            40.52427184466019,
            44.75728155339806,
            41.728155339805824,
            53.81553398058252
        ],
        "min": [
            4,
            6,
            4,
            8,
            8,
            7,
            8,
            8
        ],
        "max": [
            104,
            89,
            91,
            149,
            130,
            130,
            99,
            123
        ],
        "RawIntDen": [
            3699,
            3101,
            3100,
            5778,
            4174,
            4610,
            4298,
            5543
        ],
        "IntDen": [
            1654.301977881926,
            1386.8587276052588,
            1386.411498089746,
            2584.0921406330813,
            1866.735997750516,
            2061.728066514106,
            1922.1924576741058,
            2478.993204487568
        ],
        "FlagUp": 0,
        "Times": [],
        "width": 0,
        "height": 0,
        "area": [
            0.44722951551282125,
            0.44722951551282125,
            0.44722951551282125,
            0.44722951551282125,
            0.44722951551282125,
            0.44722951551282125,
            0.44722951551282125,
            0.44722951551282125
        ],
        "distance": 14.515334049613406,
        "xpert": [
            [
                446.0,
                282.2
            ],
            [
                442.4,
                280.6
            ],
            [
                440.4,
                277.0
            ],
            [
                440.2,
                271.2
            ],
            [
                446.0,
                270.0
            ],
            [
                451.4,
                271.6
            ],
            [
                451.0,
                277.0
            ],
            [
                449.2,
                280.2
            ]
        ],
        "stack": 0,
        "shift": [
            [
                0.0,
                0.0
            ],
            [
                0.0,
                0.0
            ],
            [
                0.0,
                0.0
            ],
            [
                0.0,
                0.0
            ],
            [
                0.0,
                0.0
            ],
            [
                0.0,
                0.0
            ],
            [
                0.0,
                0.0
            ],
            [
                0.0,
                0.0
            ],
            [
                0.0,
                0.0
            ]
        ],
        "channel": 0
    },
    {
        "type": "Spine",
        "location": [
            428,
            242
        ],
        "radloc": [
            0,
            0
        ],
        "mean": [
            45.69753086419753,
            57.69135802469136,
            58.04320987654321,
            111.99382716049382,
            79.29629629629629,
            85.08024691358025,
            80.88888888888889,
            78.57407407407408
        ],
        "min": [
            10,
            12,
            16,
            27,
            15,
            26,
            28,
            21
        ],
        "max": [
            109,
            157,
            157,
            202,
            179,
            205,
            176,
            141
        ],
        "RawIntDen": [
            7403,
            9346,
            9403,
            18143,
            12846,
            13783,
            13104,
            12729
        ],
        "IntDen": [
            5207.340745061256,
            6574.065460400176,
            6614.159803567606,
            12761.959089240358,
            9035.998812786289,
            9695.093541696513,
            9217.478471333608,
            8953.699897863668
        ],
        "FlagUp": 0,
        "Times": [],
        "width": 0,
        "height": 0,
        "area": [
            0.7034095292531752,
            0.7034095292531752,
            0.7034095292531752,
            0.7034095292531752,
            0.7034095292531752,
            0.7034095292531752,
            0.7034095292531752,
            0.7034095292531752
        ],
        "distance": 13.724654049613406,
        "xpert": [
            [
                428.0,
                248.8
            ],
            [
                422.4,
                247.6
            ],
            [
                419.8,
                242.0
            ],
            [
                423.0,
                237.0
            ],
            [
                428.0,
                235.0
            ],
            [
                433.0,
                237.0
            ],
            [
                436.0,
                242.0
            ],
            [
                434.4,
                248.4
            ]
        ],
        "stack": 0,
        "shift": [
            [
                0.0,
                0.0
            ],
            [
                0.0,
                0.0
            ],
            [
                0.0,
                0.0
            ],
            [
                0.0,
                0.0
            ],
            [
                0.0,
                0.0
            ],
            [
                0.0,
                0.0
            ],
            [
                0.0,
                0.0
            ],
            [
                0.0,
                0.0
            ],
            [
                0.0,
                0.0
            ]
        ],
        "channel": 0
    },
    {
        "type": "Spine",
        "location": [
            437,
            226
        ],
        "radloc": [
            0,
            0
        ],
        "mean": [
            71.69421487603306,
            87.77685950413223,
            84.6694214876033,
            81.14049586776859,
            91.2892561983471,
            81.58677685950413,
            69.0,
            61.48760330578512
        ],
        "min": [
            10,
            20,
            15,
            18,
            13,
            18,
            8,
            8
        ],
        "max": [
            169,
            186,
            205,
            178,
            205,
            203,
            188,
            189
        ],
        "RawIntDen": [
            8675,
            10621,
            10245,
            9818,
            11046,
            9872,
            8349,
            7440
        ],
        "IntDen": [
            4557.724676659424,
            5580.126085394783,
            5382.580900562051,
            5158.241023105732,
            5803.415190591354,
            5186.611874118943,
            4386.448798320407,
            3908.872806264682
        ],
        "FlagUp": 0,
        "Times": [],
        "width": 0,
        "height": 0,
        "area": [
            0.5253861298742852,
            0.5253861298742852,
            0.5253861298742852,
            0.5253861298742852,
            0.5253861298742852,
            0.5253861298742852,
            0.5253861298742852,
            0.5253861298742852
        ],
        "distance": 13.922324049613406,
        "xpert": [
            [
                437.0,
                233.2
            ],
            [
                430.6,
                232.4
            ],
            [
                430.4,
                226.0
            ],
            [
                432.6,
                221.6
            ],
            [
                437.0,
                220.8
            ],
            [
                440.6,
                222.4
            ],
            [
                442.2,
                226.0
            ],
            [
                442.0,
                231.0
            ]
        ],
        "stack": 0,
        "shift": [
            [
                0.0,
                0.0
            ],
            [
                0.0,
                0.0
            ],
            [
                0.0,
                0.0
            ],
            [
                0.0,
                0.0
            ],
            [
                0.0,
                0.0
            ],
            [
                0.0,
                0.0
            ],
            [
                0.0,
                0.0
            ],
            [
                0.0,
                0.0
            ],
            [
                0.0,
                0.0
            ]
        ],
        "channel": 0
    },
    {
        "type": "Spine",
        "location": [
            479,
            242
        ],
        "radloc": [
            0,
            0
        ],
        "mean": [
            40.394557823129254,
            46.183673469387756,
            35.74829931972789,
            41.02721088435374,
            36.333333333333336,
            40.06122448979592,
            36.965986394557824,
            28.959183673469386
        ],
        "min": [
            8,
            10,
            9,
            12,
            11,
            14,
            11,
            11
        ],
        "max": [
            110,
            136,
            153,
            108,
            116,
            123,
            105,
            84
        ],
        "RawIntDen": [
            5938,
            6789,
            5255,
            6031,
            5341,
            5889,
            5434,
            4257
        ],
        "IntDen": [
            3790.100804640044,
            4333.2762483498245,
            3354.1562358341916,
            3849.4607532475757,
            3409.0482313207267,
            3758.8251327930648,
            3468.4081799282585,
            2717.1537765834737
        ],
        "FlagUp": 0,
        "Times": [],
        "width": 0,
        "height": 0,
        "area": [
            0.6382790172852886,
            0.6382790172852886,
            0.6382790172852886,
            0.6382790172852886,
            0.6382790172852886,
            0.6382790172852886,
            0.6382790172852886,
            0.6382790172852886
        ],
        "distance": 16.744289112862933,
        "xpert": [
            [
                479.0,
                249.8
            ],
            [
                472.2,
                248.8
            ],
            [
                472.0,
                242.0
            ],
            [
                474.4,
                237.4
            ],
            [
                479.0,
                236.4
            ],
            [
                483.4,
                237.6
            ],
            [
                484.4,
                242.0
            ],
            [
                486.4,
                249.4
            ]
        ],
        "stack": 0,
        "shift": [
            [
                0.0,
                0.0
            ],
            [
                0.0,
                0.0
            ],
            [
                0.0,
                0.0
            ],
            [
                0.0,
                0.0
            ],
            [
                0.0,
                0.0
            ],
            [
                0.0,
                0.0
            ],
            [
                0.0,
                0.0
            ],
            [
                0.0,
                0.0
            ],
            [
                0.0,
                0.0
            ]
        ],
        "channel": 0
    },
    {
        "type": "Spine",
        "location": [
            495,
            253
        ],
        "radloc": [
            0,
            0
        ],
        "mean": [
            126.6910569105691,
            119.90243902439025,
            107.4308943089431,
            109.9349593495935,
            99.70731707317073,
            93.63414634146342,
            94.45528455284553,
            83.39024390243902
        ],
        "min": [
            20,
            27,
            33,
            23,
            28,
            22,
            26,
            13
        ],
        "max": [
            220,
            226,
            208,
            191,
            194,
            216,
            199,
            193
        ],
        "RawIntDen": [
            15583,
            14748,
            13214,
            13522,
            12264,
            11517,
            11618,
            10257
        ],
        "IntDen": [
            8322.41589756373,
            7876.46728211961,
            7057.203598177958,
            7221.697219204053,
            6549.8369099481215,
            6150.886471940029,
            6204.827561951833,
            5477.958022287825
        ],
        "FlagUp": 0,
        "Times": [],
        "width": 0,
        "height": 0,
        "area": [
            0.5340701981366701,
            0.5340701981366701,
            0.5340701981366701,
            0.5340701981366701,
            0.5340701981366701,
            0.5340701981366701,
            0.5340701981366701,
            0.5340701981366701
        ],
        "distance": 17.504365441924843,
        "xpert": [
            [
                495.0,
                259.4
            ],
            [
                491.6,
                256.4
            ],
            [
                488.8,
                253.0
            ],
            [
                490.0,
                248.0
            ],
            [
                495.0,
                247.4
            ],
            [
                500.0,
                248.0
            ],
            [
                501.2,
                253.0
            ],
            [
                501.2,
                259.2
            ]
        ],
        "stack": 0,
        "shift": [
            [
                0.0,
                0.0
            ],
            [
                0.0,
                0.0
            ],
            [
                0.0,
                0.0
            ],
            [
                0.0,
                0.0
            ],
            [
                0.0,
                0.0
            ],
            [
                0.0,
                0.0
            ],
            [
                0.0,
                0.0
            ],
            [
                0.0,
                0.0
            ],
            [
                0.0,
                0.0
            ]
        ],
        "channel": 0
    },
    {
        "type": "Spine",
        "location": [
            394,
            282
        ],
        "radloc": [
            0,
            0
        ],
        "mean": [
            31.325842696629213,
            24.370786516853933,
            29.168539325842698,
            30.415730337078653,
            24.39325842696629,
            30.89887640449438,
            26.089887640449437,
            35.168539325842694
        ],
        "min": [
            10,
            7,
            10,
            11,
            10,
            8,
            7,
            11
        ],
        "max": [
            84,
            77,
            70,
            79,
            63,
            83,
            68,
            80
        ],
        "RawIntDen": [
            2788,
            2169,
            2596,
            2707,
            2171,
            2750,
            2322,
            3130
        ],
        "IntDen": [
            1077.3976130410424,
            838.1906107195197,
            1003.200933807226,
            1046.095888989276,
            838.963492794872,
            1062.7128536093496,
            897.3160894839672,
            1209.560447926278
        ],
        "FlagUp": 0,
        "Times": [],
        "width": 0,
        "height": 0,
        "area": [
            0.38644103767612714,
            0.38644103767612714,
            0.38644103767612714,
            0.38644103767612714,
            0.38644103767612714,
            0.38644103767612714,
            0.38644103767612714,
            0.38644103767612714
        ],
        "distance": 10.625081011992423,
        "xpert": [
            [
                394.0,
                287.0
            ],
            [
                390.2,
                285.8
            ],
            [
                386.6,
                282.0
            ],
            [
                389.8,
                277.8
            ],
            [
                394.0,
                277.8
            ],
            [
                398.2,
                277.8
            ],
            [
                399.0,
                282.0
            ],
            [
                398.0,
                286.0
            ]
        ],
        "stack": 0,
        "shift": [
            [
                0.0,
                0.0
            ],
            [
                0.0,
                0.0
            ],
            [
                0.0,
                0.0
            ],
            [
                0.0,
                0.0
            ],
            [
                0.0,
                0.0
            ],
            [
                0.0,
                0.0
            ],
            [
                0.0,
                0.0
            ],
            [
                0.0,
                0.0
            ],
            [
                0.0,
                0.0
            ]
        ],
        "channel": 0
    },
    {
        "type": "Spine",
        "location": [
            333,
            314
        ],
        "radloc": [
            0,
            0
        ],
        "mean": [
            25.611510791366907,
            23.35251798561151,
            26.79136690647482,
            24.35251798561151,
            24.906474820143885,
            19.31654676258993,
            23.093525179856115,
            28.41007194244604
        ],
        "min": [
            6,
            8,
            7,
            7,
            7,
            6,
            6,
            6
        ],
        "max": [
            74,
            68,
            95,
            73,
            77,
            60,
            63,
            90
        ],
        "RawIntDen": [
            3560,
            3246,
            3724,
            3385,
            3462,
            2685,
            3210,
            3949
        ],
        "IntDen": [
            2148.612169479267,
            1959.0997477892415,
            2247.5931795339297,
            2042.9921892380107,
            2089.464980544163,
            1620.5122682729864,
            1937.3722089967546,
            2383.390296986973
        ],
        "FlagUp": 0,
        "Times": [],
        "width": 0,
        "height": 0,
        "area": [
            0.603542744235749,
            0.603542744235749,
            0.603542744235749,
            0.603542744235749,
            0.603542744235749,
            0.603542744235749,
            0.603542744235749,
            0.603542744235749
        ],
        "distance": 7.041668100870499,
        "xpert": [
            [
                333.0,
                319.0
            ],
            [
                327.8,
                319.2
            ],
            [
                326.0,
                314.0
            ],
            [
                328.4,
                309.4
            ],
            [
                333.0,
                304.2
            ],
            [
                342.0,
                305.0
            ],
            [
                337.4,
                314.0
            ],
            [
                336.4,
                317.4
            ]
        ],
        "stack": 0,
        "shift": [
            [
                0.0,
                0.0
            ],
            [
                0.0,
                0.0
            ],
            [
                0.0,
                0.0
            ],
            [
                0.0,
                0.0
            ],
            [
                0.0,
                0.0
            ],
            [
                0.0,
                0.0
            ],
            [
                0.0,
                0.0
            ],
            [
                0.0,
                0.0
            ],
            [
                0.0,
                0.0
            ]
        ],
        "channel": 0
    },
    {
        "type": "Spine",
        "location": [
            457,
            232
        ],
        "radloc": [
            0,
            0
        ],
        "mean": [
            27.990243902439026,
            30.55609756097561,
            22.658536585365855,
            25.546341463414635,
            20.048780487804876,
            20.590243902439024,
            20.536585365853657,
            24.848780487804877
        ],
        "min": [
            8,
            9,
            6,
            8,
            6,
            6,
            8,
            7
        ],
        "max": [
            68,
            82,
            62,
            67,
            46,
            39,
            42,
            57
        ],
        "RawIntDen": [
            5738,
            6264,
            4645,
            5237,
            4110,
            4221,
            4210,
            5094
        ],
        "IntDen": [
            5107.491328180355,
            5575.692868546836,
            4134.593450574721,
            4661.542712736235,
            3658.38085723619,
            3757.1838438914738,
            3747.392556925635,
            4534.255982180329
        ],
        "FlagUp": 0,
        "Times": [],
        "width": 0,
        "height": 0,
        "area": [
            0.8901169968944501,
            0.8901169968944501,
            0.8901169968944501,
            0.8901169968944501,
            0.8901169968944501,
            0.8901169968944501,
            0.8901169968944501,
            0.8901169968944501
        ],
        "distance": 15.953609112862935,
        "xpert": [
            [
                457.0,
                242.2
            ],
            [
                452.0,
                237.0
            ],
            [
                451.4,
                232.0
            ],
            [
                450.0,
                225.0
            ],
            [
                457.0,
                221.0
            ],
            [
                461.8,
                227.2
            ],
            [
                463.8,
                232.0
            ],
            [
                464.8,
                239.8
            ]
        ],
        "stack": 0,
        "shift": [
            [
                0.0,
                0.0
            ],
            [
                0.0,
                0.0
            ],
            [
                0.0,
                0.0
            ],
            [
                0.0,
                0.0
            ],
            [
                0.0,
                0.0
            ],
            [
                0.0,
                0.0
            ],
            [
                0.0,
                0.0
            ],
            [
                0.0,
                0.0
            ],
            [
                0.0,
                0.0
            ]
        ],
        "channel": 0
    }
]