[
    {
        "type": "Stim",
        "location": [
            163,
            142
        ],
        "radloc": [
            0,
            0
        ],
        "mean": [
            36.108695652173914,
            34.68840579710145,
            27.181159420289855,
            28.44927536231884,
            27.253623188405797,
            31.67391304347826,
            26.681159420289855,
            28.97826086956522
        ],
        "min": [
            9,
            9,
            7,
            9,
            8,
            6,
            6,
            7
        ],
        "max": [
            81,
            86,
            73,
            68,
            73,
            76,
            80,
            82
        ],
        "RawIntDen": [
            4983,
            4787,
            3751,
            3926,
            3761,
            4371,
            3682,
            3999
        ],
        "IntDen": [
            2985.817138451012,
            2868.3737992705182,
            2247.6018636021963,
            2352.4619878704943,
            2253.593870703242,
            2619.1063038670222,
            2206.257014604982,
            2396.203639708127
        ],
        "FlagUp": 0,
        "Times": [],
        "width": 0,
        "height": 0,
        "area": [
            0.5992007101045579,
            0.5992007101045579,
            0.5992007101045579,
            0.5992007101045579,
            0.5992007101045579,
            0.5992007101045579,
            0.5992007101045579,
            0.5992007101045579
        ],
        "distance": 0,
        "xpert": [
            [
                163.0,
                148.0
            ],
            [
                158.2,
                146.8
            ],
            [
                157.0,
                142.0
            ],
            [
                154.2,
                133.2
            ],
            [
                163.0,
                135.2
            ],
            [
                167.0,
                138.0
            ],
            [
                169.4,
                142.0
            ],
            [
                167.6,
                146.6
            ]
        ],
        "stack": 0,
        "shift": [
            [
                0.0,
                0.0
            ],
            [
                0.0,
                0.0
            ],
            [
                0.0,
                0.0
            ],
            [
                0.0,
                0.0
            ],
            [
                0.0,
                0.0
            ],
            [
                0.0,
                0.0
            ],
            [
                0.0,
                0.0
            ],
            [
                0.0,
                0.0
            ],
            [
                0.0,
                0.0
            ]
        ],
        "channel": 0
    },
    {
        "type": "Spine",
        "location": [
            37,
            94
        ],
        "radloc": [
            0,
            0
        ],
        "mean": [
            38.773809523809526,
            19.660714285714285,
            19.06547619047619,
            13.541666666666666,
            19.357142857142858,
            120.64285714285714,
            57.845238095238095,
            43.98809523809524
        ],
        "min": [
            4,
            1,
            2,
            1,
            2,
            53,
            9,
            7
        ],
        "max": [
            122,
            93,
            61,
            45,
            59,
            205,
            141,
            104
        ],
        "RawIntDen": [
            6514,
            3303,
            3203,
            2275,
            3252,
            20268,
            9718,
            7390
        ],
        "IntDen": [
            4751.7137355387185,
            2409.412107535214,
            2336.4659341311813,
            1659.5254449417537,
            2372.2095590991576,
            14784.730425529435,
            7088.90913140394,
            5390.722214558048
        ],
        "FlagUp": 0,
        "Times": [],
        "width": 0,
        "height": 0,
        "area": [
            0.7294617340403313,
            0.7294617340403313,
            0.7294617340403313,
            0.7294617340403313,
            0.7294617340403313,
            0.7294617340403313,
            0.7294617340403313,
            0.7294617340403313
        ],
        "distance": 8.411310126499053,
        "xpert": [
            [
                37.0,
                102.4
            ],
            [
                31.6,
                99.4
            ],
            [
                30.0,
                94.0
            ],
            [
                32.2,
                89.2
            ],
            [
                37.0,
                88.8
            ],
            [
                44.0,
                87.0
            ],
            [
                45.8,
                94.0
            ],
            [
                43.4,
                100.4
            ]
        ],
        "stack": 0,
        "shift": [
            [
                0.0,
                0.0
            ],
            [
                0.0,
                0.0
            ],
            [
                0.0,
                0.0
            ],
            [
                0.0,
                0.0
            ],
            [
                0.0,
                0.0
            ],
            [
                0.0,
                0.0
            ],
            [
                0.0,
                0.0
            ],
            [
                0.0,
                0.0
            ],
            [
                0.0,
                0.0
            ]
        ],
        "channel": 0
    },
    {
        "type": "Spine",
        "location": [
            16,
            147
        ],
        "radloc": [
            0,
            0
        ],
        "mean": [
            75.796992481203,
            58.45864661654135,
            66.23308270676692,
            51.661654135338345,
            51.285714285714285,
            84.53383458646617,
            85.95488721804512,
            57.70676691729323
        ],
        "min": [
            12,
            8,
            16,
            8,
            7,
            18,
            21,
            9
        ],
        "max": [
            176,
            132,
            153,
            123,
            109,
            200,
            195,
            138
        ],
        "RawIntDen": [
            10081,
            7775,
            8809,
            6871,
            6821,
            11243,
            11432,
            7675
        ],
        "IntDen": [
            5821.682128181293,
            4489.988944212831,
            5087.114162002678,
            3967.9374965513007,
            3939.0629695788707,
            6492.726135020561,
            6601.871846976345,
            4432.2398902679715
        ],
        "FlagUp": 0,
        "Times": [],
        "width": 0,
        "height": 0,
        "area": [
            0.5774905394485956,
            0.5774905394485956,
            0.5774905394485956,
            0.5774905394485956,
            0.5774905394485956,
            0.5774905394485956,
            0.5774905394485956,
            0.5774905394485956
        ],
        "distance": 9.795000126499053,
        "xpert": [
            [
                16.0,
                154.8
            ],
            [
                11.2,
                151.8
            ],
            [
                9.6,
                147.0
            ],
            [
                11.0,
                142.0
            ],
            [
                16.0,
                140.0
            ],
            [
                21.0,
                142.0
            ],
            [
                22.0,
                147.0
            ],
            [
                20.8,
                151.8
            ]
        ],
        "stack": 0,
        "shift": [
            [
                0.0,
                0.0
            ],
            [
                0.0,
                0.0
            ],
            [
                0.0,
                0.0
            ],
            [
                0.0,
                0.0
            ],
            [
                0.0,
                0.0
            ],
            [
                0.0,
                0.0
            ],
            [
                0.0,
                0.0
            ],
            [
                0.0,
                0.0
            ],
            [
                0.0,
                0.0
            ]
        ],
        "channel": 0
    },
    {
        "type": "Spine",
        "location": [
            192,
            109
        ],
        "radloc": [
            0,
            0
        ],
        "mean": [
            41.864,
            40.896,
            28.04,
            18.84,
            26.472,
            26.416,
            28.192,
            24.568
        ],
        "min": [
            9,
            5,
            6,
            6,
            6,
            4,
            6,
            5
        ],
        "max": [
            107,
            101,
            66,
            59,
            84,
            67,
            63,
            74
        ],
        "RawIntDen": [
            5233,
            5112,
            3505,
            2355,
            3309,
            3302,
            3524,
            3071
        ],
        "IntDen": [
            2840.2330760662603,
            2774.5598098319742,
            1902.3537037286915,
            1278.1862973697769,
            1795.9738675144763,
            1792.174587649683,
            1912.6660347902734,
            1666.7983521115011
        ],
        "FlagUp": 0,
        "Times": [],
        "width": 0,
        "height": 0,
        "area": [
            0.542754266399056,
            0.542754266399056,
            0.542754266399056,
            0.542754266399056,
            0.542754266399056,
            0.542754266399056,
            0.542754266399056,
            0.542754266399056
        ],
        "distance": 1.9108100000000001,
        "xpert": [
            [
                192.0,
                115.6
            ],
            [
                187.4,
                113.6
            ],
            [
                186.2,
                109.0
            ],
            [
                188.0,
                105.0
            ],
            [
                192.0,
                103.4
            ],
            [
                197.0,
                104.0
            ],
            [
                198.8,
                109.0
            ],
            [
                199.0,
                116.0
            ]
        ],
        "stack": 0,
        "shift": [
            [
                0.0,
                0.0
            ],
            [
                0.0,
                0.0
            ],
            [
                0.0,
                0.0
            ],
            [
                0.0,
                0.0
            ],
            [
                0.0,
                0.0
            ],
            [
                0.0,
                0.0
            ],
            [
                0.0,
                0.0
            ],
            [
                0.0,
                0.0
            ],
            [
                0.0,
                0.0
            ]
        ],
        "channel": 0
    },
    {
        "type": "Spine",
        "location": [
            241,
            132
        ],
        "radloc": [
            0,
            0
        ],
        "mean": [
            22.89855072463768,
            23.355072463768117,
            18.942028985507246,
            17.76086956521739,
            19.434782608695652,
            28.68840579710145,
            17.043478260869566,
            11.898550724637682
        ],
        "min": [
            5,
            6,
            5,
            4,
            6,
            7,
            5,
            5
        ],
        "max": [
            64,
            62,
            54,
            63,
            53,
            62,
            49,
            42
        ],
        "RawIntDen": [
            3160,
            3223,
            2614,
            2451,
            2682,
            3959,
            2352,
            1642
        ],
        "IntDen": [
            1893.4742439304027,
            1931.22388866699,
            1566.3106562133141,
            1468.6409404662713,
            1607.0563045004242,
            2372.2356113039446,
            1409.32007016592,
            983.887565991684
        ],
        "FlagUp": 0,
        "Times": [],
        "width": 0,
        "height": 0,
        "area": [
            0.5992007101045579,
            0.5992007101045579,
            0.5992007101045579,
            0.5992007101045579,
            0.5992007101045579,
            0.5992007101045579,
            0.5992007101045579,
            0.5992007101045579
        ],
        "distance": 5.22129759487429,
        "xpert": [
            [
                241.0,
                137.6
            ],
            [
                234.4,
                138.6
            ],
            [
                233.2,
                132.0
            ],
            [
                235.8,
                126.8
            ],
            [
                241.0,
                126.8
            ],
            [
                245.6,
                127.4
            ],
            [
                248.2,
                132.0
            ],
            [
                246.0,
                137.0
            ]
        ],
        "stack": 0,
        "shift": [
            [
                0.0,
                0.0
            ],
            [
                0.0,
                0.0
            ],
            [
                0.0,
                0.0
            ],
            [
                0.0,
                0.0
            ],
            [
                0.0,
                0.0
            ],
            [
                0.0,
                0.0
            ],
            [
                0.0,
                0.0
            ],
            [
                0.0,
                0.0
            ],
            [
                0.0,
                0.0
            ]
        ],
        "channel": 0
    },
    {
        "type": "Spine",
        "location": [
            283,
            121
        ],
        "radloc": [
            0,
            0
        ],
        "mean": [
            48.66379310344828,
            51.060344827586206,
            47.793103448275865,
            60.94827586206897,
            52.043103448275865,
            38.98275862068966,
            39.758620689655174,
            34.474137931034484
        ],
        "min": [
            6,
            8,
            11,
            10,
            7,
            7,
            6,
            5
        ],
        "max": [
            145,
            146,
            110,
            142,
            125,
            104,
            88,
            103
        ],
        "RawIntDen": [
            5645,
            5923,
            5544,
            7070,
            6037,
            4522,
            4612,
            3999
        ],
        "IntDen": [
            2843.250789787439,
            2983.2727064501332,
            2792.379517906388,
            3560.9890316735505,
            3040.691765801022,
            2277.6226875852612,
            2322.9535239149104,
            2014.2001609140777
        ],
        "FlagUp": 0,
        "Times": [],
        "width": 0,
        "height": 0,
        "area": [
            0.503675959218324,
            0.503675959218324,
            0.503675959218324,
            0.503675959218324,
            0.503675959218324,
            0.503675959218324,
            0.503675959218324,
            0.503675959218324
        ],
        "distance": 8.03332924018383,
        "xpert": [
            [
                283.0,
                126.2
            ],
            [
                278.0,
                126.0
            ],
            [
                274.6,
                121.0
            ],
            [
                278.6,
                116.6
            ],
            [
                283.0,
                115.0
            ],
            [
                287.4,
                116.6
            ],
            [
                289.2,
                121.0
            ],
            [
                287.2,
                125.2
            ]
        ],
        "stack": 0,
        "shift": [
            [
                0.0,
                0.0
            ],
            [
                0.0,
                0.0
            ],
            [
                0.0,
                0.0
            ],
            [
                0.0,
                0.0
            ],
            [
                0.0,
                0.0
            ],
            [
                0.0,
                0.0
            ],
            [
                0.0,
                0.0
            ],
            [
                0.0,
                0.0
            ],
            [
                0.0,
                0.0
            ]
        ],
        "channel": 0
    },
    {
        "type": "Spine",
        "location": [
            268,
            100
        ],
        "radloc": [
            0,
            0
        ],
        "mean": [
            83.6822429906542,
            85.71028037383178,
            92.09345794392523,
            124.10280373831776,
            118.98130841121495,
            123.72897196261682,
            123.85981308411215,
            119.60747663551402
        ],
        "min": [
            10,
            13,
            9,
            29,
            21,
            25,
            24,
            14
        ],
        "max": [
            247,
            211,
            228,
            238,
            238,
            255,
            248,
            250
        ],
        "RawIntDen": [
            8954,
            9171,
            9854,
            13279,
            12731,
            13239,
            13253,
            12798
        ],
        "IntDen": [
            4160.007376344598,
            4260.8250668367555,
            4578.145263178431,
            6169.392221407184,
            5914.792708090583,
            6150.80831532568,
            6157.312682454206,
            5945.920750777102
        ],
        "FlagUp": 0,
        "Times": [],
        "width": 0,
        "height": 0,
        "area": [
            0.46459765203759196,
            0.46459765203759196,
            0.46459765203759196,
            0.46459765203759196,
            0.46459765203759196,
            0.46459765203759196,
            0.46459765203759196,
            0.46459765203759196
        ],
        "distance": 7.691103622544398,
        "xpert": [
            [
                268.0,
                107.0
            ],
            [
                263.6,
                104.4
            ],
            [
                262.8,
                100.0
            ],
            [
                264.6,
                96.6
            ],
            [
                268.0,
                95.2
            ],
            [
                272.2,
                95.8
            ],
            [
                274.6,
                100.0
            ],
            [
                273.8,
                105.8
            ]
        ],
        "stack": 0,
        "shift": [
            [
                0.0,
                0.0
            ],
            [
                0.0,
                0.0
            ],
            [
                0.0,
                0.0
            ],
            [
                0.0,
                0.0
            ],
            [
                0.0,
                0.0
            ],
            [
                0.0,
                0.0
            ],
            [
                0.0,
                0.0
            ],
            [
                0.0,
                0.0
            ],
            [
                0.0,
                0.0
            ]
        ],
        "channel": 0
    },
    {
        "type": "Spine",
        "location": [
            306,
            85
        ],
        "radloc": [
            0,
            0
        ],
        "mean": [
            71.06666666666666,
            65.925,
            50.13333333333333,
            74.36666666666666,
            55.2,
            65.04166666666667,
            94.425,
            67.50833333333334
        ],
        "min": [
            8,
            5,
            6,
            6,
            7,
            5,
            18,
            9
        ],
        "max": [
            180,
            180,
            142,
            214,
            151,
            170,
            180,
            138
        ],
        "RawIntDen": [
            8528,
            7911,
            6016,
            8924,
            6624,
            7805,
            11331,
            8101
        ],
        "IntDen": [
            4443.464048497104,
            4121.979841423615,
            3134.6012799904524,
            4649.797510411369,
            3451.396090202253,
            4066.749167274847,
            5903.950648864996,
            4220.978219614803
        ],
        "FlagUp": 0,
        "Times": [],
        "width": 0,
        "height": 0,
        "area": [
            0.5210440957430937,
            0.5210440957430937,
            0.5210440957430937,
            0.5210440957430937,
            0.5210440957430937,
            0.5210440957430937,
            0.5210440957430937,
            0.5210440957430937
        ],
        "distance": 10.31133676492716,
        "xpert": [
            [
                306.0,
                93.4
            ],
            [
                300.8,
                90.2
            ],
            [
                301.2,
                85.0
            ],
            [
                302.6,
                81.6
            ],
            [
                306.0,
                80.0
            ],
            [
                309.4,
                81.6
            ],
            [
                311.6,
                85.0
            ],
            [
                313.4,
                92.4
            ]
        ],
        "stack": 0,
        "shift": [
            [
                0.0,
                0.0
            ],
            [
                0.0,
                0.0
            ],
            [
                0.0,
                0.0
            ],
            [
                0.0,
                0.0
            ],
            [
                0.0,
                0.0
            ],
            [
                0.0,
                0.0
            ],
            [
                0.0,
                0.0
            ],
            [
                0.0,
                0.0
            ],
            [
                0.0,
                0.0
            ]
        ],
        "channel": 0
    },
    {
        "type": "Spine",
        "location": [
            326,
            105
        ],
        "radloc": [
            0,
            0
        ],
        "mean": [
            59.97163120567376,
            46.02127659574468,
            54.95035460992908,
            58.234042553191486,
            55.47517730496454,
            36.851063829787236,
            34.638297872340424,
            34.361702127659576
        ],
        "min": [
            8,
            5,
            11,
            17,
            14,
            8,
            6,
            8
        ],
        "max": [
            169,
            104,
            112,
            147,
            116,
            112,
            112,
            114
        ],
        "RawIntDen": [
            8456,
            6489,
            7748,
            8211,
            7822,
            5196,
            4884,
            4845
        ],
        "IntDen": [
            5176.989926484232,
            3972.7397863003994,
            4743.533343235552,
            5026.994357422188,
            4788.838127360414,
            3181.1305177403106,
            2990.115752240892,
            2966.238906553465
        ],
        "FlagUp": 0,
        "Times": [],
        "width": 0,
        "height": 0,
        "area": [
            0.6122268124981352,
            0.6122268124981352,
            0.6122268124981352,
            0.6122268124981352,
            0.6122268124981352,
            0.6122268124981352,
            0.6122268124981352,
            0.6122268124981352
        ],
        "distance": 11.449675822243842,
        "xpert": [
            [
                326.0,
                110.0
            ],
            [
                321.0,
                110.0
            ],
            [
                316.8,
                105.0
            ],
            [
                319.6,
                98.6
            ],
            [
                326.0,
                96.4
            ],
            [
                331.2,
                99.8
            ],
            [
                331.6,
                105.0
            ],
            [
                329.0,
                108.0
            ]
        ],
        "stack": 0,
        "shift": [
            [
                0.0,
                0.0
            ],
            [
                0.0,
                0.0
            ],
            [
                0.0,
                0.0
            ],
            [
                0.0,
                0.0
            ],
            [
                0.0,
                0.0
            ],
            [
                0.0,
                0.0
            ],
            [
                0.0,
                0.0
            ],
            [
                0.0,
                0.0
            ],
            [
                0.0,
                0.0
            ]
        ],
        "channel": 0
    },
    {
        "type": "Spine",
        "location": [
            340,
            76
        ],
        "radloc": [
            0,
            0
        ],
        "mean": [
            81.02962962962962,
            78.48148148148148,
            63.837037037037035,
            67.51851851851852,
            60.98518518518519,
            59.14074074074074,
            50.65185185185185,
            54.22962962962963
        ],
        "min": [
            15,
            10,
            12,
            10,
            15,
            11,
            11,
            9
        ],
        "max": [
            195,
            198,
            143,
            148,
            132,
            136,
            146,
            134
        ],
        "RawIntDen": [
            10939,
            10595,
            8618,
            9115,
            8233,
            7984,
            6838,
            7321
        ],
        "IntDen": [
            6412.164033750416,
            6210.5199686978385,
            5051.65276925323,
            5342.981549285588,
            4825.975545284503,
            4680.018067964468,
            4008.2619675276846,
            4291.384303052088
        ],
        "FlagUp": 0,
        "Times": [],
        "width": 0,
        "height": 0,
        "area": [
            0.5861746077109805,
            0.5861746077109805,
            0.5861746077109805,
            0.5861746077109805,
            0.5861746077109805,
            0.5861746077109805,
            0.5861746077109805,
            0.5861746077109805
        ],
        "distance": 12.508598480367658,
        "xpert": [
            [
                340.0,
                82.2
            ],
            [
                334.4,
                81.6
            ],
            [
                333.0,
                76.0
            ],
            [
                335.0,
                71.0
            ],
            [
                340.0,
                68.4
            ],
            [
                344.6,
                71.4
            ],
            [
                347.2,
                76.0
            ],
            [
                344.4,
                80.4
            ]
        ],
        "stack": 0,
        "shift": [
            [
                0.0,
                0.0
            ],
            [
                0.0,
                0.0
            ],
            [
                0.0,
                0.0
            ],
            [
                0.0,
                0.0
            ],
            [
                0.0,
                0.0
            ],
            [
                0.0,
                0.0
            ],
            [
                0.0,
                0.0
            ],
            [
                0.0,
                0.0
            ],
            [
                0.0,
                0.0
            ]
        ],
        "channel": 0
    },
    {
        "type": "Spine",
        "location": [
            365,
            105
        ],
        "radloc": [
            0,
            0
        ],
        "mean": [
            105.61363636363636,
            84.60606060606061,
            59.72727272727273,
            59.43939393939394,
            46.78030303030303,
            48.89393939393939,
            42.06818181818182,
            37.03787878787879
        ],
        "min": [
            13,
            11,
            10,
            9,
            6,
            10,
            8,
            8
        ],
        "max": [
            238,
            189,
            148,
            163,
            140,
            134,
            124,
            140
        ],
        "RawIntDen": [
            13941,
            11168,
            7884,
            7846,
            6175,
            6454,
            5553,
            4889
        ],
        "IntDen": [
            7990.263312629918,
            6400.922507384758,
            4518.702815922406,
            4496.923172720345,
            3539.1920203349646,
            3699.10045331852,
            3182.6936500275397,
            2802.123042496784
        ],
        "FlagUp": 0,
        "Times": [],
        "width": 0,
        "height": 0,
        "area": [
            0.5731485053174031,
            0.5731485053174031,
            0.5731485053174031,
            0.5731485053174031,
            0.5731485053174031,
            0.5731485053174031,
            0.5731485053174031,
            0.5731485053174031
        ],
        "distance": 14.155848480367663,
        "xpert": [
            [
                365.0,
                112.4
            ],
            [
                359.6,
                110.4
            ],
            [
                354.2,
                105.0
            ],
            [
                360.2,
                100.2
            ],
            [
                365.0,
                100.2
            ],
            [
                369.6,
                100.4
            ],
            [
                370.2,
                105.0
            ],
            [
                369.2,
                109.2
            ]
        ],
        "stack": 0,
        "shift": [
            [
                0.0,
                0.0
            ],
            [
                0.0,
                0.0
            ],
            [
                0.0,
                0.0
            ],
            [
                0.0,
                0.0
            ],
            [
                0.0,
                0.0
            ],
            [
                0.0,
                0.0
            ],
            [
                0.0,
                0.0
            ],
            [
                0.0,
                0.0
            ],
            [
                0.0,
                0.0
            ]
        ],
        "channel": 0
    },
    {
        "type": "Spine",
        "location": [
            378,
            80
        ],
        "radloc": [
            0,
            0
        ],
        "mean": [
            35.06432748538012,
            37.345029239766085,
            26.637426900584796,
            31.43859649122807,
            29.871345029239766,
            28.444444444444443,
            40.68421052631579,
            35.42690058479532
        ],
        "min": [
            6,
            4,
            5,
            6,
            6,
            6,
            9,
            5
        ],
        "max": [
            118,
            113,
            95,
            111,
            100,
            86,
            106,
            114
        ],
        "RawIntDen": [
            5996,
            6386,
            4555,
            5376,
            5108,
            4864,
            6957,
            6058
        ],
        "IntDen": [
            4451.9570672577165,
            4741.52732346694,
            3382.032094956454,
            3991.6146086686927,
            3792.6278685044053,
            3611.4608364145315,
            5165.487878070702,
            4497.991313116619
        ],
        "FlagUp": 0,
        "Times": [],
        "width": 0,
        "height": 0,
        "area": [
            0.7424878364339087,
            0.7424878364339087,
            0.7424878364339087,
            0.7424878364339087,
            0.7424878364339087,
            0.7424878364339087,
            0.7424878364339087,
            0.7424878364339087
        ],
        "distance": 15.012418480367662,
        "xpert": [
            [
                378.0,
                88.8
            ],
            [
                372.2,
                85.8
            ],
            [
                370.2,
                80.0
            ],
            [
                373.2,
                75.2
            ],
            [
                378.0,
                74.8
            ],
            [
                383.0,
                75.0
            ],
            [
                386.8,
                80.0
            ],
            [
                384.2,
                86.2
            ]
        ],
        "stack": 0,
        "shift": [
            [
                0.0,
                0.0
            ],
            [
                0.0,
                0.0
            ],
            [
                0.0,
                0.0
            ],
            [
                0.0,
                0.0
            ],
            [
                0.0,
                0.0
            ],
            [
                0.0,
                0.0
            ],
            [
                0.0,
                0.0
            ],
            [
                0.0,
                0.0
            ],
            [
                0.0,
                0.0
            ]
        ],
        "channel": 0
    },
    {
        "type": "Spine",
        "location": [
            416,
            118
        ],
        "radloc": [
            0,
            0
        ],
        "mean": [
            60.83495145631068,
            53.04368932038835,
            48.407766990291265,
            42.86893203883495,
            33.310679611650485,
            37.849514563106794,
            30.796116504854368,
            24.315533980582526
        ],
        "min": [
            9,
            8,
            6,
            6,
            6,
            6,
            3,
            4
        ],
        "max": [
            169,
            149,
            146,
            124,
            107,
            141,
            97,
            75
        ],
        "RawIntDen": [
            12532,
            10927,
            9972,
            8831,
            6862,
            7797,
            6344,
            5009
        ],
        "IntDen": [
            11209.360576813375,
            9773.753832017215,
            8919.545457387725,
            7898.967702987465,
            6137.777870897971,
            6974.097064906949,
            5674.448092826688,
            4480.3452864074525
        ],
        "FlagUp": 0,
        "Times": [],
        "width": 0,
        "height": 0,
        "area": [
            0.8944590310256443,
            0.8944590310256443,
            0.8944590310256443,
            0.8944590310256443,
            0.8944590310256443,
            0.8944590310256443,
            0.8944590310256443,
            0.8944590310256443
        ],
        "distance": 17.516238480367676,
        "xpert": [
            [
                416.0,
                126.8
            ],
            [
                410.0,
                124.0
            ],
            [
                407.8,
                118.0
            ],
            [
                408.0,
                110.0
            ],
            [
                416.0,
                107.2
            ],
            [
                420.6,
                113.4
            ],
            [
                421.2,
                118.0
            ],
            [
                421.6,
                123.6
            ]
        ],
        "stack": 0,
        "shift": [
            [
                0.0,
                0.0
            ],
            [
                0.0,
                0.0
            ],
            [
                0.0,
                0.0
            ],
            [
                0.0,
                0.0
            ],
            [
                0.0,
                0.0
            ],
            [
                0.0,
                0.0
            ],
            [
                0.0,
                0.0
            ],
            [
                0.0,
                0.0
            ],
            [
                0.0,
                0.0
            ]
        ],
        "channel": 0
    },
    {
        "type": "Spine",
        "location": [
            452,
            75
        ],
        "radloc": [
            0,
            0
        ],
        "mean": [
            36.8855421686747,
            148.40361445783134,
            36.16265060240964,
            38.933734939759034,
            39.31927710843374,
            38.2289156626506,
            25.367469879518072,
            22.879518072289155
        ],
        "min": [
            10,
            41,
            9,
            11,
            11,
            11,
            8,
            7
        ],
        "max": [
            114,
            245,
            102,
            101,
            137,
            92,
            83,
            82
        ],
        "RawIntDen": [
            6123,
            24635,
            6003,
            6463,
            6527,
            6346,
            4211,
            3798
        ],
        "IntDen": [
            4413.321647558366,
            17756.35779643971,
            4326.828327665013,
            4658.386053922867,
            4704.515824532657,
            4574.055067026848,
            3035.1947505909325,
            2737.5135746246406
        ],
        "FlagUp": 0,
        "Times": [],
        "width": 0,
        "height": 0,
        "area": [
            0.7207776657779464,
            0.7207776657779464,
            0.7207776657779464,
            0.7207776657779464,
            0.7207776657779464,
            0.7207776657779464,
            0.7207776657779464,
            0.7207776657779464
        ],
        "distance": 19.88827848036768,
        "xpert": [
            [
                452.0,
                81.0
            ],
            [
                446.0,
                81.0
            ],
            [
                442.4,
                75.0
            ],
            [
                445.6,
                68.6
            ],
            [
                452.0,
                67.2
            ],
            [
                457.0,
                70.0
            ],
            [
                459.2,
                75.0
            ],
            [
                456.4,
                79.4
            ]
        ],
        "stack": 0,
        "shift": [
            [
                0.0,
                0.0
            ],
            [
                0.0,
                0.0
            ],
            [
                0.0,
                0.0
            ],
            [
                0.0,
                0.0
            ],
            [
                0.0,
                0.0
            ],
            [
                0.0,
                0.0
            ],
            [
                0.0,
                0.0
            ],
            [
                0.0,
                0.0
            ],
            [
                0.0,
                0.0
            ]
        ],
        "channel": 0
    },
    {
        "type": "Spine",
        "location": [
            473,
            104
        ],
        "radloc": [
            0,
            0
        ],
        "mean": [
            86.35398230088495,
            57.05309734513274,
            61.557522123893804,
            62.1858407079646,
            54.06194690265487,
            57.796460176991154,
            57.11504424778761,
            53.5929203539823
        ],
        "min": [
            13,
            9,
            9,
            10,
            12,
            10,
            9,
            7
        ],
        "max": [
            191,
            150,
            130,
            141,
            107,
            148,
            140,
            158
        ],
        "RawIntDen": [
            9758,
            6447,
            6956,
            7027,
            6109,
            6531,
            6454,
            6056
        ],
        "IntDen": [
            4787.761302895878,
            3163.2196269491415,
            3412.9604040729378,
            3447.7965439074947,
            2997.3799753423773,
            3204.4342149224203,
            3166.654175946915,
            2971.3755329306655
        ],
        "FlagUp": 0,
        "Times": [],
        "width": 0,
        "height": 0,
        "area": [
            0.49064985682474666,
            0.49064985682474666,
            0.49064985682474666,
            0.49064985682474666,
            0.49064985682474666,
            0.49064985682474666,
            0.49064985682474666,
            0.49064985682474666
        ],
        "distance": 21.271968480367686,
        "xpert": [
            [
                473.0,
                110.6
            ],
            [
                467.6,
                109.4
            ],
            [
                465.0,
                104.0
            ],
            [
                468.8,
                99.8
            ],
            [
                473.0,
                99.8
            ],
            [
                476.6,
                100.4
            ],
            [
                478.6,
                104.0
            ],
            [
                477.6,
                108.6
            ]
        ],
        "stack": 0,
        "shift": [
            [
                0.0,
                0.0
            ],
            [
                0.0,
                0.0
            ],
            [
                0.0,
                0.0
            ],
            [
                0.0,
                0.0
            ],
            [
                0.0,
                0.0
            ],
            [
                0.0,
                0.0
            ],
            [
                0.0,
                0.0
            ],
            [
                0.0,
                0.0
            ],
            [
                0.0,
                0.0
            ]
        ],
        "channel": 0
    },
    {
        "type": "Spine",
        "location": [
            422,
            88
        ],
        "radloc": [
            0,
            0
        ],
        "mean": [
            81.20769230769231,
            72.12307692307692,
            56.53846153846154,
            49.66923076923077,
            60.6,
            66.73846153846154,
            70.77692307692308,
            77.31538461538462
        ],
        "min": [
            19,
            10,
            7,
            9,
            14,
            17,
            10,
            15
        ],
        "max": [
            157,
            193,
            159,
            135,
            131,
            174,
            144,
            168
        ],
        "RawIntDen": [
            10557,
            9376,
            7350,
            6457,
            7878,
            8676,
            9201,
            10051
        ],
        "IntDen": [
            5959.051061989828,
            5292.418561827852,
            4148.8136123543845,
            3644.746870064253,
            4446.850835119434,
            4897.2934558893385,
            5193.637285343223,
            5673.432056839989
        ],
        "FlagUp": 0,
        "Times": [],
        "width": 0,
        "height": 0,
        "area": [
            0.5644644370550183,
            0.5644644370550183,
            0.5644644370550183,
            0.5644644370550183,
            0.5644644370550183,
            0.5644644370550183,
            0.5644644370550183,
            0.5644644370550183
        ],
        "distance": 17.911578480367677,
        "xpert": [
            [
                422.0,
                93.2
            ],
            [
                416.8,
                93.2
            ],
            [
                412.0,
                88.0
            ],
            [
                415.6,
                81.6
            ],
            [
                422.0,
                83.2
            ],
            [
                425.2,
                84.8
            ],
            [
                426.8,
                88.0
            ],
            [
                427.0,
                93.0
            ]
        ],
        "stack": 0,
        "shift": [
            [
                0.0,
                0.0
            ],
            [
                0.0,
                0.0
            ],
            [
                0.0,
                0.0
            ],
            [
                0.0,
                0.0
            ],
            [
                0.0,
                0.0
            ],
            [
                0.0,
                0.0
            ],
            [
                0.0,
                0.0
            ],
            [
                0.0,
                0.0
            ],
            [
                0.0,
                0.0
            ]
        ],
        "channel": 0
    },
    {
        "type": "Spine",
        "location": [
            474,
            79
        ],
        "radloc": [
            0,
            0
        ],
        "mean": [
            31.97093023255814,
            36.70348837209303,
            46.19767441860465,
            42.83720930232558,
            48.16279069767442,
            58.5406976744186,
            59.383720930232556,
            66.48837209302326
        ],
        "min": [
            8,
            10,
            7,
            9,
            9,
            12,
            13,
            11
        ],
        "max": [
            110,
            111,
            140,
            125,
            117,
            136,
            134,
            150
        ],
        "RawIntDen": [
            5499,
            6313,
            7946,
            7368,
            8284,
            10069,
            10214,
            11436
        ],
        "IntDen": [
            4106.817458237491,
            4714.736972877483,
            5934.3101515102935,
            5502.642486323665,
            6186.738647761297,
            7519.829966720003,
            7628.120297951943,
            8540.746399782496
        ],
        "FlagUp": 0,
        "Times": [],
        "width": 0,
        "height": 0,
        "area": [
            0.7468298705651011,
            0.7468298705651011,
            0.7468298705651011,
            0.7468298705651011,
            0.7468298705651011,
            0.7468298705651011,
            0.7468298705651011,
            0.7468298705651011
        ],
        "distance": 22.051343543617214,
        "xpert": [
            [
                474.0,
                86.4
            ],
            [
                469.2,
                83.8
            ],
            [
                464.4,
                79.0
            ],
            [
                467.4,
                72.4
            ],
            [
                474.0,
                73.4
            ],
            [
                478.6,
                74.4
            ],
            [
                483.2,
                79.0
            ],
            [
                479.6,
                84.6
            ]
        ],
        "stack": 0,
        "shift": [
            [
                0.0,
                0.0
            ],
            [
                0.0,
                0.0
            ],
            [
                0.0,
                0.0
            ],
            [
                0.0,
                0.0
            ],
            [
                0.0,
                0.0
            ],
            [
                0.0,
                0.0
            ],
            [
                0.0,
                0.0
            ],
            [
                0.0,
                0.0
            ],
            [
                0.0,
                0.0
            ]
        ],
        "channel": 0
    }
]