[
    {
        "type": "Stim",
        "location": [
            316,
            193
        ],
        "radloc": [
            0,
            0
        ],
        "mean": [
            88.45205479452055,
            70.37671232876713,
            80.84246575342466,
            108.76027397260275,
            91.36301369863014,
            105.89041095890411,
            102.57534246575342
        ],
        "min": [
            15,
            11,
            9,
            19,
            18,
            23,
            22
        ],
        "max": [
            189,
            172,
            208,
            190,
            206,
            222,
            240
        ],
        "RawIntDen": [
            12914,
            10275,
            11803,
            15879,
            13339,
            15460,
            14976
        ],
        "IntDen": [
            8212.994064,
            6534.653400000001,
            7506.424728000001,
            10098.662904,
            8483.283864,
            9832.188960000001,
            9524.376576
        ],
        "FlagUp": 0,
        "Times": [],
        "width": 0,
        "height": 0,
        "area": [],
        "distance": 0,
        "xpert": [
            [
                316.0,
                198.8
            ],
            [
                310.2,
                198.8
            ],
            [
                310.4,
                193.0
            ],
            [
                311.2,
                188.2
            ],
            [
                316.0,
                184.6
            ],
            [
                322.2,
                186.8
            ],
            [
                324.2,
                193.0
            ],
            [
                320.2,
                197.2
            ]
        ],
        "local_bg": 0,
        "stack": 0,
        "shift": [
            [
                0.0,
                0.0
            ],
            [
                0.0,
                0.0
            ],
            [
                0.0,
                0.0
            ],
            [
                0.0,
                0.0
            ],
            [
                0.0,
                0.0
            ],
            [
                0.0,
                0.0
            ],
            [
                0.0,
                0.0
            ],
            [
                0.0,
                0.0
            ],
            [
                0.0,
                0.0
            ]
        ],
        "channel": 0
    },
    {
        "type": "Spine",
        "location": [
            288,
            215
        ],
        "radloc": [
            0,
            0
        ],
        "mean": [
            53.84905660377358,
            61.698113207547166,
            53.4622641509434,
            56.10377358490566,
            62.4811320754717,
            79.27358490566037,
            65.48113207547169
        ],
        "min": [
            7,
            16,
            12,
            18,
            13,
            28,
            17
        ],
        "max": [
            127,
            125,
            117,
            139,
            143,
            174,
            147
        ],
        "RawIntDen": [
            5708,
            6540,
            5667,
            5947,
            6623,
            8403,
            6941
        ],
        "IntDen": [
            2635.589088,
            3019.7534400000004,
            2616.657912,
            2745.9439920000004,
            3058.0775280000003,
            3879.9676080000004,
            3204.9095760000005
        ],
        "FlagUp": 0,
        "Times": [],
        "width": 0,
        "height": 0,
        "area": [],
        "distance": 1.8449200000000001,
        "xpert": [
            [
                288.0,
                221.0
            ],
            [
                283.6,
                219.4
            ],
            [
                281.8,
                215.0
            ],
            [
                283.6,
                210.6
            ],
            [
                288.0,
                208.2
            ],
            [
                293.2,
                209.8
            ],
            [
                293.6,
                215.0
            ],
            [
                291.4,
                218.4
            ]
        ],
        "local_bg": 0,
        "stack": 0,
        "shift": [
            [
                0.0,
                0.0
            ],
            [
                0.0,
                0.0
            ],
            [
                0.0,
                0.0
            ],
            [
                0.0,
                0.0
            ],
            [
                0.0,
                0.0
            ],
            [
                0.0,
                0.0
            ],
            [
                0.0,
                0.0
            ],
            [
                0.0,
                0.0
            ],
            [
                0.0,
                0.0
            ]
        ],
        "channel": 0
    },
    {
        "type": "Spine",
        "location": [
            263,
            186
        ],
        "radloc": [
            0,
            0
        ],
        "mean": [
            54.064,
            82.624,
            53.296,
            68.24,
            72.928,
            73.728,
            60.592
        ],
        "min": [
            8,
            10,
            10,
            11,
            9,
            11,
            7
        ],
        "max": [
            147,
            155,
            137,
            157,
            182,
            178,
            147
        ],
        "RawIntDen": [
            6758,
            10328,
            6662,
            8530,
            9116,
            9216,
            7574
        ],
        "IntDen": [
            3679.731,
            5623.5960000000005,
            3627.4590000000003,
            4644.585000000001,
            4963.662,
            5018.112000000001,
            4124.043000000001
        ],
        "FlagUp": 0,
        "Times": [],
        "width": 0,
        "height": 0,
        "area": [],
        "distance": 3.6013401264990534,
        "xpert": [
            [
                263.0,
                193.2
            ],
            [
                255.8,
                193.2
            ],
            [
                257.8,
                186.0
            ],
            [
                259.0,
                182.0
            ],
            [
                263.0,
                181.2
            ],
            [
                268.6,
                180.4
            ],
            [
                268.2,
                186.0
            ],
            [
                268.6,
                191.6
            ]
        ],
        "local_bg": 0,
        "stack": 0,
        "shift": [
            [
                0.0,
                0.0
            ],
            [
                0.0,
                0.0
            ],
            [
                0.0,
                0.0
            ],
            [
                0.0,
                0.0
            ],
            [
                0.0,
                0.0
            ],
            [
                0.0,
                0.0
            ],
            [
                0.0,
                0.0
            ],
            [
                0.0,
                0.0
            ],
            [
                0.0,
                0.0
            ]
        ],
        "channel": 0
    },
    {
        "type": "Spine",
        "location": [
            232,
            213
        ],
        "radloc": [
            0,
            0
        ],
        "mean": [
            88.94,
            71.33,
            51.29,
            51.91,
            59.09,
            47.16,
            50.36
        ],
        "min": [
            29,
            25,
            16,
            15,
            13,
            10,
            7
        ],
        "max": [
            192,
            139,
            108,
            122,
            133,
            122,
            136
        ],
        "RawIntDen": [
            8894,
            7133,
            5129,
            5191,
            5909,
            4716,
            5036
        ],
        "IntDen": [
            3874.2264000000005,
            3107.1348000000003,
            2234.1924000000004,
            2261.1996000000004,
            2573.9604000000004,
            2054.2896,
            2193.6816000000003
        ],
        "FlagUp": 0,
        "Times": [],
        "width": 0,
        "height": 0,
        "area": [],
        "distance": 5.862270379497159,
        "xpert": [
            [
                232.0,
                219.2
            ],
            [
                227.4,
                217.6
            ],
            [
                225.8,
                213.0
            ],
            [
                227.2,
                208.2
            ],
            [
                232.0,
                208.2
            ],
            [
                235.6,
                209.4
            ],
            [
                237.8,
                213.0
            ],
            [
                236.6,
                217.6
            ]
        ],
        "local_bg": 0,
        "stack": 0,
        "shift": [
            [
                0.0,
                0.0
            ],
            [
                0.0,
                0.0
            ],
            [
                0.0,
                0.0
            ],
            [
                0.0,
                0.0
            ],
            [
                0.0,
                0.0
            ],
            [
                0.0,
                0.0
            ],
            [
                0.0,
                0.0
            ],
            [
                0.0,
                0.0
            ],
            [
                0.0,
                0.0
            ]
        ],
        "channel": 0
    },
    {
        "type": "Spine",
        "location": [
            182,
            193
        ],
        "radloc": [
            0,
            0
        ],
        "mean": [
            40.38562091503268,
            38.21568627450981,
            39.65359477124183,
            37.705882352941174,
            40.6797385620915,
            41.47712418300654,
            40.88235294117647
        ],
        "min": [
            9,
            7,
            8,
            8,
            10,
            9,
            10
        ],
        "max": [
            117,
            127,
            118,
            112,
            129,
            116,
            124
        ],
        "RawIntDen": [
            6179,
            5847,
            6067,
            5769,
            6224,
            6346,
            6255
        ],
        "IntDen": [
            4118.105772000001,
            3896.8383960000006,
            4043.4613560000003,
            3844.8538920000005,
            4148.096832,
            4229.405928,
            4168.75734
        ],
        "FlagUp": 0,
        "Times": [],
        "width": 0,
        "height": 0,
        "area": [],
        "distance": 9.293233037620974,
        "xpert": [
            [
                182.0,
                200.2
            ],
            [
                176.0,
                199.0
            ],
            [
                176.0,
                193.0
            ],
            [
                177.0,
                188.0
            ],
            [
                182.0,
                187.2
            ],
            [
                187.0,
                188.0
            ],
            [
                188.6,
                193.0
            ],
            [
                189.2,
                200.2
            ]
        ],
        "local_bg": 0,
        "stack": 0,
        "shift": [
            [
                0.0,
                0.0
            ],
            [
                0.0,
                0.0
            ],
            [
                0.0,
                0.0
            ],
            [
                0.0,
                0.0
            ],
            [
                0.0,
                0.0
            ],
            [
                0.0,
                0.0
            ],
            [
                0.0,
                0.0
            ],
            [
                0.0,
                0.0
            ],
            [
                0.0,
                0.0
            ]
        ],
        "channel": 0
    },
    {
        "type": "Spine",
        "location": [
            174,
            224
        ],
        "radloc": [
            0,
            0
        ],
        "mean": [
            55.68141592920354,
            75.54867256637168,
            74.11504424778761,
            89.40707964601769,
            52.176991150442475,
            61.84070796460177,
            68.56637168141593
        ],
        "min": [
            11,
            21,
            19,
            36,
            11,
            12,
            15
        ],
        "max": [
            142,
            175,
            143,
            158,
            117,
            144,
            169
        ],
        "RawIntDen": [
            6292,
            8537,
            8375,
            10103,
            5896,
            6988,
            7748
        ],
        "IntDen": [
            3097.0985760000003,
            4202.150436000001,
            4122.409500000001,
            4972.979484,
            2902.176288,
            3439.6892640000005,
            3813.7825440000006
        ],
        "FlagUp": 0,
        "Times": [],
        "width": 0,
        "height": 0,
        "area": [],
        "distance": 9.820353037620974,
        "xpert": [
            [
                174.0,
                229.8
            ],
            [
                170.6,
                227.4
            ],
            [
                168.0,
                224.0
            ],
            [
                169.6,
                219.6
            ],
            [
                174.0,
                218.6
            ],
            [
                181.0,
                217.0
            ],
            [
                180.0,
                224.0
            ],
            [
                179.0,
                229.0
            ]
        ],
        "local_bg": 0,
        "stack": 0,
        "shift": [
            [
                0.0,
                0.0
            ],
            [
                0.0,
                0.0
            ],
            [
                0.0,
                0.0
            ],
            [
                0.0,
                0.0
            ],
            [
                0.0,
                0.0
            ],
            [
                0.0,
                0.0
            ],
            [
                0.0,
                0.0
            ],
            [
                0.0,
                0.0
            ],
            [
                0.0,
                0.0
            ]
        ],
        "channel": 0
    },
    {
        "type": "Spine",
        "location": [
            167,
            196
        ],
        "radloc": [
            0,
            0
        ],
        "mean": [
            75.75221238938053,
            67.27433628318585,
            88.30088495575221,
            103.40707964601769,
            101.69911504424779,
            75.32743362831859,
            62.04424778761062
        ],
        "min": [
            14,
            11,
            11,
            13,
            32,
            16,
            9
        ],
        "max": [
            201,
            169,
            218,
            220,
            208,
            208,
            177
        ],
        "RawIntDen": [
            8560,
            7602,
            9978,
            11685,
            11492,
            8512,
            7011
        ],
        "IntDen": [
            4213.471680000001,
            3741.9172560000006,
            4911.450984000001,
            5751.684180000001,
            5656.684176000001,
            4189.844736000001,
            3451.0105080000003
        ],
        "FlagUp": 0,
        "Times": [],
        "width": 0,
        "height": 0,
        "area": [],
        "distance": 10.81806835386861,
        "xpert": [
            [
                167.0,
                204.0
            ],
            [
                161.2,
                201.8
            ],
            [
                160.8,
                196.0
            ],
            [
                163.6,
                192.6
            ],
            [
                167.0,
                191.0
            ],
            [
                172.0,
                191.0
            ],
            [
                172.2,
                196.0
            ],
            [
                170.8,
                199.8
            ]
        ],
        "local_bg": 0,
        "stack": 0,
        "shift": [
            [
                0.0,
                0.0
            ],
            [
                0.0,
                0.0
            ],
            [
                0.0,
                0.0
            ],
            [
                0.0,
                0.0
            ],
            [
                0.0,
                0.0
            ],
            [
                0.0,
                0.0
            ],
            [
                0.0,
                0.0
            ],
            [
                0.0,
                0.0
            ],
            [
                0.0,
                0.0
            ]
        ],
        "channel": 0
    },
    {
        "type": "Spine",
        "location": [
            199,
            199
        ],
        "radloc": [
            0,
            0
        ],
        "mean": [
            115.48571428571428,
            118.07619047619048,
            118.41904761904762,
            96.88571428571429,
            112.04761904761905,
            89.62857142857143,
            108.16190476190476
        ],
        "min": [
            25,
            21,
            34,
            23,
            31,
            18,
            35
        ],
        "max": [
            235,
            238,
            225,
            224,
            213,
            192,
            185
        ],
        "RawIntDen": [
            12126,
            12398,
            12434,
            10173,
            11765,
            9411,
            11357
        ],
        "IntDen": [
            5546.189880000001,
            5670.597240000001,
            5687.06292,
            4652.926740000001,
            5381.0757,
            4304.40318,
            5194.464660000001
        ],
        "FlagUp": 0,
        "Times": [],
        "width": 0,
        "height": 0,
        "area": [],
        "distance": 8.06393291112192,
        "xpert": [
            [
                199.0,
                203.2
            ],
            [
                194.8,
                203.2
            ],
            [
                192.4,
                199.0
            ],
            [
                193.8,
                193.8
            ],
            [
                199.0,
                193.8
            ],
            [
                203.6,
                194.4
            ],
            [
                205.0,
                199.0
            ],
            [
                203.2,
                203.2
            ]
        ],
        "local_bg": 0,
        "stack": 0,
        "shift": [
            [
                0.0,
                0.0
            ],
            [
                0.0,
                0.0
            ],
            [
                0.0,
                0.0
            ],
            [
                0.0,
                0.0
            ],
            [
                0.0,
                0.0
            ],
            [
                0.0,
                0.0
            ],
            [
                0.0,
                0.0
            ],
            [
                0.0,
                0.0
            ],
            [
                0.0,
                0.0
            ]
        ],
        "channel": 0
    },
    {
        "type": "Spine",
        "location": [
            154,
            191
        ],
        "radloc": [
            0,
            0
        ],
        "mean": [
            81.57142857142857,
            84.92857142857143,
            97.20714285714286,
            109.0,
            118.65714285714286,
            106.04285714285714,
            102.37142857142857
        ],
        "min": [
            8,
            8,
            11,
            15,
            30,
            12,
            13
        ],
        "max": [
            227,
            255,
            241,
            241,
            227,
            241,
            240
        ],
        "RawIntDen": [
            11420,
            11890,
            13609,
            15260,
            16612,
            14846,
            14332
        ],
        "IntDen": [
            6964.372800000001,
            7250.997600000001,
            8299.31256,
            9306.1584,
            10130.662080000002,
            9053.684640000001,
            8740.22688
        ],
        "FlagUp": 0,
        "Times": [],
        "width": 0,
        "height": 0,
        "area": [],
        "distance": 11.520248480367663,
        "xpert": [
            [
                154.0,
                200.8
            ],
            [
                145.6,
                199.4
            ],
            [
                149.2,
                191.0
            ],
            [
                150.6,
                187.6
            ],
            [
                154.0,
                186.2
            ],
            [
                158.6,
                186.4
            ],
            [
                159.4,
                191.0
            ],
            [
                159.2,
                196.2
            ]
        ],
        "local_bg": 0,
        "stack": 0,
        "shift": [
            [
                0.0,
                0.0
            ],
            [
                0.0,
                0.0
            ],
            [
                0.0,
                0.0
            ],
            [
                0.0,
                0.0
            ],
            [
                0.0,
                0.0
            ],
            [
                0.0,
                0.0
            ],
            [
                0.0,
                0.0
            ],
            [
                0.0,
                0.0
            ],
            [
                0.0,
                0.0
            ]
        ],
        "channel": 0
    },
    {
        "type": "Spine",
        "location": [
            111,
            173
        ],
        "radloc": [
            0,
            0
        ],
        "mean": [
            39.65853658536585,
            51.00813008130081,
            62.113821138211385,
            62.02439024390244,
            58.32520325203252,
            71.2439024390244,
            57.94308943089431
        ],
        "min": [
            8,
            10,
            9,
            12,
            18,
            19,
            17
        ],
        "max": [
            163,
            221,
            186,
            141,
            118,
            153,
            132
        ],
        "RawIntDen": [
            4878,
            6274,
            7640,
            7629,
            7174,
            8763,
            7127
        ],
        "IntDen": [
            2613.5738640000004,
            3361.5339120000003,
            4093.4203200000006,
            4087.5266520000005,
            3843.7431120000006,
            4695.110244,
            3818.5610760000004
        ],
        "FlagUp": 0,
        "Times": [],
        "width": 0,
        "height": 0,
        "area": [],
        "distance": 14.626443796615298,
        "xpert": [
            [
                111.0,
                180.2
            ],
            [
                105.8,
                178.2
            ],
            [
                105.8,
                173.0
            ],
            [
                107.8,
                169.8
            ],
            [
                111.0,
                167.8
            ],
            [
                115.4,
                168.6
            ],
            [
                117.0,
                173.0
            ],
            [
                118.0,
                180.0
            ]
        ],
        "local_bg": 0,
        "stack": 0,
        "shift": [
            [
                0.0,
                0.0
            ],
            [
                0.0,
                0.0
            ],
            [
                0.0,
                0.0
            ],
            [
                0.0,
                0.0
            ],
            [
                0.0,
                0.0
            ],
            [
                0.0,
                0.0
            ],
            [
                0.0,
                0.0
            ],
            [
                0.0,
                0.0
            ],
            [
                0.0,
                0.0
            ]
        ],
        "channel": 0
    },
    {
        "type": "Spine",
        "location": [
            73,
            166
        ],
        "radloc": [
            0,
            0
        ],
        "mean": [
            40.123711340206185,
            44.96907216494845,
            40.329896907216494,
            48.78350515463917,
            41.72164948453608,
            37.65979381443299,
            77.85567010309278
        ],
        "min": [
            8,
            12,
            9,
            15,
            11,
            9,
            24
        ],
        "max": [
            79,
            82,
            101,
            105,
            92,
            99,
            143
        ],
        "RawIntDen": [
            3892,
            4362,
            3912,
            4732,
            4047,
            3653,
            7552
        ],
        "IntDen": [
            1644.4945440000001,
            1843.0845840000002,
            1652.9451840000002,
            1999.4214240000001,
            1709.9870040000003,
            1543.5093960000002,
            3190.9616640000004
        ],
        "FlagUp": 0,
        "Times": [],
        "width": 0,
        "height": 0,
        "area": [],
        "distance": 17.266726454739118,
        "xpert": [
            [
                73.0,
                172.0
            ],
            [
                68.4,
                170.6
            ],
            [
                67.4,
                166.0
            ],
            [
                68.0,
                161.0
            ],
            [
                73.0,
                160.6
            ],
            [
                76.6,
                162.4
            ],
            [
                78.2,
                166.0
            ],
            [
                77.2,
                170.2
            ]
        ],
        "local_bg": 0,
        "stack": 0,
        "shift": [
            [
                0.0,
                0.0
            ],
            [
                0.0,
                0.0
            ],
            [
                0.0,
                0.0
            ],
            [
                0.0,
                0.0
            ],
            [
                0.0,
                0.0
            ],
            [
                0.0,
                0.0
            ],
            [
                0.0,
                0.0
            ],
            [
                0.0,
                0.0
            ],
            [
                0.0,
                0.0
            ]
        ],
        "channel": 0
    },
    {
        "type": "Spine",
        "location": [
            77,
            175
        ],
        "radloc": [
            0,
            0
        ],
        "mean": [
            65.93877551020408,
            70.74489795918367,
            60.62244897959184,
            61.86734693877551,
            63.02040816326531,
            73.15306122448979,
            102.59183673469387
        ],
        "min": [
            15,
            13,
            13,
            16,
            17,
            25,
            39
        ],
        "max": [
            137,
            155,
            128,
            127,
            106,
            150,
            195
        ],
        "RawIntDen": [
            6462,
            6933,
            5941,
            6063,
            6176,
            7169,
            10054
        ],
        "IntDen": [
            2758.5502560000004,
            2959.614504,
            2536.1416080000004,
            2588.2219440000003,
            2636.460288,
            3060.3600720000004,
            4291.931952000001
        ],
        "FlagUp": 0,
        "Times": [],
        "width": 0,
        "height": 0,
        "area": [],
        "distance": 17.00316645473912,
        "xpert": [
            [
                77.0,
                182.8
            ],
            [
                72.2,
                179.8
            ],
            [
                70.0,
                175.0
            ],
            [
                72.8,
                170.8
            ],
            [
                77.0,
                169.8
            ],
            [
                80.0,
                172.0
            ],
            [
                82.0,
                175.0
            ],
            [
                80.4,
                178.4
            ]
        ],
        "local_bg": 0,
        "stack": 0,
        "shift": [
            [
                0.0,
                0.0
            ],
            [
                0.0,
                0.0
            ],
            [
                0.0,
                0.0
            ],
            [
                0.0,
                0.0
            ],
            [
                0.0,
                0.0
            ],
            [
                0.0,
                0.0
            ],
            [
                0.0,
                0.0
            ],
            [
                0.0,
                0.0
            ],
            [
                0.0,
                0.0
            ]
        ],
        "channel": 0
    },
    {
        "type": "Spine",
        "location": [
            58,
            177
        ],
        "radloc": [
            0,
            0
        ],
        "mean": [
            69.9205298013245,
            75.58940397350993,
            86.62251655629139,
            80.29139072847683,
            67.82119205298014,
            68.06622516556291,
            62.29139072847682
        ],
        "min": [
            13,
            15,
            24,
            18,
            16,
            16,
            16
        ],
        "max": [
            151,
            183,
            206,
            165,
            134,
            129,
            135
        ],
        "RawIntDen": [
            10558,
            11414,
            13080,
            12124,
            10241,
            10278,
            9406
        ],
        "IntDen": [
            6944.587848000001,
            7507.626984,
            8603.448480000001,
            7974.633744000001,
            6736.079196000001,
            6760.416168000001,
            6186.852936000001
        ],
        "FlagUp": 0,
        "Times": [],
        "width": 0,
        "height": 0,
        "area": [],
        "distance": 18.309661517988644,
        "xpert": [
            [
                58.0,
                184.8
            ],
            [
                52.6,
                182.4
            ],
            [
                49.0,
                177.0
            ],
            [
                53.4,
                172.4
            ],
            [
                58.0,
                172.2
            ],
            [
                62.4,
                172.6
            ],
            [
                65.0,
                177.0
            ],
            [
                64.8,
                183.8
            ]
        ],
        "local_bg": 0,
        "stack": 0,
        "shift": [
            [
                0.0,
                0.0
            ],
            [
                0.0,
                0.0
            ],
            [
                0.0,
                0.0
            ],
            [
                0.0,
                0.0
            ],
            [
                0.0,
                0.0
            ],
            [
                0.0,
                0.0
            ],
            [
                0.0,
                0.0
            ],
            [
                0.0,
                0.0
            ],
            [
                0.0,
                0.0
            ]
        ],
        "channel": 0
    },
    {
        "type": "Spine",
        "location": [
            37,
            179
        ],
        "radloc": [
            0,
            0
        ],
        "mean": [
            66.54198473282443,
            89.3587786259542,
            98.0381679389313,
            87.6030534351145,
            74.68702290076335,
            75.12213740458016,
            76.3969465648855
        ],
        "min": [
            9,
            16,
            24,
            27,
            11,
            14,
            13
        ],
        "max": [
            173,
            186,
            202,
            197,
            199,
            167,
            194
        ],
        "RawIntDen": [
            8717,
            11706,
            12843,
            11476,
            9784,
            9841,
            10008
        ],
        "IntDen": [
            4974.234012000001,
            6679.865016000001,
            7328.678148000001,
            6548.618736,
            5583.102624000001,
            5615.628876000001,
            5710.925088000001
        ],
        "FlagUp": 0,
        "Times": [],
        "width": 0,
        "height": 0,
        "area": [],
        "distance": 19.747936581238182,
        "xpert": [
            [
                37.0,
                186.2
            ],
            [
                32.4,
                183.6
            ],
            [
                30.8,
                179.0
            ],
            [
                32.0,
                174.0
            ],
            [
                37.0,
                172.8
            ],
            [
                42.0,
                174.0
            ],
            [
                44.0,
                179.0
            ],
            [
                42.4,
                184.4
            ]
        ],
        "local_bg": 0,
        "stack": 0,
        "shift": [
            [
                0.0,
                0.0
            ],
            [
                0.0,
                0.0
            ],
            [
                0.0,
                0.0
            ],
            [
                0.0,
                0.0
            ],
            [
                0.0,
                0.0
            ],
            [
                0.0,
                0.0
            ],
            [
                0.0,
                0.0
            ],
            [
                0.0,
                0.0
            ],
            [
                0.0,
                0.0
            ]
        ],
        "channel": 0
    },
    {
        "type": "Spine",
        "location": [
            39,
            204
        ],
        "radloc": [
            0,
            0
        ],
        "mean": [
            45.479166666666664,
            48.083333333333336,
            57.229166666666664,
            46.625,
            84.20833333333333,
            73.90625,
            67.0625
        ],
        "min": [
            10,
            12,
            14,
            11,
            21,
            17,
            10
        ],
        "max": [
            96,
            116,
            125,
            121,
            168,
            147,
            165
        ],
        "RawIntDen": [
            4366,
            4616,
            5494,
            4476,
            8084,
            7095,
            6438
        ],
        "IntDen": [
            1825.7564160000002,
            1930.3004160000003,
            2297.4589440000004,
            1871.7557760000002,
            3380.5347840000004,
            2966.9587200000005,
            2692.2170880000003
        ],
        "FlagUp": 0,
        "Times": [],
        "width": 0,
        "height": 0,
        "area": [],
        "distance": 19.67074164448771,
        "xpert": [
            [
                39.0,
                209.4
            ],
            [
                35.0,
                208.0
            ],
            [
                33.4,
                204.0
            ],
            [
                35.0,
                200.0
            ],
            [
                39.0,
                198.8
            ],
            [
                43.4,
                199.6
            ],
            [
                45.0,
                204.0
            ],
            [
                43.8,
                208.8
            ]
        ],
        "local_bg": 0,
        "stack": 0,
        "shift": [
            [
                0.0,
                0.0
            ],
            [
                0.0,
                0.0
            ],
            [
                0.0,
                0.0
            ],
            [
                0.0,
                0.0
            ],
            [
                0.0,
                0.0
            ],
            [
                0.0,
                0.0
            ],
            [
                0.0,
                0.0
            ],
            [
                0.0,
                0.0
            ],
            [
                0.0,
                0.0
            ]
        ],
        "channel": 0
    },
    {
        "type": "Spine",
        "location": [
            5,
            179
        ],
        "radloc": [
            0,
            0
        ],
        "mean": [
            51.1651376146789,
            63.4954128440367,
            69.13761467889908,
            58.48623853211009,
            75.18348623853211,
            78.88073394495413,
            80.94495412844037
        ],
        "min": [
            7,
            20,
            19,
            13,
            24,
            13,
            17
        ],
        "max": [
            136,
            122,
            158,
            129,
            159,
            175,
            164
        ],
        "RawIntDen": [
            5577,
            6921,
            7536,
            6375,
            8195,
            8598,
            8823
        ],
        "IntDen": [
            2647.981908,
            3286.1184840000005,
            3578.122944,
            3026.8755000000006,
            3891.0187800000003,
            4082.3647920000003,
            4189.195692
        ],
        "FlagUp": 0,
        "Times": [],
        "width": 0,
        "height": 0,
        "area": [],
        "distance": 21.93829417611248,
        "xpert": [
            [
                5.0,
                187.0
            ],
            [
                0.4,
                183.6
            ],
            [
                0.0,
                179.0
            ],
            [
                0.4,
                174.4
            ],
            [
                5.0,
                173.4
            ],
            [
                9.8,
                174.2
            ],
            [
                10.8,
                179.0
            ],
            [
                9.4,
                183.4
            ]
        ],
        "local_bg": 0,
        "stack": 0,
        "shift": [
            [
                0.0,
                0.0
            ],
            [
                0.0,
                0.0
            ],
            [
                0.0,
                0.0
            ],
            [
                0.0,
                0.0
            ],
            [
                0.0,
                0.0
            ],
            [
                0.0,
                0.0
            ],
            [
                0.0,
                0.0
            ],
            [
                0.0,
                0.0
            ],
            [
                0.0,
                0.0
            ]
        ],
        "channel": 0
    },
    {
        "type": "Spine",
        "location": [
            10,
            212
        ],
        "radloc": [
            0,
            0
        ],
        "mean": [
            63.345454545454544,
            76.46363636363637,
            75.61818181818182,
            70.69090909090909,
            65.93636363636364,
            60.96363636363636,
            63.69090909090909
        ],
        "min": [
            11,
            18,
            20,
            12,
            23,
            15,
            16
        ],
        "max": [
            141,
            173,
            169,
            171,
            139,
            135,
            137
        ],
        "RawIntDen": [
            6968,
            8411,
            8318,
            7776,
            7253,
            6706,
            7006
        ],
        "IntDen": [
            3338.7868800000006,
            4030.2147600000003,
            3985.6528800000006,
            3725.9481600000004,
            3475.3474800000004,
            3213.2469600000004,
            3356.9949600000004
        ],
        "FlagUp": 0,
        "Times": [],
        "width": 0,
        "height": 0,
        "area": [],
        "distance": 21.581551644487714,
        "xpert": [
            [
                10.0,
                217.6
            ],
            [
                5.8,
                216.2
            ],
            [
                3.2,
                212.0
            ],
            [
                5.8,
                207.8
            ],
            [
                10.0,
                206.2
            ],
            [
                15.6,
                206.4
            ],
            [
                15.8,
                212.0
            ],
            [
                14.8,
                216.8
            ]
        ],
        "local_bg": 0,
        "stack": 0,
        "shift": [
            [
                0.0,
                0.0
            ],
            [
                0.0,
                0.0
            ],
            [
                0.0,
                0.0
            ],
            [
                0.0,
                0.0
            ],
            [
                0.0,
                0.0
            ],
            [
                0.0,
                0.0
            ],
            [
                0.0,
                0.0
            ],
            [
                0.0,
                0.0
            ],
            [
                0.0,
                0.0
            ]
        ],
        "channel": 0
    },
    {
        "type": "Spine",
        "location": [
            336,
            197
        ],
        "radloc": [
            0,
            0
        ],
        "mean": [
            109.66265060240964,
            99.19277108433735,
            99.06024096385542,
            117.8433734939759,
            81.90361445783132,
            74.26506024096386,
            59.34939759036145
        ],
        "min": [
            13,
            11,
            18,
            27,
            12,
            10,
            9
        ],
        "max": [
            255,
            237,
            200,
            239,
            219,
            221,
            194
        ],
        "RawIntDen": [
            9102,
            8233,
            8222,
            9781,
            6798,
            6164,
            4926
        ],
        "IntDen": [
            3290.809896,
            2976.6246840000003,
            2972.6476560000006,
            3536.3009880000004,
            2457.8033040000005,
            2228.581872,
            1780.9854480000001
        ],
        "FlagUp": 0,
        "Times": [],
        "width": 0,
        "height": 0,
        "area": [],
        "distance": 1.3178,
        "xpert": [
            [
                336.0,
                202.2
            ],
            [
                331.2,
                201.8
            ],
            [
                330.8,
                197.0
            ],
            [
                332.2,
                193.2
            ],
            [
                336.0,
                192.2
            ],
            [
                339.4,
                193.6
            ],
            [
                341.0,
                197.0
            ],
            [
                340.4,
                201.4
            ]
        ],
        "local_bg": 0,
        "stack": 0,
        "shift": [
            [
                0.0,
                0.0
            ],
            [
                0.0,
                0.0
            ],
            [
                0.0,
                0.0
            ],
            [
                0.0,
                0.0
            ],
            [
                0.0,
                0.0
            ],
            [
                0.0,
                0.0
            ],
            [
                0.0,
                0.0
            ],
            [
                0.0,
                0.0
            ],
            [
                0.0,
                0.0
            ]
        ],
        "channel": 0
    },
    {
        "type": "Spine",
        "location": [
            372,
            210
        ],
        "radloc": [
            0,
            0
        ],
        "mean": [
            31.147368421052633,
            25.88421052631579,
            39.95789473684211,
            45.03157894736842,
            37.23157894736842,
            46.93684210526316,
            52.44210526315789
        ],
        "min": [
            8,
            8,
            12,
            17,
            11,
            11,
            14
        ],
        "max": [
            71,
            64,
            95,
            89,
            91,
            103,
            119
        ],
        "RawIntDen": [
            2959,
            2459,
            3796,
            4278,
            3537,
            4459,
            4982
        ],
        "IntDen": [
            1224.4933800000001,
            1017.5833800000001,
            1570.8607200000001,
            1770.3219600000002,
            1463.68134,
            1845.2233800000001,
            2061.65124
        ],
        "FlagUp": 0,
        "Times": [],
        "width": 0,
        "height": 0,
        "area": [],
        "distance": 4.099227974371448,
        "xpert": [
            [
                372.0,
                214.8
            ],
            [
                367.2,
                214.8
            ],
            [
                366.0,
                210.0
            ],
            [
                367.2,
                205.2
            ],
            [
                372.0,
                204.8
            ],
            [
                375.4,
                206.6
            ],
            [
                377.8,
                210.0
            ],
            [
                376.6,
                214.6
            ]
        ],
        "local_bg": 0,
        "stack": 0,
        "shift": [
            [
                0.0,
                0.0
            ],
            [
                0.0,
                0.0
            ],
            [
                0.0,
                0.0
            ],
            [
                0.0,
                0.0
            ],
            [
                0.0,
                0.0
            ],
            [
                0.0,
                0.0
            ],
            [
                0.0,
                0.0
            ],
            [
                0.0,
                0.0
            ],
            [
                0.0,
                0.0
            ]
        ],
        "channel": 0
    },
    {
        "type": "Spine",
        "location": [
            357,
            226
        ],
        "radloc": [
            0,
            0
        ],
        "mean": [
            73.38655462184875,
            61.78151260504202,
            62.94957983193277,
            61.21848739495798,
            82.76470588235294,
            80.59663865546219,
            86.0
        ],
        "min": [
            12,
            9,
            8,
            9,
            14,
            12,
            21
        ],
        "max": [
            165,
            166,
            157,
            164,
            168,
            168,
            174
        ],
        "RawIntDen": [
            8733,
            7352,
            7491,
            7285,
            9849,
            9591,
            10234
        ],
        "IntDen": [
            4526.8728120000005,
            3811.0121280000003,
            3883.0647240000003,
            3776.2817400000004,
            5105.367036000001,
            4971.629124000001,
            5304.937176
        ],
        "FlagUp": 0,
        "Times": [],
        "width": 0,
        "height": 0,
        "area": [],
        "distance": 3.5994005059962126,
        "xpert": [
            [
                357.0,
                232.4
            ],
            [
                352.2,
                230.8
            ],
            [
                351.0,
                226.0
            ],
            [
                352.2,
                221.2
            ],
            [
                357.0,
                219.2
            ],
            [
                361.6,
                221.4
            ],
            [
                363.0,
                226.0
            ],
            [
                361.6,
                230.6
            ]
        ],
        "local_bg": 0,
        "stack": 0,
        "shift": [
            [
                0.0,
                0.0
            ],
            [
                0.0,
                0.0
            ],
            [
                0.0,
                0.0
            ],
            [
                0.0,
                0.0
            ],
            [
                0.0,
                0.0
            ],
            [
                0.0,
                0.0
            ],
            [
                0.0,
                0.0
            ],
            [
                0.0,
                0.0
            ],
            [
                0.0,
                0.0
            ]
        ],
        "channel": 0
    },
    {
        "type": "Spine",
        "location": [
            418,
            218
        ],
        "radloc": [
            0,
            0
        ],
        "mean": [
            78.55,
            60.333333333333336,
            65.93333333333334,
            57.45,
            73.65833333333333,
            56.49166666666667,
            49.666666666666664
        ],
        "min": [
            34,
            19,
            16,
            10,
            13,
            6,
            6
        ],
        "max": [
            150,
            134,
            150,
            136,
            158,
            135,
            168
        ],
        "RawIntDen": [
            9426,
            7240,
            7912,
            6894,
            8839,
            6779,
            5960
        ],
        "IntDen": [
            4927.15872,
            3784.4928000000004,
            4135.76064,
            3603.6316800000004,
            4620.322080000001,
            3543.5188800000005,
            3115.4112000000005
        ],
        "FlagUp": 0,
        "Times": [],
        "width": 0,
        "height": 0,
        "area": [],
        "distance": 7.43038582224384,
        "xpert": [
            [
                418.0,
                224.2
            ],
            [
                412.4,
                223.6
            ],
            [
                412.8,
                218.0
            ],
            [
                413.6,
                213.6
            ],
            [
                418.0,
                209.6
            ],
            [
                423.2,
                212.8
            ],
            [
                423.2,
                218.0
            ],
            [
                421.8,
                221.8
            ]
        ],
        "local_bg": 0,
        "stack": 0,
        "shift": [
            [
                0.0,
                0.0
            ],
            [
                0.0,
                0.0
            ],
            [
                0.0,
                0.0
            ],
            [
                0.0,
                0.0
            ],
            [
                0.0,
                0.0
            ],
            [
                0.0,
                0.0
            ],
            [
                0.0,
                0.0
            ],
            [
                0.0,
                0.0
            ],
            [
                0.0,
                0.0
            ]
        ],
        "channel": 0
    },
    {
        "type": "Spine",
        "location": [
            426,
            222
        ],
        "radloc": [
            0,
            0
        ],
        "mean": [
            37.955555555555556,
            30.355555555555554,
            30.1,
            44.34444444444444,
            46.422222222222224,
            40.36666666666667,
            33.51111111111111
        ],
        "min": [
            9,
            11,
            7,
            13,
            10,
            9,
            8
        ],
        "max": [
            96,
            60,
            85,
            102,
            92,
            109,
            99
        ],
        "RawIntDen": [
            3416,
            2732,
            2709,
            3991,
            4178,
            3633,
            3016
        ],
        "IntDen": [
            1339.20864,
            1071.05328,
            1062.03636,
            1564.6316400000003,
            1637.9431200000001,
            1424.28132,
            1182.39264
        ],
        "FlagUp": 0,
        "Times": [],
        "width": 0,
        "height": 0,
        "area": [],
        "distance": 7.833719619680986,
        "xpert": [
            [
                426.0,
                227.6
            ],
            [
                422.2,
                225.8
            ],
            [
                420.4,
                222.0
            ],
            [
                422.2,
                218.2
            ],
            [
                426.0,
                217.0
            ],
            [
                429.4,
                218.6
            ],
            [
                431.0,
                222.0
            ],
            [
                432.0,
                228.0
            ]
        ],
        "local_bg": 0,
        "stack": 0,
        "shift": [
            [
                0.0,
                0.0
            ],
            [
                0.0,
                0.0
            ],
            [
                0.0,
                0.0
            ],
            [
                0.0,
                0.0
            ],
            [
                0.0,
                0.0
            ],
            [
                0.0,
                0.0
            ],
            [
                0.0,
                0.0
            ],
            [
                0.0,
                0.0
            ],
            [
                0.0,
                0.0
            ]
        ],
        "channel": 0
    },
    {
        "type": "Spine",
        "location": [
            480,
            259
        ],
        "radloc": [
            0,
            0
        ],
        "mean": [
            25.24590163934426,
            35.26229508196721,
            29.24590163934426,
            39.450819672131146,
            40.09016393442623,
            45.15573770491803,
            48.368852459016395
        ],
        "min": [
            6,
            9,
            8,
            11,
            11,
            9,
            12
        ],
        "max": [
            89,
            93,
            77,
            100,
            87,
            116,
            143
        ],
        "RawIntDen": [
            3080,
            4302,
            3568,
            4813,
            4891,
            5509,
            5901
        ],
        "IntDen": [
            1636.8105600000001,
            2286.2204640000004,
            1896.1493760000003,
            2557.7822160000005,
            2599.233912,
            2927.6588880000004,
            3135.9802320000003
        ],
        "FlagUp": 0,
        "Times": [],
        "width": 0,
        "height": 0,
        "area": [],
        "distance": 12.977254176112462,
        "xpert": [
            [
                480.0,
                263.8
            ],
            [
                475.0,
                264.0
            ],
            [
                474.2,
                259.0
            ],
            [
                474.4,
                253.4
            ],
            [
                480.0,
                250.4
            ],
            [
                485.8,
                253.2
            ],
            [
                484.8,
                259.0
            ],
            [
                483.8,
                262.8
            ]
        ],
        "local_bg": 0,
        "stack": 0,
        "shift": [
            [
                0.0,
                0.0
            ],
            [
                0.0,
                0.0
            ],
            [
                0.0,
                0.0
            ],
            [
                0.0,
                0.0
            ],
            [
                0.0,
                0.0
            ],
            [
                0.0,
                0.0
            ],
            [
                0.0,
                0.0
            ],
            [
                0.0,
                0.0
            ],
            [
                0.0,
                0.0
            ]
        ],
        "channel": 0
    }
]