[
    {
        "type": "Stim",
        "location": [
            487,
            308
        ],
        "radloc": [
            0,
            0
        ],
        "mean": [
            41.732484076433124,
            44.81528662420382,
            43.847133757961785,
            53.54140127388535,
            52.84076433121019,
            66.4140127388535,
            76.44585987261146,
            73.62420382165605
        ],
        "min": [
            8,
            10,
            12,
            14,
            15,
            16,
            17,
            20
        ],
        "max": [
            131,
            114,
            98,
            120,
            129,
            134,
            138,
            146
        ],
        "RawIntDen": [
            6552,
            7036,
            6884,
            8406,
            8296,
            10427,
            12002,
            11559
        ],
        "IntDen": [
            4466.494197528969,
            4796.436687090022,
            4692.8183845832455,
            5730.36480836821,
            5655.377878922516,
            7108.0792120931865,
            8181.755701883804,
            7879.762886025237
        ],
        "FlagUp": 0,
        "Times": [],
        "width": 0,
        "height": 0,
        "area": [
            0.6816993585972175,
            0.6816993585972175,
            0.6816993585972175,
            0.6816993585972175,
            0.6816993585972175,
            0.6816993585972175,
            0.6816993585972175,
            0.6816993585972175
        ],
        "distance": 0,
        "xpert": [
            [
                487.0,
                314.0
            ],
            [
                483.4,
                311.6
            ],
            [
                480.4,
                308.0
            ],
            [
                481.0,
                302.0
            ],
            [
                487.0,
                299.4
            ],
            [
                492.4,
                302.6
            ],
            [
                493.4,
                308.0
            ],
            [
                495.0,
                316.0
            ]
        ],
        "stack": 0,
        "shift": [
            [
                0.0,
                0.0
            ],
            [
                0.0,
                0.0
            ],
            [
                0.0,
                0.0
            ],
            [
                0.0,
                0.0
            ],
            [
                0.0,
                0.0
            ],
            [
                0.0,
                0.0
            ],
            [
                0.0,
                0.0
            ],
            [
                0.0,
                0.0
            ],
            [
                0.0,
                0.0
            ]
        ],
        "channel": 0
    },
    {
        "type": "Stim",
        "location": [
            474,
            300
        ],
        "radloc": [
            0,
            0
        ],
        "mean": [
            50.7196261682243,
            85.74766355140187,
            56.36448598130841,
            75.32710280373831,
            135.55140186915887,
            139.48598130841123,
            144.97196261682242,
            165.33644859813083
        ],
        "min": [
            11,
            14,
            14,
            13,
            30,
            25,
            30,
            47
        ],
        "max": [
            178,
            225,
            184,
            236,
            255,
            255,
            255,
            255
        ],
        "RawIntDen": [
            5427,
            9175,
            6031,
            8060,
            14504,
            14925,
            15512,
            17691
        ],
        "IntDen": [
            2521.3714576080233,
            4262.683457444926,
            2801.98843943873,
            3744.6570754230083,
            6738.524345153265,
            6934.119956661092,
            7206.838778407159,
            8219.197062197078
        ],
        "FlagUp": 0,
        "Times": [],
        "width": 0,
        "height": 0,
        "area": [
            0.46459765203759407,
            0.46459765203759407,
            0.46459765203759407,
            0.46459765203759407,
            0.46459765203759407,
            0.46459765203759407,
            0.46459765203759407,
            0.46459765203759407
        ],
        "distance": 0,
        "xpert": [
            [
                474.0,
                305.4
            ],
            [
                471.0,
                303.0
            ],
            [
                468.4,
                300.0
            ],
            [
                467.4,
                293.4
            ],
            [
                474.0,
                293.4
            ],
            [
                477.8,
                296.2
            ],
            [
                479.0,
                300.0
            ],
            [
                480.0,
                306.0
            ]
        ],
        "stack": 0,
        "shift": [
            [
                0.0,
                0.0
            ],
            [
                0.0,
                0.0
            ],
            [
                0.0,
                0.0
            ],
            [
                0.0,
                0.0
            ],
            [
                0.0,
                0.0
            ],
            [
                0.0,
                0.0
            ],
            [
                0.0,
                0.0
            ],
            [
                0.0,
                0.0
            ],
            [
                0.0,
                0.0
            ]
        ],
        "channel": 0
    },
    {
        "type": "Stim",
        "location": [
            456,
            311
        ],
        "radloc": [
            0,
            0
        ],
        "mean": [
            87.68666666666667,
            86.86666666666666,
            92.74,
            107.24,
            99.46666666666667,
            103.36666666666666,
            86.15333333333334,
            72.11333333333333
        ],
        "min": [
            13,
            17,
            17,
            15,
            17,
            15,
            11,
            10
        ],
        "max": [
            255,
            246,
            255,
            255,
            255,
            255,
            255,
            219
        ],
        "RawIntDen": [
            13153,
            13030,
            13911,
            16086,
            14920,
            15505,
            12923,
            10817
        ],
        "IntDen": [
            8566.61623913618,
            8486.505709415678,
            9060.305519852764,
            10476.894155154307,
            9717.472385608744,
            10098.485880620883,
            8416.81606161004,
            7045.167479566339
        ],
        "FlagUp": 0,
        "Times": [],
        "width": 0,
        "height": 0,
        "area": [
            0.6513051196788702,
            0.6513051196788702,
            0.6513051196788702,
            0.6513051196788702,
            0.6513051196788702,
            0.6513051196788702,
            0.6513051196788702,
            0.6513051196788702
        ],
        "distance": 0,
        "xpert": [
            [
                456.0,
                316.8
            ],
            [
                451.6,
                315.4
            ],
            [
                449.4,
                311.0
            ],
            [
                450.2,
                305.2
            ],
            [
                456.0,
                303.2
            ],
            [
                462.4,
                304.6
            ],
            [
                463.4,
                311.0
            ],
            [
                460.8,
                315.8
            ]
        ],
        "stack": 0,
        "shift": [
            [
                0.0,
                0.0
            ],
            [
                0.0,
                0.0
            ],
            [
                0.0,
                0.0
            ],
            [
                0.0,
                0.0
            ],
            [
                0.0,
                0.0
            ],
            [
                0.0,
                0.0
            ],
            [
                0.0,
                0.0
            ],
            [
                0.0,
                0.0
            ],
            [
                0.0,
                0.0
            ]
        ],
        "channel": 0
    },
    {
        "type": "Stim",
        "location": [
            455,
            288
        ],
        "radloc": [
            0,
            0
        ],
        "mean": [
            66.42537313432835,
            67.94776119402985,
            69.38805970149254,
            70.4776119402985,
            80.7910447761194,
            87.24626865671642,
            94.15671641791045,
            107.8955223880597
        ],
        "min": [
            14,
            17,
            16,
            15,
            17,
            21,
            19,
            24
        ],
        "max": [
            175,
            182,
            169,
            147,
            160,
            187,
            199,
            235
        ],
        "RawIntDen": [
            8901,
            9105,
            9298,
            9444,
            10826,
            11691,
            12617,
            14458
        ],
        "IntDen": [
            5178.891737433717,
            5297.585582443995,
            5409.879269144894,
            5494.826824887544,
            6298.919441574814,
            6802.204617721333,
            7340.98158085622,
            8412.135348816615
        ],
        "FlagUp": 0,
        "Times": [],
        "width": 0,
        "height": 0,
        "area": [
            0.5818325735797907,
            0.5818325735797907,
            0.5818325735797907,
            0.5818325735797907,
            0.5818325735797907,
            0.5818325735797907,
            0.5818325735797907,
            0.5818325735797907
        ],
        "distance": 0,
        "xpert": [
            [
                455.0,
                294.2
            ],
            [
                450.0,
                293.0
            ],
            [
                448.6,
                288.0
            ],
            [
                445.0,
                278.0
            ],
            [
                455.0,
                282.6
            ],
            [
                458.2,
                284.8
            ],
            [
                460.2,
                288.0
            ],
            [
                459.8,
                292.8
            ]
        ],
        "stack": 0,
        "shift": [
            [
                0.0,
                0.0
            ],
            [
                0.0,
                0.0
            ],
            [
                0.0,
                0.0
            ],
            [
                0.0,
                0.0
            ],
            [
                0.0,
                0.0
            ],
            [
                0.0,
                0.0
            ],
            [
                0.0,
                0.0
            ],
            [
                0.0,
                0.0
            ],
            [
                0.0,
                0.0
            ]
        ],
        "channel": 0
    },
    {
        "type": "Stim",
        "location": [
            390,
            238
        ],
        "radloc": [
            0,
            0
        ],
        "mean": [
            41.80165289256198,
            45.892561983471076,
            47.94214876033058,
            40.578512396694215,
            43.83471074380165,
            45.396694214876035,
            50.52066115702479,
            51.00826446280992
        ],
        "min": [
            12,
            13,
            13,
            10,
            15,
            12,
            15,
            16
        ],
        "max": [
            91,
            89,
            101,
            99,
            84,
            132,
            103,
            101
        ],
        "RawIntDen": [
            5058,
            5553,
            5801,
            4910,
            5304,
            5493,
            6113,
            6172
        ],
        "IntDen": [
            2657.403044904152,
            2917.469179191925,
            3047.7649394007485,
            2579.645897682757,
            2786.648032853227,
            2885.9460113994674,
            3211.6854119215263,
            3242.6831935841096
        ],
        "FlagUp": 0,
        "Times": [],
        "width": 0,
        "height": 0,
        "area": [
            0.5253861298742887,
            0.5253861298742887,
            0.5253861298742887,
            0.5253861298742887,
            0.5253861298742887,
            0.5253861298742887,
            0.5253861298742887,
            0.5253861298742887
        ],
        "distance": 0,
        "xpert": [
            [
                390.0,
                245.6
            ],
            [
                386.0,
                242.0
            ],
            [
                382.4,
                238.0
            ],
            [
                384.0,
                232.0
            ],
            [
                390.0,
                232.2
            ],
            [
                394.0,
                234.0
            ],
            [
                395.4,
                238.0
            ],
            [
                394.8,
                242.8
            ]
        ],
        "stack": 0,
        "shift": [
            [
                0.0,
                0.0
            ],
            [
                0.0,
                0.0
            ],
            [
                0.0,
                0.0
            ],
            [
                0.0,
                0.0
            ],
            [
                0.0,
                0.0
            ],
            [
                0.0,
                0.0
            ],
            [
                0.0,
                0.0
            ],
            [
                0.0,
                0.0
            ],
            [
                0.0,
                0.0
            ]
        ],
        "channel": 0
    },
    {
        "type": "Stim",
        "location": [
            360,
            222
        ],
        "radloc": [
            0,
            0
        ],
        "mean": [
            87.58064516129032,
            104.51612903225806,
            78.01075268817205,
            65.96774193548387,
            87.58064516129032,
            99.08602150537635,
            108.58064516129032,
            109.26881720430107
        ],
        "min": [
            20,
            21,
            14,
            12,
            15,
            17,
            22,
            21
        ],
        "max": [
            200,
            224,
            197,
            201,
            199,
            202,
            215,
            228
        ],
        "RawIntDen": [
            8145,
            9720,
            7255,
            6135,
            8145,
            9215,
            10098,
            10162
        ],
        "IntDen": [
            3289.0257238663266,
            3925.0251732327433,
            2929.635558827526,
            2477.3692837225185,
            3289.0257238663266,
            3721.1015402612893,
            4077.6650410806837,
            4103.508828229541
        ],
        "FlagUp": 0,
        "Times": [],
        "width": 0,
        "height": 0,
        "area": [
            0.40380917420089957,
            0.40380917420089957,
            0.40380917420089957,
            0.40380917420089957,
            0.40380917420089957,
            0.40380917420089957,
            0.40380917420089957,
            0.40380917420089957
        ],
        "distance": 0,
        "xpert": [
            [
                360.0,
                228.4
            ],
            [
                356.6,
                225.4
            ],
            [
                353.6,
                222.0
            ],
            [
                354.2,
                216.2
            ],
            [
                360.0,
                217.0
            ],
            [
                363.4,
                218.6
            ],
            [
                365.2,
                222.0
            ],
            [
                363.6,
                225.6
            ]
        ],
        "stack": 0,
        "shift": [
            [
                0.0,
                0.0
            ],
            [
                0.0,
                0.0
            ],
            [
                0.0,
                0.0
            ],
            [
                0.0,
                0.0
            ],
            [
                0.0,
                0.0
            ],
            [
                0.0,
                0.0
            ],
            [
                0.0,
                0.0
            ],
            [
                0.0,
                0.0
            ],
            [
                0.0,
                0.0
            ]
        ],
        "channel": 0
    },
    {
        "type": "Stim",
        "location": [
            331,
            235
        ],
        "radloc": [
            0,
            0
        ],
        "mean": [
            62.50931677018634,
            73.2111801242236,
            94.04968944099379,
            83.75155279503106,
            88.56521739130434,
            95.75155279503106,
            79.29813664596273,
            71.03105590062111
        ],
        "min": [
            11,
            15,
            25,
            28,
            21,
            17,
            14,
            14
        ],
        "max": [
            155,
            187,
            211,
            174,
            160,
            187,
            161,
            135
        ],
        "RawIntDen": [
            10064,
            11787,
            15142,
            13484,
            14259,
            15416,
            12767,
            11436
        ],
        "IntDen": [
            7035.415270907681,
            8239.908565002865,
            10585.280011137133,
            9426.226104224877,
            9968.003412944418,
            10776.824504800557,
            8924.994710222412,
            7994.535874215047
        ],
        "FlagUp": 0,
        "Times": [],
        "width": 0,
        "height": 0,
        "area": [
            0.6990674951219874,
            0.6990674951219874,
            0.6990674951219874,
            0.6990674951219874,
            0.6990674951219874,
            0.6990674951219874,
            0.6990674951219874,
            0.6990674951219874
        ],
        "distance": 0,
        "xpert": [
            [
                331.0,
                244.6
            ],
            [
                324.6,
                241.4
            ],
            [
                325.8,
                235.0
            ],
            [
                327.4,
                231.4
            ],
            [
                331.0,
                230.2
            ],
            [
                335.8,
                230.2
            ],
            [
                340.2,
                235.0
            ],
            [
                337.6,
                241.6
            ]
        ],
        "stack": 0,
        "shift": [
            [
                0.0,
                0.0
            ],
            [
                0.0,
                0.0
            ],
            [
                0.0,
                0.0
            ],
            [
                0.0,
                0.0
            ],
            [
                0.0,
                0.0
            ],
            [
                0.0,
                0.0
            ],
            [
                0.0,
                0.0
            ],
            [
                0.0,
                0.0
            ],
            [
                0.0,
                0.0
            ]
        ],
        "channel": 0
    },
    {
        "type": "Stim",
        "location": [
            327,
            219
        ],
        "radloc": [
            0,
            0
        ],
        "mean": [
            68.41584158415841,
            71.02970297029702,
            78.17821782178218,
            76.24752475247524,
            54.56435643564357,
            77.42574257425743,
            59.603960396039604,
            45.613861386138616
        ],
        "min": [
            12,
            16,
            12,
            11,
            12,
            18,
            10,
            9
        ],
        "max": [
            231,
            185,
            207,
            196,
            159,
            137,
            146,
            136
        ],
        "RawIntDen": [
            6910,
            7174,
            7896,
            7701,
            5511,
            7820,
            6020,
            4607
        ],
        "IntDen": [
            3030.3490405005355,
            3146.1250385746516,
            3462.754851489469,
            3377.238489275633,
            2416.823959797171,
            3429.4253974984354,
            2640.0435924476446,
            2020.3788754827738
        ],
        "FlagUp": 0,
        "Times": [],
        "width": 0,
        "height": 0,
        "area": [
            0.4385454472504393,
            0.4385454472504393,
            0.4385454472504393,
            0.4385454472504393,
            0.4385454472504393,
            0.4385454472504393,
            0.4385454472504393,
            0.4385454472504393
        ],
        "distance": 0,
        "xpert": [
            [
                327.0,
                224.0
            ],
            [
                322.4,
                223.6
            ],
            [
                322.0,
                219.0
            ],
            [
                321.6,
                213.6
            ],
            [
                327.0,
                211.6
            ],
            [
                331.0,
                215.0
            ],
            [
                332.8,
                219.0
            ],
            [
                330.8,
                222.8
            ]
        ],
        "stack": 0,
        "shift": [
            [
                0.0,
                0.0
            ],
            [
                0.0,
                0.0
            ],
            [
                0.0,
                0.0
            ],
            [
                0.0,
                0.0
            ],
            [
                0.0,
                0.0
            ],
            [
                0.0,
                0.0
            ],
            [
                0.0,
                0.0
            ],
            [
                0.0,
                0.0
            ],
            [
                0.0,
                0.0
            ]
        ],
        "channel": 0
    },
    {
        "type": "Stim",
        "location": [
            256,
            174
        ],
        "radloc": [
            0,
            0
        ],
        "mean": [
            39.717557251908396,
            41.70229007633588,
            36.19847328244275,
            35.87022900763359,
            40.717557251908396,
            33.52671755725191,
            36.900763358778626,
            34.50381679389313
        ],
        "min": [
            9,
            9,
            8,
            9,
            14,
            6,
            6,
            7
        ],
        "max": [
            101,
            94,
            88,
            98,
            113,
            88,
            104,
            88
        ],
        "RawIntDen": [
            5203,
            5463,
            4742,
            4699,
            5334,
            4392,
            4834,
            4520
        ],
        "IntDen": [
            2959.500069581868,
            3107.3897520902833,
            2697.2802863650236,
            2672.8216081040164,
            3034.0137173072617,
            2498.198021449849,
            2749.6104817141554,
            2571.0052497616844
        ],
        "FlagUp": 0,
        "Times": [],
        "width": 0,
        "height": 0,
        "area": [
            0.5688064711862133,
            0.5688064711862133,
            0.5688064711862133,
            0.5688064711862133,
            0.5688064711862133,
            0.5688064711862133,
            0.5688064711862133,
            0.5688064711862133
        ],
        "distance": 0,
        "xpert": [
            [
                256.0,
                180.6
            ],
            [
                252.6,
                177.4
            ],
            [
                250.8,
                174.0
            ],
            [
                251.8,
                169.8
            ],
            [
                256.0,
                167.2
            ],
            [
                261.0,
                169.0
            ],
            [
                265.4,
                174.0
            ],
            [
                261.8,
                179.8
            ]
        ],
        "stack": 0,
        "shift": [
            [
                0.0,
                0.0
            ],
            [
                0.0,
                0.0
            ],
            [
                0.0,
                0.0
            ],
            [
                0.0,
                0.0
            ],
            [
                0.0,
                0.0
            ],
            [
                0.0,
                0.0
            ],
            [
                0.0,
                0.0
            ],
            [
                0.0,
                0.0
            ],
            [
                0.0,
                0.0
            ]
        ],
        "channel": 0
    },
    {
        "type": "Stim",
        "location": [
            212,
            167
        ],
        "radloc": [
            0,
            0
        ],
        "mean": [
            50.192546583850934,
            64.0248447204969,
            78.24844720496894,
            77.05590062111801,
            63.422360248447205,
            58.70807453416149,
            42.47826086956522,
            50.95652173913044
        ],
        "min": [
            12,
            13,
            14,
            16,
            11,
            9,
            8,
            9
        ],
        "max": [
            102,
            135,
            161,
            201,
            175,
            179,
            136,
            149
        ],
        "RawIntDen": [
            8081,
            10308,
            12598,
            12406,
            10211,
            9452,
            6839,
            8204
        ],
        "IntDen": [
            5649.1644280807795,
            7205.987739717446,
            8806.852303546797,
            8672.631344483376,
            7138.178192690613,
            6607.585963893025,
            4780.922599139271,
            5735.149729980784
        ],
        "FlagUp": 0,
        "Times": [],
        "width": 0,
        "height": 0,
        "area": [
            0.6990674951219874,
            0.6990674951219874,
            0.6990674951219874,
            0.6990674951219874,
            0.6990674951219874,
            0.6990674951219874,
            0.6990674951219874,
            0.6990674951219874
        ],
        "distance": 0,
        "xpert": [
            [
                212.0,
                172.8
            ],
            [
                207.8,
                171.2
            ],
            [
                204.2,
                167.0
            ],
            [
                205.4,
                160.4
            ],
            [
                212.0,
                156.8
            ],
            [
                218.8,
                160.2
            ],
            [
                217.4,
                167.0
            ],
            [
                218.4,
                173.4
            ]
        ],
        "stack": 0,
        "shift": [
            [
                0.0,
                0.0
            ],
            [
                0.0,
                0.0
            ],
            [
                0.0,
                0.0
            ],
            [
                0.0,
                0.0
            ],
            [
                0.0,
                0.0
            ],
            [
                0.0,
                0.0
            ],
            [
                0.0,
                0.0
            ],
            [
                0.0,
                0.0
            ],
            [
                0.0,
                0.0
            ]
        ],
        "channel": 0
    },
    {
        "type": "Stim",
        "location": [
            187,
            146
        ],
        "radloc": [
            0,
            0
        ],
        "mean": [
            83.14285714285714,
            87.73714285714286,
            87.37714285714286,
            74.45142857142856,
            77.14285714285714,
            75.66857142857143,
            88.80571428571429,
            66.86857142857143
        ],
        "min": [
            33,
            25,
            12,
            15,
            17,
            18,
            17,
            13
        ],
        "max": [
            184,
            201,
            199,
            201,
            191,
            147,
            158,
            128
        ],
        "RawIntDen": [
            14550,
            15354,
            15291,
            13029,
            13500,
            13242,
            15541,
            11702
        ],
        "IntDen": [
            11055.904406548821,
            11666.828608807602,
            11618.957682511205,
            9900.163471678667,
            10258.055634942206,
            10062.012793918866,
            11808.921675750877,
            8891.834595562495
        ],
        "FlagUp": 0,
        "Times": [],
        "width": 0,
        "height": 0,
        "area": [
            0.7598559729586819,
            0.7598559729586819,
            0.7598559729586819,
            0.7598559729586819,
            0.7598559729586819,
            0.7598559729586819,
            0.7598559729586819,
            0.7598559729586819
        ],
        "distance": 0,
        "xpert": [
            [
                187.0,
                152.2
            ],
            [
                181.8,
                151.2
            ],
            [
                176.2,
                146.0
            ],
            [
                179.6,
                138.6
            ],
            [
                187.0,
                138.4
            ],
            [
                192.4,
                140.6
            ],
            [
                192.2,
                146.0
            ],
            [
                191.8,
                150.8
            ]
        ],
        "stack": 0,
        "shift": [
            [
                0.0,
                0.0
            ],
            [
                0.0,
                0.0
            ],
            [
                0.0,
                0.0
            ],
            [
                0.0,
                0.0
            ],
            [
                0.0,
                0.0
            ],
            [
                0.0,
                0.0
            ],
            [
                0.0,
                0.0
            ],
            [
                0.0,
                0.0
            ],
            [
                0.0,
                0.0
            ]
        ],
        "channel": 0
    },
    {
        "type": "Stim",
        "location": [
            154,
            150
        ],
        "radloc": [
            0,
            0
        ],
        "mean": [
            37.739495798319325,
            36.42857142857143,
            29.436974789915965,
            28.428571428571427,
            69.78151260504201,
            46.99159663865546,
            54.60504201680672,
            47.52100840336134
        ],
        "min": [
            7,
            8,
            7,
            7,
            17,
            7,
            5,
            6
        ],
        "max": [
            121,
            89,
            73,
            79,
            159,
            135,
            168,
            111
        ],
        "RawIntDen": [
            4491,
            4335,
            3503,
            3383,
            8304,
            5592,
            6498,
            5655
        ],
        "IntDen": [
            2320.5089586990593,
            2239.9034370876025,
            1810.0073218264988,
            1748.0030744330702,
            4290.693919625249,
            2889.3979285337655,
            3357.52999635415,
            2921.9501584153154
        ],
        "FlagUp": 0,
        "Times": [],
        "width": 0,
        "height": 0,
        "area": [
            0.5167020616119037,
            0.5167020616119037,
            0.5167020616119037,
            0.5167020616119037,
            0.5167020616119037,
            0.5167020616119037,
            0.5167020616119037,
            0.5167020616119037
        ],
        "distance": 0,
        "xpert": [
            [
                154.0,
                155.8
            ],
            [
                149.0,
                155.0
            ],
            [
                147.2,
                150.0
            ],
            [
                150.2,
                146.2
            ],
            [
                154.0,
                141.0
            ],
            [
                158.6,
                145.4
            ],
            [
                159.8,
                150.0
            ],
            [
                157.8,
                153.8
            ]
        ],
        "stack": 0,
        "shift": [
            [
                0.0,
                0.0
            ],
            [
                0.0,
                0.0
            ],
            [
                0.0,
                0.0
            ],
            [
                0.0,
                0.0
            ],
            [
                0.0,
                0.0
            ],
            [
                0.0,
                0.0
            ],
            [
                0.0,
                0.0
            ],
            [
                0.0,
                0.0
            ],
            [
                0.0,
                0.0
            ]
        ],
        "channel": 0
    },
    {
        "type": "Spine",
        "location": [
            15,
            42
        ],
        "radloc": [
            0,
            0
        ],
        "mean": [
            44.4140127388535,
            39.56687898089172,
            35.35031847133758,
            55.12101910828026,
            58.05095541401274,
            76.12101910828025,
            114.27388535031847,
            91.97452229299363
        ],
        "min": [
            5,
            6,
            7,
            6,
            7,
            9,
            43,
            24
        ],
        "max": [
            180,
            190,
            177,
            241,
            164,
            241,
            202,
            203
        ],
        "RawIntDen": [
            6973,
            6212,
            5550,
            8654,
            9114,
            11951,
            17941,
            14440
        ],
        "IntDen": [
            4753.489627498398,
            4234.716415605915,
            3783.431440214557,
            5899.426249300321,
            6213.00795425504,
            8146.989034595346,
            12230.36819259268,
            9843.73873814382
        ],
        "FlagUp": 0,
        "Times": [],
        "width": 0,
        "height": 0,
        "area": [
            0.6816993585972175,
            0.6816993585972175,
            0.6816993585972175,
            0.6816993585972175,
            0.6816993585972175,
            0.6816993585972175,
            0.6816993585972175,
            0.6816993585972175
        ],
        "distance": 11.346795188104881,
        "xpert": [
            [
                15.0,
                50.2
            ],
            [
                9.8,
                47.2
            ],
            [
                7.8,
                42.0
            ],
            [
                9.4,
                36.4
            ],
            [
                15.0,
                34.6
            ],
            [
                19.6,
                37.4
            ],
            [
                21.6,
                42.0
            ],
            [
                20.8,
                47.8
            ]
        ],
        "stack": 0,
        "shift": [
            [
                0.0,
                0.0
            ],
            [
                0.0,
                0.0
            ],
            [
                0.0,
                0.0
            ],
            [
                0.0,
                0.0
            ],
            [
                0.0,
                0.0
            ],
            [
                0.0,
                0.0
            ],
            [
                0.0,
                0.0
            ],
            [
                0.0,
                0.0
            ],
            [
                0.0,
                0.0
            ]
        ],
        "channel": 0
    },
    {
        "type": "Spine",
        "location": [
            28,
            83
        ],
        "radloc": [
            0,
            0
        ],
        "mean": [
            48.775,
            56.166666666666664,
            66.93333333333334,
            68.61666666666666,
            53.5,
            84.50833333333334,
            58.483333333333334,
            45.11666666666667
        ],
        "min": [
            7,
            14,
            14,
            17,
            14,
            12,
            12,
            9
        ],
        "max": [
            124,
            107,
            136,
            135,
            119,
            223,
            117,
            118
        ],
        "RawIntDen": [
            5853,
            6740,
            8032,
            8234,
            6420,
            10141,
            7018,
            5414
        ],
        "IntDen": [
            3049.671092384342,
            3511.837205308468,
            4185.026177008548,
            4290.277084348654,
            3345.1030946706774,
            5283.908174930738,
            3656.687463925049,
            2820.9327343531227
        ],
        "FlagUp": 0,
        "Times": [],
        "width": 0,
        "height": 0,
        "area": [
            0.5210440957430962,
            0.5210440957430962,
            0.5210440957430962,
            0.5210440957430962,
            0.5210440957430962,
            0.5210440957430962,
            0.5210440957430962,
            0.5210440957430962
        ],
        "distance": 8.830866834236263,
        "xpert": [
            [
                28.0,
                88.8
            ],
            [
                22.6,
                88.4
            ],
            [
                20.2,
                83.0
            ],
            [
                24.2,
                79.2
            ],
            [
                28.0,
                78.4
            ],
            [
                34.0,
                77.0
            ],
            [
                35.4,
                83.0
            ],
            [
                32.0,
                87.0
            ]
        ],
        "stack": 0,
        "shift": [
            [
                0.0,
                0.0
            ],
            [
                0.0,
                0.0
            ],
            [
                0.0,
                0.0
            ],
            [
                0.0,
                0.0
            ],
            [
                0.0,
                0.0
            ],
            [
                0.0,
                0.0
            ],
            [
                0.0,
                0.0
            ],
            [
                0.0,
                0.0
            ],
            [
                0.0,
                0.0
            ]
        ],
        "channel": 0
    },
    {
        "type": "Spine",
        "location": [
            83,
            95
        ],
        "radloc": [
            0,
            0
        ],
        "mean": [
            51.927083333333336,
            58.46875,
            56.677083333333336,
            60.15625,
            68.38541666666667,
            52.197916666666664,
            59.947916666666664,
            48.604166666666664
        ],
        "min": [
            16,
            16,
            19,
            16,
            19,
            15,
            13,
            12
        ],
        "max": [
            146,
            148,
            157,
            150,
            154,
            106,
            132,
            105
        ],
        "RawIntDen": [
            4985,
            5613,
            5441,
            5775,
            6565,
            5011,
            5755,
            4666
        ],
        "IntDen": [
            2077.9238538234677,
            2339.6964075247993,
            2268.000739950549,
            2407.2237223331044,
            2736.523590842741,
            2088.761571014924,
            2398.887016801215,
            1944.9534005898295
        ],
        "FlagUp": 0,
        "Times": [],
        "width": 0,
        "height": 0,
        "area": [
            0.41683527659447694,
            0.41683527659447694,
            0.41683527659447694,
            0.41683527659447694,
            0.41683527659447694,
            0.41683527659447694,
            0.41683527659447694,
            0.41683527659447694
        ],
        "distance": 6.001476075241947,
        "xpert": [
            [
                83.0,
                100.2
            ],
            [
                79.6,
                98.4
            ],
            [
                78.0,
                95.0
            ],
            [
                78.2,
                90.2
            ],
            [
                83.0,
                89.2
            ],
            [
                88.8,
                89.2
            ],
            [
                88.8,
                95.0
            ],
            [
                87.4,
                99.4
            ]
        ],
        "stack": 0,
        "shift": [
            [
                0.0,
                0.0
            ],
            [
                0.0,
                0.0
            ],
            [
                0.0,
                0.0
            ],
            [
                0.0,
                0.0
            ],
            [
                0.0,
                0.0
            ],
            [
                0.0,
                0.0
            ],
            [
                0.0,
                0.0
            ],
            [
                0.0,
                0.0
            ],
            [
                0.0,
                0.0
            ]
        ],
        "channel": 0
    },
    {
        "type": "Spine",
        "location": [
            69,
            66
        ],
        "radloc": [
            0,
            0
        ],
        "mean": [
            56.54814814814815,
            76.98518518518519,
            70.23703703703704,
            72.64444444444445,
            53.55555555555556,
            50.48888888888889,
            58.696296296296296,
            55.65925925925926
        ],
        "min": [
            19,
            20,
            24,
            25,
            11,
            14,
            13,
            15
        ],
        "max": [
            125,
            221,
            153,
            172,
            131,
            102,
            146,
            133
        ],
        "RawIntDen": [
            7634,
            10393,
            9482,
            9807,
            7230,
            6816,
            7924,
            7514
        ],
        "IntDen": [
            4474.856955265645,
            6092.112697940249,
            5558.107630315542,
            5748.614377821612,
            4238.042413750409,
            3995.3661261580614,
            4644.847591501831,
            4404.516002340328
        ],
        "FlagUp": 0,
        "Times": [],
        "width": 0,
        "height": 0,
        "area": [
            0.5861746077109832,
            0.5861746077109832,
            0.5861746077109832,
            0.5861746077109832,
            0.5861746077109832,
            0.5861746077109832,
            0.5861746077109832,
            0.5861746077109832
        ],
        "distance": 7.619493923114341,
        "xpert": [
            [
                69.0,
                71.0
            ],
            [
                64.4,
                70.6
            ],
            [
                61.0,
                66.0
            ],
            [
                61.0,
                58.0
            ],
            [
                69.0,
                59.8
            ],
            [
                72.4,
                62.6
            ],
            [
                73.8,
                66.0
            ],
            [
                74.6,
                71.6
            ]
        ],
        "stack": 0,
        "shift": [
            [
                0.0,
                0.0
            ],
            [
                0.0,
                0.0
            ],
            [
                0.0,
                0.0
            ],
            [
                0.0,
                0.0
            ],
            [
                0.0,
                0.0
            ],
            [
                0.0,
                0.0
            ],
            [
                0.0,
                0.0
            ],
            [
                0.0,
                0.0
            ],
            [
                0.0,
                0.0
            ]
        ],
        "channel": 0
    },
    {
        "type": "Spine",
        "location": [
            115,
            111
        ],
        "radloc": [
            0,
            0
        ],
        "mean": [
            44.56190476190476,
            46.86666666666667,
            49.4,
            53.266666666666666,
            53.095238095238095,
            46.923809523809524,
            37.42857142857143,
            42.48571428571429
        ],
        "min": [
            11,
            15,
            14,
            20,
            12,
            8,
            7,
            7
        ],
        "max": [
            122,
            118,
            94,
            117,
            138,
            116,
            131,
            140
        ],
        "RawIntDen": [
            4679,
            4921,
            5187,
            5593,
            5575,
            4927,
            3930,
            4461
        ],
        "IntDen": [
            2133.2196584842036,
            2243.550745757804,
            2364.82375904201,
            2549.9246740547446,
            2541.718229546791,
            2246.2862272604557,
            1791.740384236572,
            2033.8304972212081
        ],
        "FlagUp": 0,
        "Times": [],
        "width": 0,
        "height": 0,
        "area": [
            0.4559135837752092,
            0.4559135837752092,
            0.4559135837752092,
            0.4559135837752092,
            0.4559135837752092,
            0.4559135837752092,
            0.4559135837752092,
            0.4559135837752092
        ],
        "distance": 3.4836081008705007,
        "xpert": [
            [
                115.0,
                116.4
            ],
            [
                111.0,
                115.0
            ],
            [
                110.0,
                111.0
            ],
            [
                110.2,
                106.2
            ],
            [
                115.0,
                104.8
            ],
            [
                120.0,
                106.0
            ],
            [
                120.2,
                111.0
            ],
            [
                121.8,
                117.8
            ]
        ],
        "stack": 0,
        "shift": [
            [
                0.0,
                0.0
            ],
            [
                0.0,
                0.0
            ],
            [
                0.0,
                0.0
            ],
            [
                0.0,
                0.0
            ],
            [
                0.0,
                0.0
            ],
            [
                0.0,
                0.0
            ],
            [
                0.0,
                0.0
            ],
            [
                0.0,
                0.0
            ],
            [
                0.0,
                0.0
            ]
        ],
        "channel": 0
    },
    {
        "type": "Spine",
        "location": [
            141,
            123
        ],
        "radloc": [
            0,
            0
        ],
        "mean": [
            131.4758620689655,
            130.29655172413794,
            123.82758620689656,
            127.01379310344828,
            119.86206896551724,
            99.31724137931035,
            83.95172413793104,
            75.78620689655172
        ],
        "min": [
            40,
            32,
            35,
            24,
            21,
            18,
            17,
            10
        ],
        "max": [
            253,
            242,
            248,
            254,
            240,
            230,
            202,
            196
        ],
        "RawIntDen": [
            19064,
            18893,
            17955,
            18417,
            17380,
            14401,
            12173,
            10989
        ],
        "IntDen": [
            12002.598108172717,
            11894.937371889799,
            11304.377309706311,
            11595.250176154894,
            10942.36021401814,
            9066.796860878896,
            7664.059314455858,
            6918.618894812735
        ],
        "FlagUp": 0,
        "Times": [],
        "width": 0,
        "height": 0,
        "area": [
            0.6295949490229079,
            0.6295949490229079,
            0.6295949490229079,
            0.6295949490229079,
            0.6295949490229079,
            0.6295949490229079,
            0.6295949490229079,
            0.6295949490229079
        ],
        "distance": 1.0744771771612776,
        "xpert": [
            [
                141.0,
                128.2
            ],
            [
                136.8,
                127.2
            ],
            [
                133.2,
                123.0
            ],
            [
                132.2,
                114.2
            ],
            [
                141.0,
                116.4
            ],
            [
                145.6,
                118.4
            ],
            [
                147.0,
                123.0
            ],
            [
                145.6,
                127.6
            ]
        ],
        "stack": 0,
        "shift": [
            [
                0.0,
                0.0
            ],
            [
                0.0,
                0.0
            ],
            [
                0.0,
                0.0
            ],
            [
                0.0,
                0.0
            ],
            [
                0.0,
                0.0
            ],
            [
                0.0,
                0.0
            ],
            [
                0.0,
                0.0
            ],
            [
                0.0,
                0.0
            ],
            [
                0.0,
                0.0
            ]
        ],
        "channel": 0
    },
    {
        "type": "Spine",
        "location": [
            143,
            140
        ],
        "radloc": [
            0,
            0
        ],
        "mean": [
            40.016949152542374,
            38.66949152542373,
            43.99152542372882,
            38.41525423728814,
            37.813559322033896,
            48.0,
            44.432203389830505,
            39.559322033898304
        ],
        "min": [
            5,
            8,
            11,
            10,
            11,
            9,
            10,
            8
        ],
        "max": [
            97,
            117,
            114,
            116,
            97,
            119,
            101,
            107
        ],
        "RawIntDen": [
            4722,
            4563,
            5191,
            4533,
            4462,
            5664,
            5243,
            4668
        ],
        "IntDen": [
            2419.3640497639185,
            2337.8988053944854,
            2659.660902652372,
            2322.5280045700642,
            2286.1504426189335,
            2902.0071956507486,
            2686.303624081369,
            2391.69660827996
        ],
        "FlagUp": 0,
        "Times": [],
        "width": 0,
        "height": 0,
        "area": [
            0.5123600274807112,
            0.5123600274807112,
            0.5123600274807112,
            0.5123600274807112,
            0.5123600274807112,
            0.5123600274807112,
            0.5123600274807112,
            0.5123600274807112
        ],
        "distance": 0.40393832665244644,
        "xpert": [
            [
                143.0,
                145.0
            ],
            [
                139.0,
                144.0
            ],
            [
                135.6,
                140.0
            ],
            [
                137.2,
                134.2
            ],
            [
                143.0,
                131.0
            ],
            [
                147.8,
                135.2
            ],
            [
                148.0,
                140.0
            ],
            [
                146.0,
                143.0
            ]
        ],
        "stack": 0,
        "shift": [
            [
                0.0,
                0.0
            ],
            [
                0.0,
                0.0
            ],
            [
                0.0,
                0.0
            ],
            [
                0.0,
                0.0
            ],
            [
                0.0,
                0.0
            ],
            [
                0.0,
                0.0
            ],
            [
                0.0,
                0.0
            ],
            [
                0.0,
                0.0
            ],
            [
                0.0,
                0.0
            ]
        ],
        "channel": 0
    },
    {
        "type": "Spine",
        "location": [
            130,
            93
        ],
        "radloc": [
            0,
            0
        ],
        "mean": [
            138.0921052631579,
            141.9671052631579,
            141.83552631578948,
            128.5921052631579,
            136.6315789473684,
            165.76315789473685,
            143.67763157894737,
            141.58552631578948
        ],
        "min": [
            25,
            29,
            31,
            28,
            27,
            31,
            18,
            31
        ],
        "max": [
            255,
            255,
            255,
            255,
            255,
            255,
            255,
            255
        ],
        "RawIntDen": [
            20990,
            21579,
            21559,
            19546,
            20768,
            25196,
            21839,
            21521
        ],
        "IntDen": [
            13853.173054886945,
            14241.906686584345,
            14228.70690282552,
            12900.148667499774,
            13706.655455163987,
            16629.087579367864,
            14413.50387544907,
            14203.627313683752
        ],
        "FlagUp": 0,
        "Times": [],
        "width": 0,
        "height": 0,
        "area": [
            0.6599891879412552,
            0.6599891879412552,
            0.6599891879412552,
            0.6599891879412552,
            0.6599891879412552,
            0.6599891879412552,
            0.6599891879412552,
            0.6599891879412552
        ],
        "distance": 2.467965569245739,
        "xpert": [
            [
                130.0,
                97.8
            ],
            [
                125.2,
                97.8
            ],
            [
                121.4,
                93.0
            ],
            [
                123.4,
                86.4
            ],
            [
                130.0,
                85.4
            ],
            [
                135.0,
                88.0
            ],
            [
                138.0,
                93.0
            ],
            [
                134.8,
                97.8
            ]
        ],
        "stack": 0,
        "shift": [
            [
                0.0,
                0.0
            ],
            [
                0.0,
                0.0
            ],
            [
                0.0,
                0.0
            ],
            [
                0.0,
                0.0
            ],
            [
                0.0,
                0.0
            ],
            [
                0.0,
                0.0
            ],
            [
                0.0,
                0.0
            ],
            [
                0.0,
                0.0
            ],
            [
                0.0,
                0.0
            ]
        ],
        "channel": 0
    },
    {
        "type": "Spine",
        "location": [
            156,
            105
        ],
        "radloc": [
            0,
            0
        ],
        "mean": [
            69.84027777777777,
            81.06944444444444,
            94.88888888888889,
            74.98611111111111,
            85.77083333333333,
            99.53472222222223,
            100.39583333333333,
            85.75
        ],
        "min": [
            9,
            12,
            16,
            9,
            9,
            21,
            30,
            20
        ],
        "max": [
            185,
            164,
            208,
            211,
            227,
            213,
            203,
            192
        ],
        "RawIntDen": [
            10057,
            11674,
            13664,
            10798,
            12351,
            14333,
            14457,
            12348
        ],
        "IntDen": [
            6288.168565065982,
            7299.202528445886,
            8543.4558290804,
            6751.4809750007435,
            7722.4987518275775,
            8961.750029142957,
            9039.28139058953,
            7720.622993082902
        ],
        "FlagUp": 0,
        "Times": [],
        "width": 0,
        "height": 0,
        "area": [
            0.6252529148917154,
            0.6252529148917154,
            0.6252529148917154,
            0.6252529148917154,
            0.6252529148917154,
            0.6252529148917154,
            0.6252529148917154,
            0.6252529148917154
        ],
        "distance": 0.899850126499053,
        "xpert": [
            [
                156.0,
                110.8
            ],
            [
                150.4,
                110.6
            ],
            [
                149.8,
                105.0
            ],
            [
                150.4,
                99.4
            ],
            [
                156.0,
                97.2
            ],
            [
                162.2,
                98.8
            ],
            [
                162.8,
                105.0
            ],
            [
                160.4,
                109.4
            ]
        ],
        "stack": 0,
        "shift": [
            [
                0.0,
                0.0
            ],
            [
                0.0,
                0.0
            ],
            [
                0.0,
                0.0
            ],
            [
                0.0,
                0.0
            ],
            [
                0.0,
                0.0
            ],
            [
                0.0,
                0.0
            ],
            [
                0.0,
                0.0
            ],
            [
                0.0,
                0.0
            ],
            [
                0.0,
                0.0
            ]
        ],
        "channel": 0
    },
    {
        "type": "Spine",
        "location": [
            177,
            106
        ],
        "radloc": [
            0,
            0
        ],
        "mean": [
            37.67032967032967,
            40.66483516483517,
            50.36813186813187,
            53.027472527472526,
            48.285714285714285,
            61.95054945054945,
            51.23626373626374,
            65.76923076923077
        ],
        "min": [
            8,
            9,
            7,
            9,
            11,
            14,
            9,
            11
        ],
        "max": [
            124,
            112,
            108,
            124,
            150,
            142,
            135,
            150
        ],
        "RawIntDen": [
            6856,
            7401,
            9167,
            9651,
            8788,
            11275,
            9325,
            11970
        ],
        "IntDen": [
            5417.955452628912,
            5848.6418181018935,
            7244.223692276727,
            7626.704794825209,
            6944.718861975332,
            8910.071138913505,
            7369.0832257532975,
            9459.29503616804
        ],
        "FlagUp": 0,
        "Times": [],
        "width": 0,
        "height": 0,
        "area": [
            0.7902502118770292,
            0.7902502118770292,
            0.7902502118770292,
            0.7902502118770292,
            0.7902502118770292,
            0.7902502118770292,
            0.7902502118770292,
            0.7902502118770292
        ],
        "distance": -0.9963437974371449,
        "xpert": [
            [
                177.0,
                114.2
            ],
            [
                173.0,
                110.0
            ],
            [
                170.6,
                106.0
            ],
            [
                172.0,
                101.0
            ],
            [
                177.0,
                99.4
            ],
            [
                182.2,
                100.8
            ],
            [
                187.8,
                106.0
            ],
            [
                184.8,
                113.8
            ]
        ],
        "stack": 0,
        "shift": [
            [
                0.0,
                0.0
            ],
            [
                0.0,
                0.0
            ],
            [
                0.0,
                0.0
            ],
            [
                0.0,
                0.0
            ],
            [
                0.0,
                0.0
            ],
            [
                0.0,
                0.0
            ],
            [
                0.0,
                0.0
            ],
            [
                0.0,
                0.0
            ],
            [
                0.0,
                0.0
            ]
        ],
        "channel": 0
    },
    {
        "type": "Spine",
        "location": [
            191,
            96
        ],
        "radloc": [
            0,
            0
        ],
        "mean": [
            39.029411764705884,
            40.911764705882355,
            43.51960784313726,
            58.55882352941177,
            44.5,
            34.450980392156865,
            49.38235294117647,
            55.19607843137255
        ],
        "min": [
            7,
            9,
            7,
            10,
            9,
            8,
            7,
            10
        ],
        "max": [
            88,
            98,
            101,
            126,
            95,
            73,
            110,
            108
        ],
        "RawIntDen": [
            3981,
            4173,
            4439,
            5973,
            4539,
            3514,
            5037,
            5630
        ],
        "IntDen": [
            1763.135063380276,
            1848.1694598055492,
            1965.9775298530633,
            2645.3669262924864,
            2010.2662779912266,
            1556.306609575054,
            2230.8242437192794,
            2493.4565201785867
        ],
        "FlagUp": 0,
        "Times": [],
        "width": 0,
        "height": 0,
        "area": [
            0.44288748138163175,
            0.44288748138163175,
            0.44288748138163175,
            0.44288748138163175,
            0.44288748138163175,
            0.44288748138163175,
            0.44288748138163175,
            0.44288748138163175
        ],
        "distance": -0.9919202881387359,
        "xpert": [
            [
                191.0,
                102.2
            ],
            [
                184.2,
                102.8
            ],
            [
                184.6,
                96.0
            ],
            [
                186.6,
                91.6
            ],
            [
                191.0,
                90.8
            ],
            [
                194.2,
                92.8
            ],
            [
                195.8,
                96.0
            ],
            [
                194.4,
                99.4
            ]
        ],
        "stack": 0,
        "shift": [
            [
                0.0,
                0.0
            ],
            [
                0.0,
                0.0
            ],
            [
                0.0,
                0.0
            ],
            [
                0.0,
                0.0
            ],
            [
                0.0,
                0.0
            ],
            [
                0.0,
                0.0
            ],
            [
                0.0,
                0.0
            ],
            [
                0.0,
                0.0
            ],
            [
                0.0,
                0.0
            ]
        ],
        "channel": 0
    },
    {
        "type": "Spine",
        "location": [
            197,
            148
        ],
        "radloc": [
            0,
            0
        ],
        "mean": [
            69.80909090909091,
            76.31818181818181,
            80.26363636363637,
            85.80909090909091,
            78.25454545454545,
            80.93636363636364,
            102.02727272727273,
            95.67272727272727
        ],
        "min": [
            28,
            20,
            23,
            23,
            17,
            11,
            16,
            13
        ],
        "max": [
            164,
            226,
            206,
            204,
            184,
            182,
            192,
            197
        ],
        "RawIntDen": [
            7679,
            8395,
            8829,
            9439,
            8608,
            8903,
            11223,
            10524
        ],
        "IntDen": [
            3667.6728102769657,
            4009.6514184496846,
            4216.940127872813,
            4508.290618075828,
            4111.385278143524,
            4252.28428570072,
            5360.3713959810375,
            5026.512391633649
        ],
        "FlagUp": 0,
        "Times": [],
        "width": 0,
        "height": 0,
        "area": [
            0.4776237544311715,
            0.4776237544311715,
            0.4776237544311715,
            0.4776237544311715,
            0.4776237544311715,
            0.4776237544311715,
            0.4776237544311715,
            0.4776237544311715
        ],
        "distance": -0.9223608379215289,
        "xpert": [
            [
                197.0,
                154.4
            ],
            [
                193.4,
                151.6
            ],
            [
                191.2,
                148.0
            ],
            [
                192.2,
                143.2
            ],
            [
                197.0,
                142.6
            ],
            [
                202.0,
                143.0
            ],
            [
                203.8,
                148.0
            ],
            [
                201.4,
                152.4
            ]
        ],
        "stack": 0,
        "shift": [
            [
                0.0,
                0.0
            ],
            [
                0.0,
                0.0
            ],
            [
                0.0,
                0.0
            ],
            [
                0.0,
                0.0
            ],
            [
                0.0,
                0.0
            ],
            [
                0.0,
                0.0
            ],
            [
                0.0,
                0.0
            ],
            [
                0.0,
                0.0
            ],
            [
                0.0,
                0.0
            ]
        ],
        "channel": 0
    },
    {
        "type": "Spine",
        "location": [
            171,
            135
        ],
        "radloc": [
            0,
            0
        ],
        "mean": [
            118.2,
            114.19393939393939,
            105.12121212121212,
            114.8,
            113.23030303030303,
            107.01212121212122,
            86.13333333333334,
            96.0060606060606
        ],
        "min": [
            22,
            34,
            17,
            14,
            21,
            21,
            11,
            23
        ],
        "max": [
            251,
            246,
            235,
            239,
            241,
            228,
            250,
            219
        ],
        "RawIntDen": [
            19503,
            18842,
            17345,
            18942,
            18683,
            17657,
            14212,
            15841
        ],
        "IntDen": [
            13972.644124006707,
            13499.0801714882,
            12426.576030913004,
            13570.723734652876,
            13385.166906056365,
            12650.103947986792,
            10181.983196963714,
            11349.056840916282
        ],
        "FlagUp": 0,
        "Times": [],
        "width": 0,
        "height": 0,
        "area": [
            0.7164356316467573,
            0.7164356316467573,
            0.7164356316467573,
            0.7164356316467573,
            0.7164356316467573,
            0.7164356316467573,
            0.7164356316467573,
            0.7164356316467573
        ],
        "distance": -1.6519326581238163,
        "xpert": [
            [
                171.0,
                143.4
            ],
            [
                167.0,
                139.0
            ],
            [
                165.2,
                135.0
            ],
            [
                164.0,
                128.0
            ],
            [
                171.0,
                128.6
            ],
            [
                177.0,
                129.0
            ],
            [
                179.8,
                135.0
            ],
            [
                176.8,
                140.8
            ]
        ],
        "stack": 0,
        "shift": [
            [
                0.0,
                0.0
            ],
            [
                0.0,
                0.0
            ],
            [
                0.0,
                0.0
            ],
            [
                0.0,
                0.0
            ],
            [
                0.0,
                0.0
            ],
            [
                0.0,
                0.0
            ],
            [
                0.0,
                0.0
            ],
            [
                0.0,
                0.0
            ],
            [
                0.0,
                0.0
            ]
        ],
        "channel": 0
    },
    {
        "type": "Spine",
        "location": [
            273,
            159
        ],
        "radloc": [
            0,
            0
        ],
        "mean": [
            118.89156626506023,
            106.8012048192771,
            114.94578313253012,
            126.41566265060241,
            121.31927710843374,
            142.0120481927711,
            121.12650602409639,
            117.86144578313252
        ],
        "min": [
            13,
            9,
            16,
            12,
            12,
            20,
            18,
            25
        ],
        "max": [
            250,
            221,
            251,
            255,
            246,
            253,
            226,
            220
        ],
        "RawIntDen": [
            19736,
            17729,
            19081,
            20985,
            20139,
            23574,
            20107,
            19565
        ],
        "IntDen": [
            14225.268011793616,
            12778.66723657727,
            13753.158640709058,
            15125.519316350275,
            14515.74141110213,
            16991.61269304939,
            14492.676525797235,
            14102.015030945586
        ],
        "FlagUp": 0,
        "Times": [],
        "width": 0,
        "height": 0,
        "area": [
            0.7207776657779497,
            0.7207776657779497,
            0.7207776657779497,
            0.7207776657779497,
            0.7207776657779497,
            0.7207776657779497,
            0.7207776657779497,
            0.7207776657779497
        ],
        "distance": -0.8452650632495265,
        "xpert": [
            [
                273.0,
                171.2
            ],
            [
                264.4,
                167.6
            ],
            [
                267.0,
                159.0
            ],
            [
                269.4,
                155.4
            ],
            [
                273.0,
                153.8
            ],
            [
                277.6,
                154.4
            ],
            [
                279.8,
                159.0
            ],
            [
                277.4,
                163.4
            ]
        ],
        "stack": 0,
        "shift": [
            [
                0.0,
                0.0
            ],
            [
                0.0,
                0.0
            ],
            [
                0.0,
                0.0
            ],
            [
                0.0,
                0.0
            ],
            [
                0.0,
                0.0
            ],
            [
                0.0,
                0.0
            ],
            [
                0.0,
                0.0
            ],
            [
                0.0,
                0.0
            ],
            [
                0.0,
                0.0
            ]
        ],
        "channel": 0
    },
    {
        "type": "Spine",
        "location": [
            333,
            177
        ],
        "radloc": [
            0,
            0
        ],
        "mean": [
            38.93382352941177,
            44.35294117647059,
            47.74264705882353,
            61.77205882352941,
            86.2279411764706,
            51.404411764705884,
            75.125,
            69.57352941176471
        ],
        "min": [
            9,
            9,
            7,
            10,
            12,
            11,
            10,
            12
        ],
        "max": [
            109,
            132,
            143,
            188,
            202,
            130,
            169,
            144
        ],
        "RawIntDen": [
            5295,
            6032,
            6493,
            8401,
            11727,
            6991,
            10217,
            9462
        ],
        "IntDen": [
            3126.78561855432,
            3561.9963835920034,
            3834.2245554812466,
            4960.930308116118,
            6924.988658883194,
            4128.30184311865,
            6033.308529701509,
            5587.468465110666
        ],
        "FlagUp": 0,
        "Times": [],
        "width": 0,
        "height": 0,
        "area": [
            0.5905166418421757,
            0.5905166418421757,
            0.5905166418421757,
            0.5905166418421757,
            0.5905166418421757,
            0.5905166418421757,
            0.5905166418421757,
            0.5905166418421757
        ],
        "distance": -0.8452650632495265,
        "xpert": [
            [
                333.0,
                184.8
            ],
            [
                325.8,
                184.2
            ],
            [
                324.6,
                177.0
            ],
            [
                329.2,
                173.2
            ],
            [
                333.0,
                172.2
            ],
            [
                336.2,
                173.8
            ],
            [
                338.0,
                177.0
            ],
            [
                338.6,
                182.6
            ]
        ],
        "stack": 0,
        "shift": [
            [
                0.0,
                0.0
            ],
            [
                0.0,
                0.0
            ],
            [
                0.0,
                0.0
            ],
            [
                0.0,
                0.0
            ],
            [
                0.0,
                0.0
            ],
            [
                0.0,
                0.0
            ],
            [
                0.0,
                0.0
            ],
            [
                0.0,
                0.0
            ],
            [
                0.0,
                0.0
            ]
        ],
        "channel": 0
    },
    {
        "type": "Spine",
        "location": [
            339,
            201
        ],
        "radloc": [
            0,
            0
        ],
        "mean": [
            146.48958333333334,
            139.29166666666666,
            119.93229166666667,
            120.38020833333333,
            133.66145833333334,
            114.19791666666667,
            120.171875,
            142.27083333333334
        ],
        "min": [
            29,
            34,
            25,
            15,
            30,
            21,
            19,
            18
        ],
        "max": [
            255,
            255,
            233,
            241,
            240,
            255,
            255,
            255
        ],
        "RawIntDen": [
            28126,
            26744,
            23027,
            23113,
            25663,
            21926,
            23073,
            27316
        ],
        "IntDen": [
            23447.817978992516,
            22295.685274485382,
            19196.931828282042,
            19268.62749585629,
            21394.487406488122,
            18279.060549221,
            19235.280673728732,
            22772.544830909465
        ],
        "FlagUp": 0,
        "Times": [],
        "width": 0,
        "height": 0,
        "area": [
            0.8336705531889539,
            0.8336705531889539,
            0.8336705531889539,
            0.8336705531889539,
            0.8336705531889539,
            0.8336705531889539,
            0.8336705531889539,
            0.8336705531889539
        ],
        "distance": -0.27954759487428976,
        "xpert": [
            [
                339.0,
                208.4
            ],
            [
                334.2,
                205.8
            ],
            [
                328.8,
                201.0
            ],
            [
                333.2,
                195.2
            ],
            [
                339.0,
                193.0
            ],
            [
                344.4,
                195.6
            ],
            [
                348.0,
                201.0
            ],
            [
                345.2,
                207.2
            ]
        ],
        "stack": 0,
        "shift": [
            [
                0.0,
                0.0
            ],
            [
                0.0,
                0.0
            ],
            [
                0.0,
                0.0
            ],
            [
                0.0,
                0.0
            ],
            [
                0.0,
                0.0
            ],
            [
                0.0,
                0.0
            ],
            [
                0.0,
                0.0
            ],
            [
                0.0,
                0.0
            ],
            [
                0.0,
                0.0
            ]
        ],
        "channel": 0
    },
    {
        "type": "Spine",
        "location": [
            424,
            298
        ],
        "radloc": [
            0,
            0
        ],
        "mean": [
            74.19428571428571,
            81.40571428571428,
            86.51428571428572,
            99.86285714285714,
            88.86857142857143,
            98.41142857142857,
            102.06857142857143,
            104.83428571428571
        ],
        "min": [
            14,
            26,
            22,
            31,
            27,
            32,
            28,
            20
        ],
        "max": [
            166,
            179,
            189,
            232,
            169,
            180,
            203,
            203
        ],
        "RawIntDen": [
            12984,
            14246,
            15140,
            17476,
            15552,
            17222,
            17862,
            18346
        ],
        "IntDen": [
            9865.969952895526,
            10824.908190769384,
            11504.219430594445,
            13279.242983425926,
            11817.280091453422,
            13086.23956629442,
            13572.547388987976,
            13940.31767989998
        ],
        "FlagUp": 0,
        "Times": [],
        "width": 0,
        "height": 0,
        "area": [
            0.7598559729586819,
            0.7598559729586819,
            0.7598559729586819,
            0.7598559729586819,
            0.7598559729586819,
            0.7598559729586819,
            0.7598559729586819,
            0.7598559729586819
        ],
        "distance": -1.0942089871857243,
        "xpert": [
            [
                424.0,
                304.6
            ],
            [
                418.2,
                303.8
            ],
            [
                416.8,
                298.0
            ],
            [
                418.8,
                292.8
            ],
            [
                424.0,
                287.0
            ],
            [
                429.8,
                292.2
            ],
            [
                431.4,
                298.0
            ],
            [
                428.8,
                302.8
            ]
        ],
        "stack": 0,
        "shift": [
            [
                0.0,
                0.0
            ],
            [
                0.0,
                0.0
            ],
            [
                0.0,
                0.0
            ],
            [
                0.0,
                0.0
            ],
            [
                0.0,
                0.0
            ],
            [
                0.0,
                0.0
            ],
            [
                0.0,
                0.0
            ],
            [
                0.0,
                0.0
            ],
            [
                0.0,
                0.0
            ]
        ],
        "channel": 0
    }
]