[
    {
        "type": "Stim",
        "location": [
            16,
            114
        ],
        "radloc": [
            0,
            0
        ],
        "mean": [
            55.26315789473684,
            61.30263157894737,
            58.07236842105263,
            71.33552631578948,
            117.19736842105263,
            95.36842105263158,
            100.07894736842105,
            86.86842105263158
        ],
        "min": [
            8,
            10,
            8,
            10,
            19,
            20,
            16,
            12
        ],
        "max": [
            141,
            154,
            128,
            183,
            230,
            192,
            208,
            176
        ],
        "RawIntDen": [
            8400,
            9318,
            8827,
            10843,
            17814,
            14496,
            15212,
            13204
        ],
        "IntDen": [
            5543.909178706507,
            6149.779253236575,
            5825.7245619574205,
            7156.2627648469825,
            11757.047393985442,
            9567.203268396372,
            10039.755526962308,
            8714.497237576275
        ],
        "FlagUp": 0,
        "Times": [],
        "width": 0,
        "height": 0,
        "area": [
            0.6599891879412508,
            0.6599891879412508,
            0.6599891879412508,
            0.6599891879412508,
            0.6599891879412508,
            0.6599891879412508,
            0.6599891879412508,
            0.6599891879412508
        ],
        "distance": 0,
        "xpert": [
            [
                16.0,
                121.8
            ],
            [
                9.0,
                121.0
            ],
            [
                7.2,
                114.0
            ],
            [
                12.0,
                110.0
            ],
            [
                16.0,
                108.8
            ],
            [
                19.8,
                110.2
            ],
            [
                23.0,
                114.0
            ],
            [
                21.6,
                119.6
            ]
        ],
        "stack": 0,
        "shift": [
            [
                0.0,
                0.0
            ],
            [
                0.0,
                0.0
            ],
            [
                0.0,
                0.0
            ],
            [
                0.0,
                0.0
            ],
            [
                0.0,
                0.0
            ],
            [
                0.0,
                0.0
            ],
            [
                0.0,
                0.0
            ],
            [
                0.0,
                0.0
            ],
            [
                0.0,
                0.0
            ]
        ],
        "channel": 0
    },
    {
        "type": "Spine",
        "location": [
            23,
            134
        ],
        "radloc": [
            0,
            0
        ],
        "mean": [
            89.43165467625899,
            111.80575539568345,
            86.73381294964028,
            162.7841726618705,
            108.12949640287769,
            133.31654676258992,
            148.36690647482015,
            153.76258992805757
        ],
        "min": [
            13,
            18,
            16,
            57,
            18,
            30,
            38,
            26
        ],
        "max": [
            182,
            216,
            181,
            255,
            196,
            242,
            253,
            250
        ],
        "RawIntDen": [
            12431,
            15541,
            12056,
            22627,
            15030,
            18531,
            20623,
            21373
        ],
        "IntDen": [
            7502.639853594597,
            9379.657788167777,
            7276.311324506191,
            13656.361673822295,
            9071.24744586331,
            11184.250593432667,
            12446.862014373854,
            12899.519072550665
        ],
        "FlagUp": 0,
        "Times": [],
        "width": 0,
        "height": 0,
        "area": [
            0.603542744235749,
            0.603542744235749,
            0.603542744235749,
            0.603542744235749,
            0.603542744235749,
            0.603542744235749,
            0.603542744235749,
            0.603542744235749
        ],
        "distance": -0.46123000000000003,
        "xpert": [
            [
                23.0,
                140.0
            ],
            [
                17.4,
                139.6
            ],
            [
                14.0,
                134.0
            ],
            [
                18.8,
                129.8
            ],
            [
                23.0,
                128.6
            ],
            [
                28.2,
                128.8
            ],
            [
                30.8,
                134.0
            ],
            [
                28.0,
                139.0
            ]
        ],
        "stack": 0,
        "shift": [
            [
                0.0,
                0.0
            ],
            [
                0.0,
                0.0
            ],
            [
                0.0,
                0.0
            ],
            [
                0.0,
                0.0
            ],
            [
                0.0,
                0.0
            ],
            [
                0.0,
                0.0
            ],
            [
                0.0,
                0.0
            ],
            [
                0.0,
                0.0
            ],
            [
                0.0,
                0.0
            ]
        ],
        "channel": 0
    },
    {
        "type": "Stim",
        "location": [
            47,
            143
        ],
        "radloc": [
            0,
            0
        ],
        "mean": [
            79.83333333333333,
            91.58823529411765,
            72.30882352941177,
            149.5392156862745,
            96.96078431372548,
            117.19607843137256,
            136.13725490196077,
            119.19117647058823
        ],
        "min": [
            13,
            12,
            10,
            25,
            20,
            22,
            38,
            24
        ],
        "max": [
            230,
            235,
            200,
            255,
            220,
            241,
            249,
            255
        ],
        "RawIntDen": [
            16286,
            18684,
            14751,
            30506,
            19780,
            23908,
            27772,
            24315
        ],
        "IntDen": [
            14425.731043562415,
            16549.819404268706,
            13066.066475720814,
            27021.45101405594,
            17520.628763457236,
            21177.107809743964,
            24599.74226586119,
            21537.61821958861
        ],
        "FlagUp": 0,
        "Times": [],
        "width": 0,
        "height": 0,
        "area": [
            0.8857749627632576,
            0.8857749627632576,
            0.8857749627632576,
            0.8857749627632576,
            0.8857749627632576,
            0.8857749627632576,
            0.8857749627632576,
            0.8857749627632576
        ],
        "distance": 0,
        "xpert": [
            [
                47.0,
                153.4
            ],
            [
                41.0,
                149.0
            ],
            [
                39.0,
                143.0
            ],
            [
                42.4,
                138.4
            ],
            [
                47.0,
                135.2
            ],
            [
                54.2,
                135.8
            ],
            [
                54.2,
                143.0
            ],
            [
                53.2,
                149.2
            ]
        ],
        "stack": 0,
        "shift": [
            [
                0.0,
                0.0
            ],
            [
                0.0,
                0.0
            ],
            [
                0.0,
                0.0
            ],
            [
                0.0,
                0.0
            ],
            [
                0.0,
                0.0
            ],
            [
                0.0,
                0.0
            ],
            [
                0.0,
                0.0
            ],
            [
                0.0,
                0.0
            ],
            [
                0.0,
                0.0
            ]
        ],
        "channel": 0
    },
    {
        "type": "Spine",
        "location": [
            66,
            140
        ],
        "radloc": [
            0,
            0
        ],
        "mean": [
            62.540880503144656,
            74.52830188679245,
            103.9245283018868,
            132.38993710691824,
            132.125786163522,
            159.30188679245282,
            109.83018867924528,
            96.35849056603773
        ],
        "min": [
            10,
            10,
            26,
            21,
            27,
            54,
            22,
            13
        ],
        "max": [
            170,
            193,
            210,
            229,
            241,
            255,
            207,
            216
        ],
        "RawIntDen": [
            9944,
            11850,
            16524,
            21050,
            21008,
            25329,
            17463,
            15321
        ],
        "IntDen": [
            6865.1727966918415,
            8181.043608286235,
            11407.895745427995,
            14532.571135394535,
            14503.575031466433,
            17486.721818926755,
            12056.165783249158,
            10577.364482915898
        ],
        "FlagUp": 0,
        "Times": [],
        "width": 0,
        "height": 0,
        "area": [
            0.6903834268595979,
            0.6903834268595979,
            0.6903834268595979,
            0.6903834268595979,
            0.6903834268595979,
            0.6903834268595979,
            0.6903834268595979,
            0.6903834268595979
        ],
        "distance": -1.25191,
        "xpert": [
            [
                66.0,
                147.8
            ],
            [
                60.4,
                145.6
            ],
            [
                59.6,
                140.0
            ],
            [
                60.2,
                134.2
            ],
            [
                66.0,
                133.2
            ],
            [
                72.0,
                134.0
            ],
            [
                73.0,
                140.0
            ],
            [
                71.4,
                145.4
            ]
        ],
        "stack": 0,
        "shift": [
            [
                0.0,
                0.0
            ],
            [
                0.0,
                0.0
            ],
            [
                0.0,
                0.0
            ],
            [
                0.0,
                0.0
            ],
            [
                0.0,
                0.0
            ],
            [
                0.0,
                0.0
            ],
            [
                0.0,
                0.0
            ],
            [
                0.0,
                0.0
            ],
            [
                0.0,
                0.0
            ]
        ],
        "channel": 0
    },
    {
        "type": "Spine",
        "location": [
            60,
            152
        ],
        "radloc": [
            0,
            0
        ],
        "mean": [
            77.13571428571429,
            78.69285714285714,
            74.43571428571428,
            35.40714285714286,
            84.15,
            27.021428571428572,
            73.69285714285714,
            110.60714285714286
        ],
        "min": [
            24,
            16,
            11,
            7,
            18,
            6,
            11,
            30
        ],
        "max": [
            174,
            169,
            169,
            159,
            199,
            150,
            179,
            245
        ],
        "RawIntDen": [
            10799,
            11017,
            10421,
            4957,
            11781,
            3783,
            10317,
            15485
        ],
        "IntDen": [
            6564.547721584601,
            6697.066603268595,
            6334.767275361898,
            3013.2848463649293,
            7161.490573940938,
            2299.62811656214,
            6271.547258411736,
            9413.09579301209
        ],
        "FlagUp": 0,
        "Times": [],
        "width": 0,
        "height": 0,
        "area": [
            0.6078847783669415,
            0.6078847783669415,
            0.6078847783669415,
            0.6078847783669415,
            0.6078847783669415,
            0.6078847783669415,
            0.6078847783669415,
            0.6078847783669415
        ],
        "distance": -0.85657,
        "xpert": [
            [
                60.0,
                158.6
            ],
            [
                55.4,
                156.6
            ],
            [
                51.8,
                152.0
            ],
            [
                54.2,
                146.2
            ],
            [
                60.0,
                144.6
            ],
            [
                65.6,
                146.4
            ],
            [
                65.8,
                152.0
            ],
            [
                64.0,
                156.0
            ]
        ],
        "stack": 0,
        "shift": [
            [
                0.0,
                0.0
            ],
            [
                0.0,
                0.0
            ],
            [
                0.0,
                0.0
            ],
            [
                0.0,
                0.0
            ],
            [
                0.0,
                0.0
            ],
            [
                0.0,
                0.0
            ],
            [
                0.0,
                0.0
            ],
            [
                0.0,
                0.0
            ],
            [
                0.0,
                0.0
            ]
        ],
        "channel": 0
    },
    {
        "type": "Stim",
        "location": [
            91,
            136
        ],
        "radloc": [
            0,
            0
        ],
        "mean": [
            75.92682926829268,
            63.27642276422764,
            48.40650406504065,
            81.48780487804878,
            78.89430894308943,
            86.11382113821138,
            72.47154471544715,
            90.65040650406505
        ],
        "min": [
            9,
            9,
            9,
            15,
            17,
            11,
            15,
            33
        ],
        "max": [
            206,
            137,
            109,
            150,
            152,
            202,
            148,
            182
        ],
        "RawIntDen": [
            9339,
            7783,
            5954,
            10023,
            9704,
            10592,
            8914,
            11150
        ],
        "IntDen": [
            4987.681580398362,
            4156.668352097703,
            3179.8539597057334,
            5352.985595923844,
            5182.6172027182465,
            5656.8715386636095,
            4760.701746190277,
            5954.882709223872
        ],
        "FlagUp": 0,
        "Times": [],
        "width": 0,
        "height": 0,
        "area": [
            0.5340701981366701,
            0.5340701981366701,
            0.5340701981366701,
            0.5340701981366701,
            0.5340701981366701,
            0.5340701981366701,
            0.5340701981366701,
            0.5340701981366701
        ],
        "distance": 0,
        "xpert": [
            [
                91.0,
                141.8
            ],
            [
                86.4,
                140.6
            ],
            [
                85.2,
                136.0
            ],
            [
                85.6,
                130.6
            ],
            [
                91.0,
                130.2
            ],
            [
                95.0,
                132.0
            ],
            [
                99.0,
                136.0
            ],
            [
                96.6,
                141.6
            ]
        ],
        "stack": 0,
        "shift": [
            [
                0.0,
                0.0
            ],
            [
                0.0,
                0.0
            ],
            [
                0.0,
                0.0
            ],
            [
                0.0,
                0.0
            ],
            [
                0.0,
                0.0
            ],
            [
                0.0,
                0.0
            ],
            [
                0.0,
                0.0
            ],
            [
                0.0,
                0.0
            ],
            [
                0.0,
                0.0
            ]
        ],
        "channel": 0
    },
    {
        "type": "Spine",
        "location": [
            98,
            129
        ],
        "radloc": [
            0,
            0
        ],
        "mean": [
            77.7810650887574,
            93.11834319526628,
            119.05917159763314,
            130.66863905325442,
            148.79881656804733,
            120.92899408284023,
            135.44970414201183,
            153.5976331360947
        ],
        "min": [
            11,
            12,
            8,
            20,
            45,
            14,
            22,
            28
        ],
        "max": [
            190,
            210,
            251,
            252,
            255,
            255,
            255,
            255
        ],
        "RawIntDen": [
            13145,
            15737,
            20121,
            22083,
            25147,
            20437,
            22891,
            25958
        ],
        "IntDen": [
            9645.85053261466,
            11547.869899715246,
            14764.8656193792,
            16204.588612531727,
            18452.963358209272,
            14996.747610121402,
            16797.502057214315,
            19048.078214196375
        ],
        "FlagUp": 0,
        "Times": [],
        "width": 0,
        "height": 0,
        "area": [
            0.7338037681715223,
            0.7338037681715223,
            0.7338037681715223,
            0.7338037681715223,
            0.7338037681715223,
            0.7338037681715223,
            0.7338037681715223,
            0.7338037681715223
        ],
        "distance": -0.26356,
        "xpert": [
            [
                98.0,
                137.0
            ],
            [
                94.0,
                133.0
            ],
            [
                90.0,
                129.0
            ],
            [
                89.8,
                120.8
            ],
            [
                98.0,
                117.2
            ],
            [
                102.0,
                125.0
            ],
            [
                102.6,
                129.0
            ],
            [
                101.4,
                132.4
            ]
        ],
        "stack": 0,
        "shift": [
            [
                0.0,
                0.0
            ],
            [
                0.0,
                0.0
            ],
            [
                0.0,
                0.0
            ],
            [
                0.0,
                0.0
            ],
            [
                0.0,
                0.0
            ],
            [
                0.0,
                0.0
            ],
            [
                0.0,
                0.0
            ],
            [
                0.0,
                0.0
            ],
            [
                0.0,
                0.0
            ]
        ],
        "channel": 0
    },
    {
        "type": "Stim",
        "location": [
            130,
            125
        ],
        "radloc": [
            0,
            0
        ],
        "mean": [
            39.67460317460318,
            45.492063492063494,
            44.94444444444444,
            30.61111111111111,
            48.111111111111114,
            77.07142857142857,
            102.3015873015873,
            87.04761904761905
        ],
        "min": [
            7,
            6,
            7,
            6,
            10,
            20,
            41,
            26
        ],
        "max": [
            124,
            125,
            115,
            108,
            109,
            166,
            220,
            170
        ],
        "RawIntDen": [
            4999,
            5732,
            5663,
            3857,
            6062,
            9711,
            12890,
            10968
        ],
        "IntDen": [
            2734.9344063507065,
            3135.955994639378,
            3098.206349902791,
            2110.150431145164,
            3316.49777381436,
            5312.852174449233,
            7052.071313834888,
            6000.552224215753
        ],
        "FlagUp": 0,
        "Times": [],
        "width": 0,
        "height": 0,
        "area": [
            0.5470963005302474,
            0.5470963005302474,
            0.5470963005302474,
            0.5470963005302474,
            0.5470963005302474,
            0.5470963005302474,
            0.5470963005302474,
            0.5470963005302474
        ],
        "distance": 0,
        "xpert": [
            [
                130.0,
                130.8
            ],
            [
                124.0,
                131.0
            ],
            [
                123.4,
                125.0
            ],
            [
                123.8,
                118.8
            ],
            [
                130.0,
                120.0
            ],
            [
                133.8,
                121.2
            ],
            [
                137.6,
                125.0
            ],
            [
                134.6,
                129.6
            ]
        ],
        "stack": 0,
        "shift": [
            [
                0.0,
                0.0
            ],
            [
                0.0,
                0.0
            ],
            [
                0.0,
                0.0
            ],
            [
                0.0,
                0.0
            ],
            [
                0.0,
                0.0
            ],
            [
                0.0,
                0.0
            ],
            [
                0.0,
                0.0
            ],
            [
                0.0,
                0.0
            ],
            [
                0.0,
                0.0
            ]
        ],
        "channel": 0
    },
    {
        "type": "Stim",
        "location": [
            120,
            96
        ],
        "radloc": [
            0,
            0
        ],
        "mean": [
            72.6652719665272,
            57.58158995815899,
            56.58577405857741,
            144.46443514644352,
            63.34309623430963,
            81.8702928870293,
            89.4142259414226,
            99.67364016736401
        ],
        "min": [
            12,
            12,
            13,
            28,
            7,
            9,
            12,
            12
        ],
        "max": [
            195,
            165,
            154,
            255,
            188,
            236,
            207,
            246
        ],
        "RawIntDen": [
            17367,
            13762,
            13524,
            34527,
            15139,
            19567,
            21370,
            23822
        ],
        "IntDen": [
            18022.537514784166,
            14281.462617519415,
            14034.479032068926,
            35830.26157499584,
            15710.439076197239,
            20305.57906096515,
            22176.635382676202,
            24721.188960510644
        ],
        "FlagUp": 0,
        "Times": [],
        "width": 0,
        "height": 0,
        "area": [
            1.037746157354993,
            1.037746157354993,
            1.037746157354993,
            1.037746157354993,
            1.037746157354993,
            1.037746157354993,
            1.037746157354993,
            1.037746157354993
        ],
        "distance": 0,
        "xpert": [
            [
                120.0,
                104.8
            ],
            [
                113.4,
                102.6
            ],
            [
                110.8,
                96.0
            ],
            [
                114.0,
                90.0
            ],
            [
                120.0,
                86.0
            ],
            [
                126.0,
                90.0
            ],
            [
                127.6,
                96.0
            ],
            [
                129.0,
                105.0
            ]
        ],
        "stack": 0,
        "shift": [
            [
                0.0,
                0.0
            ],
            [
                0.0,
                0.0
            ],
            [
                0.0,
                0.0
            ],
            [
                0.0,
                0.0
            ],
            [
                0.0,
                0.0
            ],
            [
                0.0,
                0.0
            ],
            [
                0.0,
                0.0
            ],
            [
                0.0,
                0.0
            ],
            [
                0.0,
                0.0
            ]
        ],
        "channel": 0
    },
    {
        "type": "Spine",
        "location": [
            133,
            92
        ],
        "radloc": [
            0,
            0
        ],
        "mean": [
            35.60283687943262,
            30.418439716312058,
            27.425531914893618,
            25.425531914893618,
            19.21276595744681,
            53.219858156028366,
            50.241134751773046,
            64.16312056737588
        ],
        "min": [
            13,
            10,
            9,
            7,
            5,
            8,
            6,
            9
        ],
        "max": [
            88,
            78,
            77,
            91,
            77,
            125,
            116,
            147
        ],
        "RawIntDen": [
            5020,
            4289,
            3867,
            3585,
            2709,
            7504,
            7084,
            9047
        ],
        "IntDen": [
            3073.3785987406327,
            2625.8407988044964,
            2367.481083930284,
            2194.8331228058105,
            1658.522435057445,
            4594.150000985997,
            4337.014739736781,
            5538.815972670618
        ],
        "FlagUp": 0,
        "Times": [],
        "width": 0,
        "height": 0,
        "area": [
            0.6122268124981339,
            0.6122268124981339,
            0.6122268124981339,
            0.6122268124981339,
            0.6122268124981339,
            0.6122268124981339,
            0.6122268124981339,
            0.6122268124981339
        ],
        "distance": -0.19767,
        "xpert": [
            [
                133.0,
                102.0
            ],
            [
                127.0,
                98.0
            ],
            [
                125.4,
                92.0
            ],
            [
                128.4,
                87.4
            ],
            [
                133.0,
                83.8
            ],
            [
                136.2,
                88.8
            ],
            [
                137.2,
                92.0
            ],
            [
                137.6,
                96.6
            ]
        ],
        "stack": 0,
        "shift": [
            [
                0.0,
                0.0
            ],
            [
                0.0,
                0.0
            ],
            [
                0.0,
                0.0
            ],
            [
                0.0,
                0.0
            ],
            [
                0.0,
                0.0
            ],
            [
                0.0,
                0.0
            ],
            [
                0.0,
                0.0
            ],
            [
                0.0,
                0.0
            ],
            [
                0.0,
                0.0
            ]
        ],
        "channel": 0
    },
    {
        "type": "Spine",
        "location": [
            157,
            131
        ],
        "radloc": [
            0,
            0
        ],
        "mean": [
            35.290780141843975,
            32.297872340425535,
            45.53191489361702,
            36.801418439716315,
            43.86524822695036,
            38.0354609929078,
            52.858156028368796,
            48.184397163120565
        ],
        "min": [
            6,
            8,
            11,
            8,
            11,
            9,
            14,
            13
        ],
        "max": [
            90,
            78,
            101,
            94,
            108,
            138,
            136,
            96
        ],
        "RawIntDen": [
            4976,
            4554,
            6420,
            5189,
            6185,
            5363,
            7453,
            6794
        ],
        "IntDen": [
            3046.4406189907145,
            2788.080904116502,
            3930.49613623802,
            3176.8449300528173,
            3786.6228353009587,
            3283.3723954274924,
            4562.926433548592,
            4159.468964112322
        ],
        "FlagUp": 0,
        "Times": [],
        "width": 0,
        "height": 0,
        "area": [
            0.6122268124981339,
            0.6122268124981339,
            0.6122268124981339,
            0.6122268124981339,
            0.6122268124981339,
            0.6122268124981339,
            0.6122268124981339,
            0.6122268124981339
        ],
        "distance": -0.52712,
        "xpert": [
            [
                157.0,
                136.8
            ],
            [
                151.6,
                136.4
            ],
            [
                149.8,
                131.0
            ],
            [
                152.6,
                126.6
            ],
            [
                157.0,
                122.4
            ],
            [
                165.0,
                123.0
            ],
            [
                161.8,
                131.0
            ],
            [
                160.4,
                134.4
            ]
        ],
        "stack": 0,
        "shift": [
            [
                0.0,
                0.0
            ],
            [
                0.0,
                0.0
            ],
            [
                0.0,
                0.0
            ],
            [
                0.0,
                0.0
            ],
            [
                0.0,
                0.0
            ],
            [
                0.0,
                0.0
            ],
            [
                0.0,
                0.0
            ],
            [
                0.0,
                0.0
            ],
            [
                0.0,
                0.0
            ]
        ],
        "channel": 0
    },
    {
        "type": "Stim",
        "location": [
            165,
            104
        ],
        "radloc": [
            0,
            0
        ],
        "mean": [
            45.20161290322581,
            38.145161290322584,
            33.37903225806452,
            90.0241935483871,
            75.58064516129032,
            46.57258064516129,
            102.73387096774194,
            110.01612903225806
        ],
        "min": [
            11,
            10,
            7,
            28,
            13,
            7,
            26,
            28
        ],
        "max": [
            100,
            87,
            102,
            183,
            203,
            191,
            230,
            192
        ],
        "RawIntDen": [
            5605,
            4730,
            4139,
            11163,
            9372,
            5775,
            12739,
            13642
        ],
        "IntDen": [
            3017.8005618613693,
            2546.6898586269895,
            2228.488229356683,
            6010.295748806149,
            5045.9994408144075,
            3109.330641346906,
            6858.8334268603,
            7345.0196725981805
        ],
        "FlagUp": 0,
        "Times": [],
        "width": 0,
        "height": 0,
        "area": [
            0.5384122322678625,
            0.5384122322678625,
            0.5384122322678625,
            0.5384122322678625,
            0.5384122322678625,
            0.5384122322678625,
            0.5384122322678625,
            0.5384122322678625
        ],
        "distance": 0,
        "xpert": [
            [
                165.0,
                109.6
            ],
            [
                159.2,
                109.8
            ],
            [
                158.8,
                104.0
            ],
            [
                159.2,
                98.2
            ],
            [
                165.0,
                97.0
            ],
            [
                168.6,
                100.4
            ],
            [
                171.0,
                104.0
            ],
            [
                170.8,
                109.8
            ]
        ],
        "stack": 0,
        "shift": [
            [
                0.0,
                0.0
            ],
            [
                0.0,
                0.0
            ],
            [
                0.0,
                0.0
            ],
            [
                0.0,
                0.0
            ],
            [
                0.0,
                0.0
            ],
            [
                0.0,
                0.0
            ],
            [
                0.0,
                0.0
            ],
            [
                0.0,
                0.0
            ],
            [
                0.0,
                0.0
            ]
        ],
        "channel": 0
    },
    {
        "type": "Spine",
        "location": [
            185,
            108
        ],
        "radloc": [
            0,
            0
        ],
        "mean": [
            33.57657657657658,
            46.792792792792795,
            33.891891891891895,
            23.27027027027027,
            67.30630630630631,
            65.08108108108108,
            80.25225225225225,
            98.10810810810811
        ],
        "min": [
            8,
            12,
            6,
            6,
            10,
            15,
            20,
            18
        ],
        "max": [
            104,
            116,
            97,
            105,
            144,
            126,
            168,
            195
        ],
        "RawIntDen": [
            3727,
            5194,
            3762,
            2583,
            7471,
            7224,
            8908,
            10890
        ],
        "IntDen": [
            1796.2864939719186,
            2503.330305792902,
            1813.1552965716012,
            1244.9176318565778,
            3600.7664063493976,
            3481.7208565744945,
            4293.35124451351,
            5248.607437444109
        ],
        "FlagUp": 0,
        "Times": [],
        "width": 0,
        "height": 0,
        "area": [
            0.4819657885623608,
            0.4819657885623608,
            0.4819657885623608,
            0.4819657885623608,
            0.4819657885623608,
            0.4819657885623608,
            0.4819657885623608,
            0.4819657885623608
        ],
        "distance": -0.8838625316247634,
        "xpert": [
            [
                185.0,
                114.6
            ],
            [
                181.0,
                112.0
            ],
            [
                179.0,
                108.0
            ],
            [
                181.0,
                104.0
            ],
            [
                185.0,
                101.0
            ],
            [
                189.2,
                103.8
            ],
            [
                191.4,
                108.0
            ],
            [
                190.0,
                113.0
            ]
        ],
        "stack": 0,
        "shift": [
            [
                0.0,
                0.0
            ],
            [
                0.0,
                0.0
            ],
            [
                0.0,
                0.0
            ],
            [
                0.0,
                0.0
            ],
            [
                0.0,
                0.0
            ],
            [
                0.0,
                0.0
            ],
            [
                0.0,
                0.0
            ],
            [
                0.0,
                0.0
            ],
            [
                0.0,
                0.0
            ]
        ],
        "channel": 0
    },
    {
        "type": "Spine",
        "location": [
            214,
            150
        ],
        "radloc": [
            0,
            0
        ],
        "mean": [
            77.12435233160622,
            94.31088082901555,
            109.64766839378238,
            176.37305699481865,
            128.67875647668393,
            124.56994818652849,
            144.81865284974094,
            130.76683937823833
        ],
        "min": [
            9,
            9,
            17,
            40,
            19,
            23,
            24,
            20
        ],
        "max": [
            217,
            241,
            248,
            255,
            247,
            255,
            255,
            255
        ],
        "RawIntDen": [
            14885,
            18202,
            21162,
            34040,
            24835,
            24042,
            27950,
            25238
        ],
        "IntDen": [
            12473.817362260297,
            15253.505114401203,
            17734.02237286882,
            28525.948472377593,
            20812.042606095696,
            20147.498624350825,
            23422.451815597935,
            21149.761678785715
        ],
        "FlagUp": 0,
        "Times": [],
        "width": 0,
        "height": 0,
        "area": [
            0.8380125873201408,
            0.8380125873201408,
            0.8380125873201408,
            0.8380125873201408,
            0.8380125873201408,
            0.8380125873201408,
            0.8380125873201408,
            0.8380125873201408
        ],
        "distance": -3.15370745087342,
        "xpert": [
            [
                214.0,
                157.6
            ],
            [
                208.4,
                155.6
            ],
            [
                205.8,
                150.0
            ],
            [
                207.6,
                143.6
            ],
            [
                214.0,
                143.0
            ],
            [
                220.4,
                143.6
            ],
            [
                223.4,
                150.0
            ],
            [
                220.0,
                156.0
            ]
        ],
        "stack": 0,
        "shift": [
            [
                0.0,
                0.0
            ],
            [
                0.0,
                0.0
            ],
            [
                0.0,
                0.0
            ],
            [
                0.0,
                0.0
            ],
            [
                0.0,
                0.0
            ],
            [
                0.0,
                0.0
            ],
            [
                0.0,
                0.0
            ],
            [
                0.0,
                0.0
            ],
            [
                0.0,
                0.0
            ]
        ],
        "channel": 0
    },
    {
        "type": "Stim",
        "location": [
            256,
            173
        ],
        "radloc": [
            0,
            0
        ],
        "mean": [
            78.54591836734694,
            92.61734693877551,
            101.38775510204081,
            86.90816326530613,
            98.12755102040816,
            91.68367346938776,
            141.6122448979592,
            160.12244897959184
        ],
        "min": [
            11,
            15,
            8,
            10,
            11,
            12,
            42,
            54
        ],
        "max": [
            183,
            205,
            219,
            236,
            205,
            207,
            232,
            248
        ],
        "RawIntDen": [
            15395,
            18153,
            19872,
            17034,
            19233,
            17970,
            27756,
            31384
        ],
        "IntDen": [
            13101.74062814269,
            15448.905334373125,
            16911.84084199101,
            14496.593040583475,
            16368.027119263941,
            15293.165254155516,
            23621.42987169396,
            26708.99823797533
        ],
        "FlagUp": 0,
        "Times": [],
        "width": 0,
        "height": 0,
        "area": [
            0.8510386897137181,
            0.8510386897137181,
            0.8510386897137181,
            0.8510386897137181,
            0.8510386897137181,
            0.8510386897137181,
            0.8510386897137181,
            0.8510386897137181
        ],
        "distance": 0,
        "xpert": [
            [
                256.0,
                183.2
            ],
            [
                249.6,
                179.4
            ],
            [
                246.6,
                173.0
            ],
            [
                249.0,
                166.0
            ],
            [
                256.0,
                167.0
            ],
            [
                261.0,
                168.0
            ],
            [
                263.2,
                173.0
            ],
            [
                261.4,
                178.4
            ]
        ],
        "stack": 0,
        "shift": [
            [
                0.0,
                0.0
            ],
            [
                0.0,
                0.0
            ],
            [
                0.0,
                0.0
            ],
            [
                0.0,
                0.0
            ],
            [
                0.0,
                0.0
            ],
            [
                0.0,
                0.0
            ],
            [
                0.0,
                0.0
            ],
            [
                0.0,
                0.0
            ],
            [
                0.0,
                0.0
            ]
        ],
        "channel": 0
    },
    {
        "type": "Stim",
        "location": [
            261,
            138
        ],
        "radloc": [
            0,
            0
        ],
        "mean": [
            49.95625,
            52.1375,
            50.5875,
            59.15625,
            86.95,
            95.59375,
            196.55625,
            210.0875
        ],
        "min": [
            7,
            8,
            7,
            8,
            10,
            10,
            38,
            78
        ],
        "max": [
            182,
            209,
            202,
            196,
            238,
            246,
            255,
            255
        ],
        "RawIntDen": [
            7993,
            8342,
            8094,
            9465,
            13912,
            15295,
            31449,
            33614
        ],
        "IntDen": [
            5552.940609699387,
            5795.399795585173,
            5623.107881259457,
            6575.57648827783,
            9665.020613303876,
            10625.825925854138,
            21848.421022699364,
            23352.501645744425
        ],
        "FlagUp": 0,
        "Times": [],
        "width": 0,
        "height": 0,
        "area": [
            0.6947254609907904,
            0.6947254609907904,
            0.6947254609907904,
            0.6947254609907904,
            0.6947254609907904,
            0.6947254609907904,
            0.6947254609907904,
            0.6947254609907904
        ],
        "distance": 0,
        "xpert": [
            [
                261.0,
                142.8
            ],
            [
                256.2,
                142.8
            ],
            [
                252.2,
                138.0
            ],
            [
                254.6,
                131.6
            ],
            [
                261.0,
                130.4
            ],
            [
                266.4,
                132.6
            ],
            [
                270.0,
                138.0
            ],
            [
                265.8,
                142.8
            ]
        ],
        "stack": 0,
        "shift": [
            [
                0.0,
                0.0
            ],
            [
                0.0,
                0.0
            ],
            [
                0.0,
                0.0
            ],
            [
                0.0,
                0.0
            ],
            [
                0.0,
                0.0
            ],
            [
                0.0,
                0.0
            ],
            [
                0.0,
                0.0
            ],
            [
                0.0,
                0.0
            ],
            [
                0.0,
                0.0
            ]
        ],
        "channel": 0
    },
    {
        "type": "Stim",
        "location": [
            297,
            149
        ],
        "radloc": [
            0,
            0
        ],
        "mean": [
            106.37142857142857,
            110.07857142857142,
            81.8,
            67.80714285714286,
            99.85,
            168.9857142857143,
            142.65714285714284,
            121.32142857142857
        ],
        "min": [
            12,
            15,
            11,
            11,
            14,
            36,
            24,
            16
        ],
        "max": [
            243,
            255,
            245,
            235,
            255,
            255,
            255,
            255
        ],
        "RawIntDen": [
            14892,
            15411,
            11452,
            9493,
            13979,
            23658,
            19972,
            16985
        ],
        "IntDen": [
            9052.620119440493,
            9368.112319412936,
            6961.496481858215,
            5770.650201037376,
            8497.621316791476,
            14381.338086605103,
            12140.674793544556,
            10324.922960562502
        ],
        "FlagUp": 0,
        "Times": [],
        "width": 0,
        "height": 0,
        "area": [
            0.6078847783669415,
            0.6078847783669415,
            0.6078847783669415,
            0.6078847783669415,
            0.6078847783669415,
            0.6078847783669415,
            0.6078847783669415,
            0.6078847783669415
        ],
        "distance": 0,
        "xpert": [
            [
                297.0,
                153.2
            ],
            [
                292.8,
                153.2
            ],
            [
                289.2,
                149.0
            ],
            [
                291.0,
                143.0
            ],
            [
                297.0,
                141.6
            ],
            [
                302.4,
                143.6
            ],
            [
                304.8,
                149.0
            ],
            [
                301.2,
                153.2
            ]
        ],
        "stack": 0,
        "shift": [
            [
                0.0,
                0.0
            ],
            [
                0.0,
                0.0
            ],
            [
                0.0,
                0.0
            ],
            [
                0.0,
                0.0
            ],
            [
                0.0,
                0.0
            ],
            [
                0.0,
                0.0
            ],
            [
                0.0,
                0.0
            ],
            [
                0.0,
                0.0
            ],
            [
                0.0,
                0.0
            ]
        ],
        "channel": 0
    },
    {
        "type": "Spine",
        "location": [
            303,
            177
        ],
        "radloc": [
            0,
            0
        ],
        "mean": [
            77.87179487179488,
            58.23076923076923,
            48.16025641025641,
            34.21153846153846,
            36.48076923076923,
            65.91666666666667,
            66.58333333333333,
            53.58974358974359
        ],
        "min": [
            15,
            12,
            13,
            9,
            8,
            10,
            12,
            7
        ],
        "max": [
            168,
            151,
            118,
            108,
            137,
            192,
            159,
            151
        ],
        "RawIntDen": [
            12148,
            9084,
            7513,
            5337,
            5691,
            10283,
            10387,
            8360
        ],
        "IntDen": [
            8228.536777613217,
            6153.113935449331,
            5088.985578713213,
            3615.056040675152,
            3854.840533536123,
            6965.265367484089,
            7035.710529228556,
            5662.707232535932
        ],
        "FlagUp": 0,
        "Times": [],
        "width": 0,
        "height": 0,
        "area": [
            0.6773573244660206,
            0.6773573244660206,
            0.6773573244660206,
            0.6773573244660206,
            0.6773573244660206,
            0.6773573244660206,
            0.6773573244660206,
            0.6773573244660206
        ],
        "distance": -0.920686374001903,
        "xpert": [
            [
                303.0,
                183.6
            ],
            [
                298.4,
                181.6
            ],
            [
                296.0,
                177.0
            ],
            [
                298.0,
                172.0
            ],
            [
                303.0,
                167.4
            ],
            [
                309.8,
                170.2
            ],
            [
                309.6,
                177.0
            ],
            [
                307.8,
                181.8
            ]
        ],
        "stack": 0,
        "shift": [
            [
                0.0,
                0.0
            ],
            [
                0.0,
                0.0
            ],
            [
                0.0,
                0.0
            ],
            [
                0.0,
                0.0
            ],
            [
                0.0,
                0.0
            ],
            [
                0.0,
                0.0
            ],
            [
                0.0,
                0.0
            ],
            [
                0.0,
                0.0
            ],
            [
                0.0,
                0.0
            ]
        ],
        "channel": 0
    },
    {
        "type": "Spine",
        "location": [
            293,
            170
        ],
        "radloc": [
            0,
            0
        ],
        "mean": [
            49.067669172932334,
            45.255639097744364,
            50.62406015037594,
            51.78947368421053,
            51.78195488721804,
            79.51127819548873,
            61.774436090225564,
            50.27067669172932
        ],
        "min": [
            9,
            11,
            9,
            12,
            9,
            19,
            15,
            16
        ],
        "max": [
            159,
            119,
            160,
            176,
            149,
            158,
            118,
            99
        ],
        "RawIntDen": [
            6526,
            6019,
            6733,
            6888,
            6887,
            10575,
            8216,
            6686
        ],
        "IntDen": [
            3768.7032604415276,
            3475.91555694109,
            3888.2438021073863,
            3977.7548357219184,
            3977.17734518247,
            6106.9624546688865,
            4744.662272109652,
            3861.1017467533025
        ],
        "FlagUp": 0,
        "Times": [],
        "width": 0,
        "height": 0,
        "area": [
            0.5774905394485944,
            0.5774905394485944,
            0.5774905394485944,
            0.5774905394485944,
            0.5774905394485944,
            0.5774905394485944,
            0.5774905394485944,
            0.5774905394485944
        ],
        "distance": -0.26356,
        "xpert": [
            [
                293.0,
                175.6
            ],
            [
                288.6,
                174.4
            ],
            [
                287.4,
                170.0
            ],
            [
                289.2,
                166.2
            ],
            [
                293.0,
                162.6
            ],
            [
                299.4,
                163.6
            ],
            [
                300.8,
                170.0
            ],
            [
                298.0,
                175.0
            ]
        ],
        "stack": 0,
        "shift": [
            [
                0.0,
                0.0
            ],
            [
                0.0,
                0.0
            ],
            [
                0.0,
                0.0
            ],
            [
                0.0,
                0.0
            ],
            [
                0.0,
                0.0
            ],
            [
                0.0,
                0.0
            ],
            [
                0.0,
                0.0
            ],
            [
                0.0,
                0.0
            ],
            [
                0.0,
                0.0
            ]
        ],
        "channel": 0
    },
    {
        "type": "Spine",
        "location": [
            361,
            163
        ],
        "radloc": [
            0,
            0
        ],
        "mean": [
            138.7062937062937,
            103.24475524475524,
            88.5104895104895,
            69.06293706293707,
            86.61538461538461,
            159.8041958041958,
            138.7762237762238,
            157.32867132867133
        ],
        "min": [
            26,
            10,
            9,
            7,
            9,
            17,
            12,
            19
        ],
        "max": [
            255,
            216,
            223,
            219,
            251,
            255,
            255,
            255
        ],
        "RawIntDen": [
            19835,
            14764,
            12657,
            9876,
            12386,
            22852,
            19845,
            22498
        ],
        "IntDen": [
            12315.767319884892,
            9167.1282435483,
            7858.869017785887,
            6132.115858390885,
            7690.602169099787,
            14189.055447139377,
            12321.976428692496,
            13969.252995350153
        ],
        "FlagUp": 0,
        "Times": [],
        "width": 0,
        "height": 0,
        "area": [
            0.6209108807605188,
            0.6209108807605188,
            0.6209108807605188,
            0.6209108807605188,
            0.6209108807605188,
            0.6209108807605188,
            0.6209108807605188,
            0.6209108807605188
        ],
        "distance": -0.9770450632495267,
        "xpert": [
            [
                361.0,
                175.4
            ],
            [
                353.8,
                170.2
            ],
            [
                355.8,
                163.0
            ],
            [
                358.0,
                160.0
            ],
            [
                361.0,
                158.2
            ],
            [
                364.2,
                159.8
            ],
            [
                366.2,
                163.0
            ],
            [
                366.4,
                168.4
            ]
        ],
        "stack": 0,
        "shift": [
            [
                0.0,
                0.0
            ],
            [
                0.0,
                0.0
            ],
            [
                0.0,
                0.0
            ],
            [
                0.0,
                0.0
            ],
            [
                0.0,
                0.0
            ],
            [
                0.0,
                0.0
            ],
            [
                0.0,
                0.0
            ],
            [
                0.0,
                0.0
            ],
            [
                0.0,
                0.0
            ]
        ],
        "channel": 0
    },
    {
        "type": "Stim",
        "location": [
            375,
            187
        ],
        "radloc": [
            0,
            0
        ],
        "mean": [
            118.24609375,
            120.5,
            144.15625,
            144.04296875,
            157.640625,
            116.765625,
            82.51953125,
            74.83984375
        ],
        "min": [
            24,
            14,
            22,
            22,
            24,
            13,
            8,
            11
        ],
        "max": [
            246,
            255,
            255,
            255,
            255,
            255,
            255,
            217
        ],
        "RawIntDen": [
            30271,
            30848,
            36904,
            36875,
            40356,
            29892,
            21125,
            19159
        ],
        "IntDen": [
            33648.05508744354,
            34289.42563303024,
            41021.0374598466,
            40988.80219845663,
            44858.14512599094,
            33226.77356789873,
            23481.720581488713,
            21296.392171396084
        ],
        "FlagUp": 0,
        "Times": [],
        "width": 0,
        "height": 0,
        "area": [
            1.1115607375852645,
            1.1115607375852645,
            1.1115607375852645,
            1.1115607375852645,
            1.1115607375852645,
            1.1115607375852645,
            1.1115607375852645,
            1.1115607375852645
        ],
        "distance": 0,
        "xpert": [
            [
                375.0,
                195.4
            ],
            [
                368.4,
                193.6
            ],
            [
                366.0,
                187.0
            ],
            [
                368.6,
                180.6
            ],
            [
                375.0,
                178.4
            ],
            [
                385.2,
                176.8
            ],
            [
                384.0,
                187.0
            ],
            [
                381.0,
                193.0
            ]
        ],
        "stack": 0,
        "shift": [
            [
                0.0,
                0.0
            ],
            [
                0.0,
                0.0
            ],
            [
                0.0,
                0.0
            ],
            [
                0.0,
                0.0
            ],
            [
                0.0,
                0.0
            ],
            [
                0.0,
                0.0
            ],
            [
                0.0,
                0.0
            ],
            [
                0.0,
                0.0
            ],
            [
                0.0,
                0.0
            ]
        ],
        "channel": 0
    },
    {
        "type": "Stim",
        "location": [
            464,
            136
        ],
        "radloc": [
            0,
            0
        ],
        "mean": [
            113.6962962962963,
            132.3753086419753,
            132.17777777777778,
            226.3827160493827,
            120.58271604938271,
            45.57283950617284,
            37.75555555555555,
            47.95802469135803
        ],
        "min": [
            11,
            12,
            14,
            55,
            8,
            7,
            6,
            5
        ],
        "max": [
            255,
            255,
            255,
            255,
            255,
            213,
            126,
            163
        ],
        "RawIntDen": [
            46047,
            53612,
            53532,
            91685,
            48836,
            18457,
            15291,
            19423
        ],
        "IntDen": [
            80974.7464838024,
            94277.97920580307,
            94137.29729995244,
            161230.25672394343,
            85879.26942652016,
            32457.074203564636,
            26889.587779525755,
            34155.808216711055
        ],
        "FlagUp": 0,
        "Times": [],
        "width": 0,
        "height": 0,
        "area": [
            1.758523823132938,
            1.758523823132938,
            1.758523823132938,
            1.758523823132938,
            1.758523823132938,
            1.758523823132938,
            1.758523823132938,
            1.758523823132938
        ],
        "distance": 0,
        "xpert": [
            [
                464.0,
                146.8
            ],
            [
                452.8,
                147.2
            ],
            [
                448.8,
                136.0
            ],
            [
                453.6,
                125.6
            ],
            [
                464.0,
                125.0
            ],
            [
                470.8,
                129.2
            ],
            [
                472.2,
                136.0
            ],
            [
                470.4,
                142.4
            ]
        ],
        "stack": 0,
        "shift": [
            [
                0.0,
                0.0
            ],
            [
                0.0,
                0.0
            ],
            [
                0.0,
                0.0
            ],
            [
                0.0,
                0.0
            ],
            [
                0.0,
                0.0
            ],
            [
                0.0,
                0.0
            ],
            [
                0.0,
                0.0
            ],
            [
                0.0,
                0.0
            ],
            [
                0.0,
                0.0
            ]
        ],
        "channel": 0
    },
    {
        "type": "Stim",
        "location": [
            429,
            141
        ],
        "radloc": [
            0,
            0
        ],
        "mean": [
            75.88461538461539,
            89.14615384615385,
            97.75641025641026,
            149.76666666666668,
            122.41025641025641,
            176.68974358974359,
            153.52564102564102,
            185.85641025641024
        ],
        "min": [
            7,
            8,
            9,
            19,
            11,
            15,
            14,
            12
        ],
        "max": [
            237,
            252,
            255,
            255,
            250,
            255,
            255,
            255
        ],
        "RawIntDen": [
            29595,
            34767,
            38125,
            58409,
            47740,
            68909,
            59875,
            72484
        ],
        "IntDen": [
            50115.9750439297,
            58874.20524927534,
            64560.619988167586,
            98909.4099118395,
            80842.59667501955,
            116690.03967907254,
            101391.92450600746,
            122743.92076648759
        ],
        "FlagUp": 0,
        "Times": [],
        "width": 0,
        "height": 0,
        "area": [
            1.6933933111650514,
            1.6933933111650514,
            1.6933933111650514,
            1.6933933111650514,
            1.6933933111650514,
            1.6933933111650514,
            1.6933933111650514,
            1.6933933111650514
        ],
        "distance": 0,
        "xpert": [
            [
                429.0,
                154.8
            ],
            [
                418.2,
                151.8
            ],
            [
                419.6,
                141.0
            ],
            [
                422.4,
                134.4
            ],
            [
                429.0,
                133.4
            ],
            [
                435.4,
                134.6
            ],
            [
                438.4,
                141.0
            ],
            [
                442.8,
                154.8
            ]
        ],
        "stack": 0,
        "shift": [
            [
                0.0,
                0.0
            ],
            [
                0.0,
                0.0
            ],
            [
                0.0,
                0.0
            ],
            [
                0.0,
                0.0
            ],
            [
                0.0,
                0.0
            ],
            [
                0.0,
                0.0
            ],
            [
                0.0,
                0.0
            ],
            [
                0.0,
                0.0
            ],
            [
                0.0,
                0.0
            ]
        ],
        "channel": 0
    }
]