[
    {
        "type": "Stim",
        "location": [
            143,
            351
        ],
        "radloc": [
            0,
            0
        ],
        "mean": [
            59.987096774193546,
            53.438709677419354,
            51.6258064516129,
            63.83870967741935,
            62.92903225806452,
            74.60645161290323,
            87.89677419354838,
            81.81935483870967
        ],
        "min": [
            18,
            11,
            15,
            17,
            13,
            10,
            15,
            12
        ],
        "max": [
            145,
            123,
            112,
            153,
            183,
            224,
            200,
            230
        ],
        "RawIntDen": [
            9298,
            8283,
            8002,
            9895,
            9754,
            11564,
            13624,
            12682
        ],
        "IntDen": [
            6277.8236400000005,
            5592.51594,
            5402.790360000001,
            6680.906100000001,
            6585.705720000001,
            7807.7815200000005,
            9198.652320000001,
            8562.63276
        ],
        "FlagUp": 0,
        "Times": [],
        "width": 0,
        "height": 0,
        "area": [],
        "distance": 0,
        "xpert": [
            [
                143.0,
                359.2
            ],
            [
                138.0,
                356.0
            ],
            [
                136.4,
                351.0
            ],
            [
                136.2,
                344.2
            ],
            [
                143.0,
                345.0
            ],
            [
                149.2,
                344.8
            ],
            [
                149.6,
                351.0
            ],
            [
                149.6,
                357.6
            ]
        ],
        "local_bg": 0,
        "stack": 0,
        "shift": [
            [
                0.0,
                0.0
            ],
            [
                0.0,
                0.0
            ],
            [
                0.0,
                0.0
            ],
            [
                0.0,
                0.0
            ],
            [
                0.0,
                0.0
            ],
            [
                0.0,
                0.0
            ],
            [
                0.0,
                0.0
            ],
            [
                0.0,
                0.0
            ],
            [
                0.0,
                0.0
            ]
        ],
        "channel": 0
    },
    {
        "type": "Spine",
        "location": [
            163,
            344
        ],
        "radloc": [
            0,
            0
        ],
        "mean": [
            138.5,
            118.27941176470588,
            121.42647058823529,
            138.7107843137255,
            123.00490196078431,
            121.87745098039215,
            119.56862745098039,
            123.66666666666667
        ],
        "min": [
            21,
            22,
            26,
            36,
            17,
            16,
            15,
            19
        ],
        "max": [
            247,
            238,
            214,
            252,
            240,
            250,
            255,
            255
        ],
        "RawIntDen": [
            28254,
            24129,
            24771,
            28297,
            25093,
            24863,
            24392,
            25228
        ],
        "IntDen": [
            25107.182496,
            21441.608496,
            22012.105104000002,
            25145.393328000002,
            22298.242032000002,
            22093.858512000003,
            21675.316608,
            22418.206272000003
        ],
        "FlagUp": 0,
        "Times": [],
        "width": 0,
        "height": 0,
        "area": [],
        "distance": 1.3996775948742899,
        "xpert": [
            [
                163.0,
                350.0
            ],
            [
                157.6,
                349.4
            ],
            [
                157.0,
                344.0
            ],
            [
                154.0,
                335.0
            ],
            [
                163.0,
                331.0
            ],
            [
                171.0,
                336.0
            ],
            [
                168.6,
                344.0
            ],
            [
                167.0,
                348.0
            ]
        ],
        "local_bg": 0,
        "stack": 0,
        "shift": [
            [
                0.0,
                0.0
            ],
            [
                0.0,
                0.0
            ],
            [
                0.0,
                0.0
            ],
            [
                0.0,
                0.0
            ],
            [
                0.0,
                0.0
            ],
            [
                0.0,
                0.0
            ],
            [
                0.0,
                0.0
            ],
            [
                0.0,
                0.0
            ],
            [
                0.0,
                0.0
            ]
        ],
        "channel": 0
    },
    {
        "type": "Spine",
        "location": [
            128,
            331
        ],
        "radloc": [
            0,
            0
        ],
        "mean": [
            71.36567164179104,
            53.73880597014925,
            82.52985074626865,
            88.30597014925372,
            72.73134328358209,
            57.76119402985075,
            76.78358208955224,
            60.865671641791046
        ],
        "min": [
            14,
            9,
            13,
            20,
            28,
            18,
            29,
            18
        ],
        "max": [
            166,
            138,
            193,
            189,
            154,
            123,
            155,
            126
        ],
        "RawIntDen": [
            9563,
            7201,
            11059,
            11833,
            9746,
            7740,
            10289,
            8156
        ],
        "IntDen": [
            5581.961352,
            4203.252504,
            6455.182536000001,
            6906.969432000001,
            5688.779184000001,
            4517.868960000001,
            6005.730456,
            4760.689824000001
        ],
        "FlagUp": 0,
        "Times": [],
        "width": 0,
        "height": 0,
        "area": [],
        "distance": 1.0156425316247633,
        "xpert": [
            [
                128.0,
                338.8
            ],
            [
                122.8,
                336.2
            ],
            [
                122.2,
                331.0
            ],
            [
                123.6,
                326.6
            ],
            [
                128.0,
                324.8
            ],
            [
                132.6,
                326.4
            ],
            [
                135.2,
                331.0
            ],
            [
                133.6,
                336.6
            ]
        ],
        "local_bg": 0,
        "stack": 0,
        "shift": [
            [
                0.0,
                0.0
            ],
            [
                0.0,
                0.0
            ],
            [
                0.0,
                0.0
            ],
            [
                0.0,
                0.0
            ],
            [
                0.0,
                0.0
            ],
            [
                0.0,
                0.0
            ],
            [
                0.0,
                0.0
            ],
            [
                0.0,
                0.0
            ],
            [
                0.0,
                0.0
            ]
        ],
        "channel": 0
    },
    {
        "type": "Spine",
        "location": [
            48,
            365
        ],
        "radloc": [
            0,
            0
        ],
        "mean": [
            85.52816901408451,
            74.52112676056338,
            68.41549295774648,
            77.27464788732394,
            67.66901408450704,
            73.9225352112676,
            77.74647887323944,
            91.46478873239437
        ],
        "min": [
            12,
            15,
            10,
            9,
            13,
            15,
            22,
            32
        ],
        "max": [
            188,
            171,
            166,
            197,
            182,
            179,
            207,
            186
        ],
        "RawIntDen": [
            12145,
            10582,
            9715,
            10973,
            9609,
            10497,
            11040,
            12988
        ],
        "IntDen": [
            7512.314040000001,
            6545.517264000001,
            6009.232680000001,
            6787.371096000001,
            5943.666168000001,
            6492.940344000001,
            6828.814080000001,
            8033.753376000001
        ],
        "FlagUp": 0,
        "Times": [],
        "width": 0,
        "height": 0,
        "area": [],
        "distance": 6.501303543617184,
        "xpert": [
            [
                48.0,
                375.6
            ],
            [
                42.4,
                370.6
            ],
            [
                42.0,
                365.0
            ],
            [
                44.6,
                361.6
            ],
            [
                48.0,
                359.4
            ],
            [
                53.0,
                360.0
            ],
            [
                54.4,
                365.0
            ],
            [
                53.6,
                370.6
            ]
        ],
        "local_bg": 0,
        "stack": 0,
        "shift": [
            [
                0.0,
                0.0
            ],
            [
                0.0,
                0.0
            ],
            [
                0.0,
                0.0
            ],
            [
                0.0,
                0.0
            ],
            [
                0.0,
                0.0
            ],
            [
                0.0,
                0.0
            ],
            [
                0.0,
                0.0
            ],
            [
                0.0,
                0.0
            ],
            [
                0.0,
                0.0
            ]
        ],
        "channel": 0
    },
    {
        "type": "Spine",
        "location": [
            60,
            360
        ],
        "radloc": [
            0,
            0
        ],
        "mean": [
            43.10989010989011,
            47.18681318681319,
            60.0,
            60.68131868131868,
            70.15384615384616,
            72.94505494505495,
            89.86813186813187,
            81.4065934065934
        ],
        "min": [
            12,
            8,
            10,
            13,
            14,
            10,
            16,
            23
        ],
        "max": [
            121,
            130,
            118,
            141,
            200,
            208,
            185,
            157
        ],
        "RawIntDen": [
            3923,
            4294,
            5460,
            5522,
            6384,
            6638,
            8178,
            7408
        ],
        "IntDen": [
            1555.0615080000002,
            1702.124424,
            2164.32216,
            2188.898712,
            2530.5920640000004,
            2631.2766480000005,
            3241.7264880000002,
            2936.501568
        ],
        "FlagUp": 0,
        "Times": [],
        "width": 0,
        "height": 0,
        "area": [],
        "distance": 5.797552605960962,
        "xpert": [
            [
                60.0,
                367.2
            ],
            [
                55.0,
                365.0
            ],
            [
                55.6,
                360.0
            ],
            [
                57.0,
                357.0
            ],
            [
                60.0,
                355.6
            ],
            [
                63.8,
                356.2
            ],
            [
                66.4,
                360.0
            ],
            [
                64.4,
                364.4
            ]
        ],
        "local_bg": 0,
        "stack": 0,
        "shift": [
            [
                0.0,
                0.0
            ],
            [
                0.0,
                0.0
            ],
            [
                0.0,
                0.0
            ],
            [
                0.0,
                0.0
            ],
            [
                0.0,
                0.0
            ],
            [
                0.0,
                0.0
            ],
            [
                0.0,
                0.0
            ],
            [
                0.0,
                0.0
            ],
            [
                0.0,
                0.0
            ]
        ],
        "channel": 0
    },
    {
        "type": "Spine",
        "location": [
            64,
            385
        ],
        "radloc": [
            0,
            0
        ],
        "mean": [
            72.31159420289855,
            90.3913043478261,
            92.09420289855072,
            97.92753623188406,
            90.89855072463769,
            79.3695652173913,
            86.77536231884058,
            54.427536231884055
        ],
        "min": [
            13,
            31,
            23,
            25,
            35,
            22,
            19,
            9
        ],
        "max": [
            146,
            164,
            202,
            199,
            165,
            204,
            238,
            158
        ],
        "RawIntDen": [
            9979,
            12474,
            12709,
            13514,
            12544,
            10953,
            11975,
            7511
        ],
        "IntDen": [
            5998.656312000001,
            7498.470672000001,
            7639.7357520000005,
            8123.643792000001,
            7540.549632000001,
            6584.154984000001,
            7198.507800000001,
            4515.072408000001
        ],
        "FlagUp": 0,
        "Times": [],
        "width": 0,
        "height": 0,
        "area": [],
        "distance": 6.479741763943139,
        "xpert": [
            [
                64.0,
                390.8
            ],
            [
                59.2,
                389.8
            ],
            [
                55.6,
                385.0
            ],
            [
                60.0,
                381.0
            ],
            [
                64.0,
                378.8
            ],
            [
                69.8,
                379.2
            ],
            [
                72.8,
                385.0
            ],
            [
                68.4,
                389.4
            ]
        ],
        "local_bg": 0,
        "stack": 0,
        "shift": [
            [
                0.0,
                0.0
            ],
            [
                0.0,
                0.0
            ],
            [
                0.0,
                0.0
            ],
            [
                0.0,
                0.0
            ],
            [
                0.0,
                0.0
            ],
            [
                0.0,
                0.0
            ],
            [
                0.0,
                0.0
            ],
            [
                0.0,
                0.0
            ],
            [
                0.0,
                0.0
            ]
        ],
        "channel": 0
    },
    {
        "type": "Spine",
        "location": [
            4,
            373
        ],
        "radloc": [
            0,
            0
        ],
        "mean": [
            40.63636363636363,
            38.18181818181818,
            69.27272727272727,
            50.6,
            56.67272727272727,
            57.99090909090909,
            40.40909090909091,
            49.09090909090909
        ],
        "min": [
            9,
            9,
            17,
            7,
            15,
            16,
            8,
            8
        ],
        "max": [
            113,
            115,
            151,
            112,
            117,
            145,
            98,
            138
        ],
        "RawIntDen": [
            4470,
            4200,
            7620,
            5566,
            6234,
            6379,
            4445,
            5400
        ],
        "IntDen": [
            2141.8452,
            2012.4720000000002,
            3651.1992000000005,
            2667.0045600000003,
            2987.0834400000003,
            3056.5616400000004,
            2129.8662000000004,
            2587.4640000000004
        ],
        "FlagUp": 0,
        "Times": [],
        "width": 0,
        "height": 0,
        "area": [],
        "distance": 10.523336581238164,
        "xpert": [
            [
                4.0,
                380.2
            ],
            [
                0.0,
                377.0
            ],
            [
                0.0,
                373.0
            ],
            [
                0.8,
                369.8
            ],
            [
                4.0,
                368.0
            ],
            [
                7.8,
                369.2
            ],
            [
                10.2,
                373.0
            ],
            [
                11.4,
                380.4
            ]
        ],
        "local_bg": 0,
        "stack": 0,
        "shift": [
            [
                0.0,
                0.0
            ],
            [
                0.0,
                0.0
            ],
            [
                0.0,
                0.0
            ],
            [
                0.0,
                0.0
            ],
            [
                0.0,
                0.0
            ],
            [
                0.0,
                0.0
            ],
            [
                0.0,
                0.0
            ],
            [
                0.0,
                0.0
            ],
            [
                0.0,
                0.0
            ]
        ],
        "channel": 0
    },
    {
        "type": "Spine",
        "location": [
            19,
            402
        ],
        "radloc": [
            0,
            0
        ],
        "mean": [
            72.27906976744185,
            54.17054263565891,
            60.16279069767442,
            57.93798449612403,
            65.54263565891473,
            60.21705426356589,
            60.83720930232558,
            51.434108527131784
        ],
        "min": [
            14,
            14,
            13,
            10,
            13,
            11,
            8,
            9
        ],
        "max": [
            182,
            108,
            127,
            137,
            163,
            141,
            147,
            176
        ],
        "RawIntDen": [
            9324,
            6988,
            7761,
            7474,
            8455,
            7768,
            7848,
            6635
        ],
        "IntDen": [
            5239.379376000001,
            3926.7249120000006,
            4361.092164000001,
            4199.819976000001,
            4751.06742,
            4365.025632000001,
            4409.979552000001,
            3728.3657400000006
        ],
        "FlagUp": 0,
        "Times": [],
        "width": 0,
        "height": 0,
        "area": [],
        "distance": 9.534986581238158,
        "xpert": [
            [
                19.0,
                407.2
            ],
            [
                14.6,
                406.4
            ],
            [
                8.2,
                402.0
            ],
            [
                13.6,
                396.6
            ],
            [
                19.0,
                396.4
            ],
            [
                23.2,
                397.8
            ],
            [
                25.4,
                402.0
            ],
            [
                23.6,
                406.6
            ]
        ],
        "local_bg": 0,
        "stack": 0,
        "shift": [
            [
                0.0,
                0.0
            ],
            [
                0.0,
                0.0
            ],
            [
                0.0,
                0.0
            ],
            [
                0.0,
                0.0
            ],
            [
                0.0,
                0.0
            ],
            [
                0.0,
                0.0
            ],
            [
                0.0,
                0.0
            ],
            [
                0.0,
                0.0
            ],
            [
                0.0,
                0.0
            ]
        ],
        "channel": 0
    },
    {
        "type": "Spine",
        "location": [
            219,
            359
        ],
        "radloc": [
            0,
            0
        ],
        "mean": [
            65.38518518518518,
            60.05925925925926,
            94.82222222222222,
            78.63703703703703,
            114.16296296296296,
            87.52592592592593,
            72.18518518518519,
            63.94074074074074
        ],
        "min": [
            10,
            12,
            14,
            11,
            12,
            16,
            19,
            11
        ],
        "max": [
            195,
            126,
            226,
            197,
            255,
            200,
            157,
            147
        ],
        "RawIntDen": [
            8827,
            8108,
            12801,
            10616,
            15412,
            11816,
            9745,
            8632
        ],
        "IntDen": [
            5190.805620000001,
            4767.99048,
            7527.756060000001,
            6242.84496,
            9063.18072,
            6948.516960000001,
            5730.644700000001,
            5076.13392
        ],
        "FlagUp": 0,
        "Times": [],
        "width": 0,
        "height": 0,
        "area": [],
        "distance": 5.198687721373342,
        "xpert": [
            [
                219.0,
                367.6
            ],
            [
                215.4,
                362.6
            ],
            [
                213.0,
                359.0
            ],
            [
                214.6,
                354.6
            ],
            [
                219.0,
                349.4
            ],
            [
                223.8,
                354.2
            ],
            [
                224.0,
                359.0
            ],
            [
                226.0,
                366.0
            ]
        ],
        "local_bg": 0,
        "stack": 0,
        "shift": [
            [
                0.0,
                0.0
            ],
            [
                0.0,
                0.0
            ],
            [
                0.0,
                0.0
            ],
            [
                0.0,
                0.0
            ],
            [
                0.0,
                0.0
            ],
            [
                0.0,
                0.0
            ],
            [
                0.0,
                0.0
            ],
            [
                0.0,
                0.0
            ],
            [
                0.0,
                0.0
            ]
        ],
        "channel": 0
    },
    {
        "type": "Spine",
        "location": [
            235,
            354
        ],
        "radloc": [
            0,
            0
        ],
        "mean": [
            46.45454545454545,
            33.77272727272727,
            39.90151515151515,
            33.03030303030303,
            30.78030303030303,
            23.21969696969697,
            25.46212121212121,
            25.37121212121212
        ],
        "min": [
            12,
            11,
            9,
            9,
            7,
            7,
            7,
            8
        ],
        "max": [
            107,
            85,
            112,
            91,
            68,
            82,
            88,
            73
        ],
        "RawIntDen": [
            6132,
            4458,
            5267,
            4360,
            4063,
            3065,
            3361,
            3349
        ],
        "IntDen": [
            3525.8509440000003,
            2563.3143360000004,
            3028.4828640000005,
            2506.9651200000003,
            2336.192496,
            1762.3504800000003,
            1932.5481120000002,
            1925.6482080000003
        ],
        "FlagUp": 0,
        "Times": [],
        "width": 0,
        "height": 0,
        "area": [],
        "distance": 6.280220252998105,
        "xpert": [
            [
                235.0,
                359.6
            ],
            [
                231.0,
                358.0
            ],
            [
                226.0,
                354.0
            ],
            [
                228.4,
                347.4
            ],
            [
                235.0,
                348.0
            ],
            [
                239.2,
                349.8
            ],
            [
                240.4,
                354.0
            ],
            [
                240.0,
                359.0
            ]
        ],
        "local_bg": 0,
        "stack": 0,
        "shift": [
            [
                0.0,
                0.0
            ],
            [
                0.0,
                0.0
            ],
            [
                0.0,
                0.0
            ],
            [
                0.0,
                0.0
            ],
            [
                0.0,
                0.0
            ],
            [
                0.0,
                0.0
            ],
            [
                0.0,
                0.0
            ],
            [
                0.0,
                0.0
            ],
            [
                0.0,
                0.0
            ]
        ],
        "channel": 0
    },
    {
        "type": "Spine",
        "location": [
            272,
            353
        ],
        "radloc": [
            0,
            0
        ],
        "mean": [
            44.347517730496456,
            48.248226950354606,
            49.47517730496454,
            47.46099290780142,
            80.05673758865248,
            128.65248226950354,
            113.81560283687944,
            86.60992907801419
        ],
        "min": [
            10,
            6,
            7,
            7,
            8,
            17,
            20,
            12
        ],
        "max": [
            138,
            127,
            143,
            127,
            204,
            254,
            251,
            222
        ],
        "RawIntDen": [
            6253,
            6803,
            6976,
            6692,
            11288,
            18140,
            16048,
            12212
        ],
        "IntDen": [
            3840.5675880000003,
            4178.375388,
            4284.6312960000005,
            4110.199632000001,
            6933.044448000001,
            11141.515440000001,
            9856.617408000002,
            7500.561552000001
        ],
        "FlagUp": 0,
        "Times": [],
        "width": 0,
        "height": 0,
        "area": [],
        "distance": 8.881905442746685,
        "xpert": [
            [
                272.0,
                360.0
            ],
            [
                266.4,
                358.6
            ],
            [
                265.4,
                353.0
            ],
            [
                265.8,
                346.8
            ],
            [
                272.0,
                347.0
            ],
            [
                277.0,
                348.0
            ],
            [
                278.0,
                353.0
            ],
            [
                276.8,
                357.8
            ]
        ],
        "local_bg": 0,
        "stack": 0,
        "shift": [
            [
                0.0,
                0.0
            ],
            [
                0.0,
                0.0
            ],
            [
                0.0,
                0.0
            ],
            [
                0.0,
                0.0
            ],
            [
                0.0,
                0.0
            ],
            [
                0.0,
                0.0
            ],
            [
                0.0,
                0.0
            ],
            [
                0.0,
                0.0
            ],
            [
                0.0,
                0.0
            ]
        ],
        "channel": 0
    },
    {
        "type": "Spine",
        "location": [
            285,
            350
        ],
        "radloc": [
            0,
            0
        ],
        "mean": [
            27.56578947368421,
            33.56578947368421,
            40.0328947368421,
            47.85526315789474,
            36.89473684210526,
            56.51315789473684,
            42.38815789473684,
            48.36184210526316
        ],
        "min": [
            10,
            8,
            9,
            9,
            9,
            16,
            12,
            14
        ],
        "max": [
            56,
            67,
            81,
            101,
            73,
            136,
            83,
            94
        ],
        "RawIntDen": [
            4190,
            5102,
            6085,
            7274,
            5608,
            8590,
            6443,
            7351
        ],
        "IntDen": [
            2774.2492800000005,
            3378.0954240000005,
            4028.9515200000005,
            4816.202688,
            3713.1240960000005,
            5687.542080000001,
            4265.987616,
            4867.1853120000005
        ],
        "FlagUp": 0,
        "Times": [],
        "width": 0,
        "height": 0,
        "area": [],
        "distance": 9.738475442746687,
        "xpert": [
            [
                285.0,
                358.2
            ],
            [
                280.4,
                354.6
            ],
            [
                277.6,
                350.0
            ],
            [
                278.0,
                343.0
            ],
            [
                285.0,
                344.0
            ],
            [
                289.8,
                345.2
            ],
            [
                290.8,
                350.0
            ],
            [
                291.0,
                356.0
            ]
        ],
        "local_bg": 0,
        "stack": 0,
        "shift": [
            [
                0.0,
                0.0
            ],
            [
                0.0,
                0.0
            ],
            [
                0.0,
                0.0
            ],
            [
                0.0,
                0.0
            ],
            [
                0.0,
                0.0
            ],
            [
                0.0,
                0.0
            ],
            [
                0.0,
                0.0
            ],
            [
                0.0,
                0.0
            ],
            [
                0.0,
                0.0
            ]
        ],
        "channel": 0
    },
    {
        "type": "Spine",
        "location": [
            295,
            348
        ],
        "radloc": [
            0,
            0
        ],
        "mean": [
            54.35897435897436,
            42.52136752136752,
            52.30769230769231,
            45.504273504273506,
            37.957264957264954,
            39.572649572649574,
            49.666666666666664,
            91.32478632478633
        ],
        "min": [
            11,
            10,
            9,
            10,
            9,
            8,
            15,
            37
        ],
        "max": [
            166,
            103,
            116,
            106,
            104,
            101,
            118,
            182
        ],
        "RawIntDen": [
            6360,
            4975,
            6120,
            5324,
            4441,
            4630,
            5811,
            10685
        ],
        "IntDen": [
            3241.3867200000004,
            2535.5187,
            3119.0702400000005,
            2713.3872480000005,
            2263.364532,
            2359.6887600000005,
            2961.5877720000003,
            5445.631620000001
        ],
        "FlagUp": 0,
        "Times": [],
        "width": 0,
        "height": 0,
        "area": [],
        "distance": 10.588423164120034,
        "xpert": [
            [
                295.0,
                355.6
            ],
            [
                290.6,
                352.4
            ],
            [
                289.2,
                348.0
            ],
            [
                290.8,
                343.8
            ],
            [
                295.0,
                338.8
            ],
            [
                298.8,
                344.2
            ],
            [
                300.2,
                348.0
            ],
            [
                299.4,
                352.4
            ]
        ],
        "local_bg": 0,
        "stack": 0,
        "shift": [
            [
                0.0,
                0.0
            ],
            [
                0.0,
                0.0
            ],
            [
                0.0,
                0.0
            ],
            [
                0.0,
                0.0
            ],
            [
                0.0,
                0.0
            ],
            [
                0.0,
                0.0
            ],
            [
                0.0,
                0.0
            ],
            [
                0.0,
                0.0
            ],
            [
                0.0,
                0.0
            ]
        ],
        "channel": 0
    },
    {
        "type": "Spine",
        "location": [
            269,
            319
        ],
        "radloc": [
            0,
            0
        ],
        "mean": [
            27.57391304347826,
            39.834782608695654,
            63.869565217391305,
            50.46086956521739,
            59.68695652173913,
            68.31304347826087,
            55.947826086956525,
            36.88695652173913
        ],
        "min": [
            7,
            7,
            7,
            7,
            12,
            15,
            13,
            14
        ],
        "max": [
            103,
            118,
            127,
            121,
            159,
            168,
            139,
            86
        ],
        "RawIntDen": [
            3171,
            4581,
            7345,
            5803,
            6864,
            7856,
            6434,
            4242
        ],
        "IntDen": [
            1588.4807400000002,
            2294.80614,
            3679.4043000000006,
            2906.9548200000004,
            3438.4521600000003,
            3935.3846400000007,
            3223.0479600000003,
            2124.9874800000002
        ],
        "FlagUp": 0,
        "Times": [],
        "width": 0,
        "height": 0,
        "area": [],
        "distance": 8.684235442746685,
        "xpert": [
            [
                269.0,
                326.8
            ],
            [
                264.6,
                323.4
            ],
            [
                263.0,
                319.0
            ],
            [
                265.2,
                315.2
            ],
            [
                269.0,
                313.6
            ],
            [
                272.6,
                315.4
            ],
            [
                274.6,
                319.0
            ],
            [
                275.6,
                325.6
            ]
        ],
        "local_bg": 0,
        "stack": 0,
        "shift": [
            [
                0.0,
                0.0
            ],
            [
                0.0,
                0.0
            ],
            [
                0.0,
                0.0
            ],
            [
                0.0,
                0.0
            ],
            [
                0.0,
                0.0
            ],
            [
                0.0,
                0.0
            ],
            [
                0.0,
                0.0
            ],
            [
                0.0,
                0.0
            ],
            [
                0.0,
                0.0
            ]
        ],
        "channel": 0
    },
    {
        "type": "Spine",
        "location": [
            288,
            304
        ],
        "radloc": [
            0,
            0
        ],
        "mean": [
            51.985611510791365,
            60.381294964028775,
            75.35251798561151,
            54.70503597122302,
            60.50359712230216,
            65.8273381294964,
            77.3021582733813,
            78.61151079136691
        ],
        "min": [
            7,
            8,
            8,
            6,
            8,
            11,
            16,
            13
        ],
        "max": [
            178,
            173,
            175,
            145,
            149,
            152,
            174,
            200
        ],
        "RawIntDen": [
            7226,
            8393,
            10474,
            7604,
            8410,
            9150,
            10745,
            10927
        ],
        "IntDen": [
            4375.227384000001,
            5081.827212,
            6341.839416000001,
            4604.100336,
            5092.120440000001,
            5540.1786,
            6505.925580000001,
            6616.123668000001
        ],
        "FlagUp": 0,
        "Times": [],
        "width": 0,
        "height": 0,
        "area": [],
        "distance": 10.099900632495267,
        "xpert": [
            [
                288.0,
                314.4
            ],
            [
                282.8,
                309.2
            ],
            [
                282.8,
                304.0
            ],
            [
                283.6,
                299.6
            ],
            [
                288.0,
                298.0
            ],
            [
                293.6,
                298.4
            ],
            [
                293.4,
                304.0
            ],
            [
                293.0,
                309.0
            ]
        ],
        "local_bg": 0,
        "stack": 0,
        "shift": [
            [
                0.0,
                0.0
            ],
            [
                0.0,
                0.0
            ],
            [
                0.0,
                0.0
            ],
            [
                0.0,
                0.0
            ],
            [
                0.0,
                0.0
            ],
            [
                0.0,
                0.0
            ],
            [
                0.0,
                0.0
            ],
            [
                0.0,
                0.0
            ],
            [
                0.0,
                0.0
            ]
        ],
        "channel": 0
    },
    {
        "type": "Spine",
        "location": [
            306,
            314
        ],
        "radloc": [
            0,
            0
        ],
        "mean": [
            51.47761194029851,
            68.94029850746269,
            68.57462686567165,
            90.70149253731343,
            89.66417910447761,
            78.7089552238806,
            83.0223880597015,
            70.88059701492537
        ],
        "min": [
            6,
            9,
            8,
            12,
            25,
            19,
            17,
            11
        ],
        "max": [
            158,
            176,
            171,
            208,
            192,
            186,
            189,
            161
        ],
        "RawIntDen": [
            6898,
            9238,
            9189,
            12154,
            12015,
            10547,
            11125,
            9498
        ],
        "IntDen": [
            4026.3901920000003,
            5392.257552000001,
            5363.656056000001,
            7094.3384160000005,
            7013.203560000001,
            6156.326088000001,
            6493.707,
            5544.020592000001
        ],
        "FlagUp": 0,
        "Times": [],
        "width": 0,
        "height": 0,
        "area": [],
        "distance": 11.340505695744797,
        "xpert": [
            [
                306.0,
                321.4
            ],
            [
                299.6,
                320.4
            ],
            [
                300.4,
                314.0
            ],
            [
                300.8,
                308.8
            ],
            [
                306.0,
                307.2
            ],
            [
                310.6,
                309.4
            ],
            [
                311.6,
                314.0
            ],
            [
                311.4,
                319.4
            ]
        ],
        "local_bg": 0,
        "stack": 0,
        "shift": [
            [
                0.0,
                0.0
            ],
            [
                0.0,
                0.0
            ],
            [
                0.0,
                0.0
            ],
            [
                0.0,
                0.0
            ],
            [
                0.0,
                0.0
            ],
            [
                0.0,
                0.0
            ],
            [
                0.0,
                0.0
            ],
            [
                0.0,
                0.0
            ],
            [
                0.0,
                0.0
            ]
        ],
        "channel": 0
    },
    {
        "type": "Spine",
        "location": [
            319,
            350
        ],
        "radloc": [
            0,
            0
        ],
        "mean": [
            26.634328358208954,
            28.80597014925373,
            31.87313432835821,
            51.14179104477612,
            33.55223880597015,
            37.07462686567164,
            31.84328358208955,
            46.059701492537314
        ],
        "min": [
            9,
            8,
            8,
            10,
            10,
            9,
            7,
            11
        ],
        "max": [
            72,
            72,
            68,
            124,
            77,
            82,
            76,
            88
        ],
        "RawIntDen": [
            3569,
            3860,
            4271,
            6853,
            4496,
            4968,
            4267,
            6172
        ],
        "IntDen": [
            2083.2395760000004,
            2253.0974400000005,
            2492.999784,
            4000.1235120000006,
            2624.333184,
            2899.8414720000005,
            2490.6649680000005,
            3602.6210880000003
        ],
        "FlagUp": 0,
        "Times": [],
        "width": 0,
        "height": 0,
        "area": [],
        "distance": 12.965145822243848,
        "xpert": [
            [
                319.0,
                355.4
            ],
            [
                314.4,
                354.6
            ],
            [
                313.0,
                350.0
            ],
            [
                314.4,
                345.4
            ],
            [
                319.0,
                342.2
            ],
            [
                328.4,
                340.6
            ],
            [
                324.0,
                350.0
            ],
            [
                322.2,
                353.2
            ]
        ],
        "local_bg": 0,
        "stack": 0,
        "shift": [
            [
                0.0,
                0.0
            ],
            [
                0.0,
                0.0
            ],
            [
                0.0,
                0.0
            ],
            [
                0.0,
                0.0
            ],
            [
                0.0,
                0.0
            ],
            [
                0.0,
                0.0
            ],
            [
                0.0,
                0.0
            ],
            [
                0.0,
                0.0
            ],
            [
                0.0,
                0.0
            ]
        ],
        "channel": 0
    },
    {
        "type": "Spine",
        "location": [
            351,
            350
        ],
        "radloc": [
            0,
            0
        ],
        "mean": [
            15.627906976744185,
            31.1046511627907,
            27.430232558139537,
            20.232558139534884,
            24.8953488372093,
            26.069767441860463,
            9.94186046511628,
            10.174418604651162
        ],
        "min": [
            7,
            11,
            10,
            6,
            7,
            8,
            5,
            5
        ],
        "max": [
            33,
            55,
            66,
            46,
            52,
            56,
            23,
            34
        ],
        "RawIntDen": [
            1344,
            2675,
            2359,
            1740,
            2141,
            2242,
            855,
            875
        ],
        "IntDen": [
            503.48390400000005,
            1002.0978000000001,
            883.7191440000001,
            651.83184,
            802.0528560000001,
            839.889072,
            320.29668000000004,
            327.78900000000004
        ],
        "FlagUp": 0,
        "Times": [],
        "width": 0,
        "height": 0,
        "area": [],
        "distance": 14.442018353868612,
        "xpert": [
            [
                351.0,
                355.4
            ],
            [
                347.4,
                353.6
            ],
            [
                346.4,
                350.0
            ],
            [
                342.6,
                341.6
            ],
            [
                351.0,
                345.2
            ],
            [
                354.2,
                346.8
            ],
            [
                355.6,
                350.0
            ],
            [
                355.0,
                354.0
            ]
        ],
        "local_bg": 0,
        "stack": 0,
        "shift": [
            [
                0.0,
                0.0
            ],
            [
                0.0,
                0.0
            ],
            [
                0.0,
                0.0
            ],
            [
                0.0,
                0.0
            ],
            [
                0.0,
                0.0
            ],
            [
                0.0,
                0.0
            ],
            [
                0.0,
                0.0
            ],
            [
                0.0,
                0.0
            ],
            [
                0.0,
                0.0
            ]
        ],
        "channel": 0
    },
    {
        "type": "Spine",
        "location": [
            364,
            319
        ],
        "radloc": [
            0,
            0
        ],
        "mean": [
            60.7032967032967,
            105.23626373626374,
            116.85714285714286,
            138.8846153846154,
            139.8901098901099,
            130.0164835164835,
            144.19230769230768,
            161.54945054945054
        ],
        "min": [
            9,
            13,
            12,
            17,
            21,
            41,
            23,
            47
        ],
        "max": [
            203,
            248,
            237,
            255,
            251,
            238,
            255,
            255
        ],
        "RawIntDen": [
            11048,
            19153,
            21268,
            25277,
            25460,
            23663,
            26243,
            29402
        ],
        "IntDen": [
            8758.766016000001,
            15184.345176000003,
            16861.100256,
            20039.403384,
            20184.484320000003,
            18759.837096000003,
            20805.240456000003,
            23309.670384
        ],
        "FlagUp": 0,
        "Times": [],
        "width": 0,
        "height": 0,
        "area": [],
        "distance": 15.29858835386861,
        "xpert": [
            [
                364.0,
                324.8
            ],
            [
                358.2,
                324.8
            ],
            [
                353.0,
                319.0
            ],
            [
                358.0,
                313.0
            ],
            [
                364.0,
                311.8
            ],
            [
                369.6,
                313.4
            ],
            [
                371.8,
                319.0
            ],
            [
                369.8,
                324.8
            ]
        ],
        "local_bg": 0,
        "stack": 0,
        "shift": [
            [
                0.0,
                0.0
            ],
            [
                0.0,
                0.0
            ],
            [
                0.0,
                0.0
            ],
            [
                0.0,
                0.0
            ],
            [
                0.0,
                0.0
            ],
            [
                0.0,
                0.0
            ],
            [
                0.0,
                0.0
            ],
            [
                0.0,
                0.0
            ],
            [
                0.0,
                0.0
            ]
        ],
        "channel": 0
    },
    {
        "type": "Spine",
        "location": [
            419,
            349
        ],
        "radloc": [
            0,
            0
        ],
        "mean": [
            47.9448275862069,
            62.351724137931036,
            59.779310344827586,
            62.3448275862069,
            54.87586206896552,
            41.90344827586207,
            57.110344827586204,
            47.682758620689654
        ],
        "min": [
            10,
            15,
            16,
            13,
            12,
            11,
            10,
            12
        ],
        "max": [
            117,
            154,
            143,
            139,
            117,
            113,
            142,
            125
        ],
        "RawIntDen": [
            6952,
            9041,
            8668,
            9040,
            7957,
            6076,
            8281,
            6914
        ],
        "IntDen": [
            4391.02224,
            5710.476420000001,
            5474.882160000001,
            5709.844800000001,
            5025.800340000001,
            3837.7231200000006,
            5230.4452200000005,
            4367.0206800000005
        ],
        "FlagUp": 0,
        "Times": [],
        "width": 0,
        "height": 0,
        "area": [],
        "distance": 19.113586075241965,
        "xpert": [
            [
                419.0,
                354.4
            ],
            [
                413.8,
                354.2
            ],
            [
                413.2,
                349.0
            ],
            [
                411.0,
                341.0
            ],
            [
                419.0,
                339.8
            ],
            [
                424.6,
                343.4
            ],
            [
                424.6,
                349.0
            ],
            [
                423.0,
                353.0
            ]
        ],
        "local_bg": 0,
        "stack": 0,
        "shift": [
            [
                0.0,
                0.0
            ],
            [
                0.0,
                0.0
            ],
            [
                0.0,
                0.0
            ],
            [
                0.0,
                0.0
            ],
            [
                0.0,
                0.0
            ],
            [
                0.0,
                0.0
            ],
            [
                0.0,
                0.0
            ],
            [
                0.0,
                0.0
            ],
            [
                0.0,
                0.0
            ]
        ],
        "channel": 0
    },
    {
        "type": "Spine",
        "location": [
            428,
            352
        ],
        "radloc": [
            0,
            0
        ],
        "mean": [
            46.089171974522294,
            45.81528662420382,
            40.32484076433121,
            40.35668789808917,
            36.17197452229299,
            30.235668789808916,
            29.88535031847134,
            27.14012738853503
        ],
        "min": [
            20,
            13,
            11,
            9,
            10,
            8,
            8,
            9
        ],
        "max": [
            89,
            114,
            95,
            106,
            98,
            82,
            99,
            72
        ],
        "RawIntDen": [
            7236,
            7193,
            6331,
            6336,
            5679,
            4747,
            4692,
            4261
        ],
        "IntDen": [
            4948.642512,
            4919.235156000001,
            4329.720252,
            4333.139712,
            3883.8226680000002,
            3246.4353240000005,
            3208.821264,
            2914.0638120000003
        ],
        "FlagUp": 0,
        "Times": [],
        "width": 0,
        "height": 0,
        "area": [],
        "distance": 20.024741138491493,
        "xpert": [
            [
                428.0,
                356.4
            ],
            [
                422.8,
                357.2
            ],
            [
                422.4,
                352.0
            ],
            [
                423.8,
                347.8
            ],
            [
                428.0,
                344.2
            ],
            [
                435.8,
                344.2
            ],
            [
                439.6,
                352.0
            ],
            [
                431.4,
                355.4
            ]
        ],
        "local_bg": 0,
        "stack": 0,
        "shift": [
            [
                0.0,
                0.0
            ],
            [
                0.0,
                0.0
            ],
            [
                0.0,
                0.0
            ],
            [
                0.0,
                0.0
            ],
            [
                0.0,
                0.0
            ],
            [
                0.0,
                0.0
            ],
            [
                0.0,
                0.0
            ],
            [
                0.0,
                0.0
            ],
            [
                0.0,
                0.0
            ]
        ],
        "channel": 0
    },
    {
        "type": "Spine",
        "location": [
            421,
            317
        ],
        "radloc": [
            0,
            0
        ],
        "mean": [
            15.538461538461538,
            23.417582417582416,
            48.13186813186813,
            36.21978021978022,
            57.86813186813187,
            68.4065934065934,
            126.57142857142857,
            155.27472527472528
        ],
        "min": [
            6,
            6,
            8,
            8,
            8,
            11,
            16,
            27
        ],
        "max": [
            45,
            114,
            215,
            154,
            200,
            213,
            248,
            252
        ],
        "RawIntDen": [
            1414,
            2131,
            4380,
            3296,
            5266,
            6225,
            11518,
            14130
        ],
        "IntDen": [
            560.503944,
            844.7198760000001,
            1736.21448,
            1306.521216,
            2087.4213360000003,
            2467.5651000000003,
            4565.689128000001,
            5601.07548
        ],
        "FlagUp": 0,
        "Times": [],
        "width": 0,
        "height": 0,
        "area": [],
        "distance": 19.245366075241964,
        "xpert": [
            [
                421.0,
                321.4
            ],
            [
                416.2,
                321.8
            ],
            [
                413.6,
                317.0
            ],
            [
                417.0,
                313.0
            ],
            [
                421.0,
                311.6
            ],
            [
                425.0,
                313.0
            ],
            [
                426.2,
                317.0
            ],
            [
                424.4,
                320.4
            ]
        ],
        "local_bg": 0,
        "stack": 0,
        "shift": [
            [
                0.0,
                0.0
            ],
            [
                0.0,
                0.0
            ],
            [
                0.0,
                0.0
            ],
            [
                0.0,
                0.0
            ],
            [
                0.0,
                0.0
            ],
            [
                0.0,
                0.0
            ],
            [
                0.0,
                0.0
            ],
            [
                0.0,
                0.0
            ],
            [
                0.0,
                0.0
            ]
        ],
        "channel": 0
    },
    {
        "type": "Spine",
        "location": [
            423,
            324
        ],
        "radloc": [
            0,
            0
        ],
        "mean": [
            52.8348623853211,
            122.23853211009174,
            146.9908256880734,
            145.77981651376146,
            133.39449541284404,
            112.1651376146789,
            90.04587155963303,
            112.79816513761467
        ],
        "min": [
            8,
            17,
            39,
            28,
            30,
            25,
            19,
            25
        ],
        "max": [
            146,
            244,
            245,
            255,
            251,
            224,
            217,
            242
        ],
        "RawIntDen": [
            5759,
            13324,
            16022,
            15890,
            14540,
            12226,
            9815,
            12295
        ],
        "IntDen": [
            2734.3962360000005,
            6326.288496000001,
            7607.309688000001,
            7544.635560000001,
            6903.650160000001,
            5804.9537040000005,
            4660.201260000001,
            5837.715180000001
        ],
        "FlagUp": 0,
        "Times": [],
        "width": 0,
        "height": 0,
        "area": [],
        "distance": 19.377146075241967,
        "xpert": [
            [
                423.0,
                328.8
            ],
            [
                418.2,
                328.8
            ],
            [
                416.2,
                324.0
            ],
            [
                419.6,
                320.6
            ],
            [
                423.0,
                319.6
            ],
            [
                428.6,
                318.4
            ],
            [
                431.0,
                324.0
            ],
            [
                427.8,
                328.8
            ]
        ],
        "local_bg": 0,
        "stack": 0,
        "shift": [
            [
                0.0,
                0.0
            ],
            [
                0.0,
                0.0
            ],
            [
                0.0,
                0.0
            ],
            [
                0.0,
                0.0
            ],
            [
                0.0,
                0.0
            ],
            [
                0.0,
                0.0
            ],
            [
                0.0,
                0.0
            ],
            [
                0.0,
                0.0
            ],
            [
                0.0,
                0.0
            ]
        ],
        "channel": 0
    },
    {
        "type": "Spine",
        "location": [
            438,
            330
        ],
        "radloc": [
            0,
            0
        ],
        "mean": [
            43.02985074626866,
            37.16417910447761,
            52.76119402985075,
            49.701492537313435,
            48.90298507462686,
            63.40298507462686,
            68.35074626865672,
            65.52985074626865
        ],
        "min": [
            9,
            7,
            14,
            10,
            8,
            17,
            13,
            12
        ],
        "max": [
            122,
            95,
            115,
            104,
            123,
            154,
            152,
            141
        ],
        "RawIntDen": [
            5766,
            4980,
            7070,
            6660,
            6553,
            8496,
            9159,
            8781
        ],
        "IntDen": [
            3365.6372640000004,
            2906.84592,
            4126.7872800000005,
            3887.4686400000005,
            3825.0123120000003,
            4959.149184000001,
            5346.144936000001,
            5125.504824000001
        ],
        "FlagUp": 0,
        "Times": [],
        "width": 0,
        "height": 0,
        "area": [],
        "distance": 20.420081138491494,
        "xpert": [
            [
                438.0,
                342.2
            ],
            [
                431.4,
                336.6
            ],
            [
                432.6,
                330.0
            ],
            [
                433.2,
                325.2
            ],
            [
                438.0,
                324.8
            ],
            [
                441.2,
                326.8
            ],
            [
                443.0,
                330.0
            ],
            [
                442.2,
                334.2
            ]
        ],
        "local_bg": 0,
        "stack": 0,
        "shift": [
            [
                0.0,
                0.0
            ],
            [
                0.0,
                0.0
            ],
            [
                0.0,
                0.0
            ],
            [
                0.0,
                0.0
            ],
            [
                0.0,
                0.0
            ],
            [
                0.0,
                0.0
            ],
            [
                0.0,
                0.0
            ],
            [
                0.0,
                0.0
            ],
            [
                0.0,
                0.0
            ]
        ],
        "channel": 0
    },
    {
        "type": "Spine",
        "location": [
            458,
            366
        ],
        "radloc": [
            0,
            0
        ],
        "mean": [
            53.6,
            80.22051282051282,
            78.50769230769231,
            79.45641025641025,
            66.23589743589744,
            58.266666666666666,
            64.66666666666667,
            61.0974358974359
        ],
        "min": [
            28,
            29,
            25,
            19,
            18,
            7,
            10,
            10
        ],
        "max": [
            103,
            161,
            161,
            164,
            126,
            129,
            211,
            146
        ],
        "RawIntDen": [
            10452,
            15643,
            15309,
            15494,
            12916,
            11362,
            12610,
            11914
        ],
        "IntDen": [
            8878.137840000001,
            13287.477060000001,
            13003.77078,
            13160.913480000001,
            10971.108720000002,
            9651.110040000001,
            10711.186200000002,
            10119.989880000001
        ],
        "FlagUp": 0,
        "Times": [],
        "width": 0,
        "height": 0,
        "area": [],
        "distance": 22.888046707737235,
        "xpert": [
            [
                458.0,
                372.2
            ],
            [
                452.4,
                371.6
            ],
            [
                452.2,
                366.0
            ],
            [
                450.6,
                358.6
            ],
            [
                458.0,
                358.2
            ],
            [
                464.8,
                359.2
            ],
            [
                470.6,
                366.0
            ],
            [
                463.6,
                371.6
            ]
        ],
        "local_bg": 0,
        "stack": 0,
        "shift": [
            [
                0.0,
                0.0
            ],
            [
                0.0,
                0.0
            ],
            [
                0.0,
                0.0
            ],
            [
                0.0,
                0.0
            ],
            [
                0.0,
                0.0
            ],
            [
                0.0,
                0.0
            ],
            [
                0.0,
                0.0
            ],
            [
                0.0,
                0.0
            ],
            [
                0.0,
                0.0
            ]
        ],
        "channel": 0
    }
]