[
    {
        "type": "Stim",
        "location": [
            119,
            430
        ],
        "radloc": [
            0,
            0
        ],
        "mean": [
            18.00632911392405,
            20.09493670886076,
            28.765822784810126,
            39.12658227848101,
            34.91772151898734,
            41.18354430379747,
            64.16455696202532,
            34.063291139240505
        ],
        "min": [
            6,
            8,
            10,
            13,
            12,
            14,
            11,
            11
        ],
        "max": [
            59,
            59,
            99,
            85,
            97,
            104,
            161,
            75
        ],
        "RawIntDen": [
            2845,
            3175,
            4545,
            6182,
            5517,
            6507,
            10138,
            5382
        ],
        "IntDen": [
            1951.7877623123034,
            2178.181421912676,
            3118.0581299505866,
            4241.1078898469805,
            3784.890363682593,
            4464.071342483711,
            6955.087639480538,
            3692.274775664259
        ],
        "FlagUp": 0,
        "Times": [],
        "width": 0,
        "height": 0,
        "area": [
            0.6860413927284019,
            0.6860413927284019,
            0.6860413927284019,
            0.6860413927284019,
            0.6860413927284019,
            0.6860413927284019,
            0.6860413927284019,
            0.6860413927284019
        ],
        "distance": 0,
        "xpert": [
            [
                119.0,
                438.6
            ],
            [
                113.6,
                435.4
            ],
            [
                114.4,
                430.0
            ],
            [
                115.8,
                426.8
            ],
            [
                119.0,
                418.6
            ],
            [
                125.2,
                423.8
            ],
            [
                125.4,
                430.0
            ],
            [
                124.6,
                435.6
            ]
        ],
        "stack": 0,
        "shift": [
            [
                0.0,
                0.0
            ],
            [
                0.0,
                0.0
            ],
            [
                0.0,
                0.0
            ],
            [
                0.0,
                0.0
            ],
            [
                0.0,
                0.0
            ],
            [
                0.0,
                0.0
            ],
            [
                0.0,
                0.0
            ],
            [
                0.0,
                0.0
            ],
            [
                0.0,
                0.0
            ]
        ],
        "channel": 0
    },
    {
        "type": "Stim",
        "location": [
            133,
            425
        ],
        "radloc": [
            0,
            0
        ],
        "mean": [
            28.34715025906736,
            29.129533678756477,
            35.58549222797927,
            69.37305699481865,
            65.20725388601036,
            83.11917098445596,
            79.84455958549223,
            69.01036269430051
        ],
        "min": [
            9,
            8,
            9,
            15,
            16,
            29,
            14,
            17
        ],
        "max": [
            74,
            75,
            99,
            162,
            160,
            152,
            203,
            200
        ],
        "RawIntDen": [
            5471,
            5622,
            6868,
            13389,
            12585,
            16042,
            15410,
            13319
        ],
        "IntDen": [
            4584.7668652284665,
            4711.306765913807,
            5755.470449714698,
            11220.150531629308,
            10546.388411423917,
            13443.39792578963,
            12913.773970603303,
            11161.489650516898
        ],
        "FlagUp": 0,
        "Times": [],
        "width": 0,
        "height": 0,
        "area": [
            0.8380125873201365,
            0.8380125873201365,
            0.8380125873201365,
            0.8380125873201365,
            0.8380125873201365,
            0.8380125873201365,
            0.8380125873201365,
            0.8380125873201365
        ],
        "distance": 0,
        "xpert": [
            [
                133.0,
                432.0
            ],
            [
                127.0,
                431.0
            ],
            [
                125.4,
                425.0
            ],
            [
                124.0,
                416.0
            ],
            [
                133.0,
                414.8
            ],
            [
                138.2,
                419.8
            ],
            [
                138.8,
                425.0
            ],
            [
                137.2,
                429.2
            ]
        ],
        "stack": 0,
        "shift": [
            [
                0.0,
                0.0
            ],
            [
                0.0,
                0.0
            ],
            [
                0.0,
                0.0
            ],
            [
                0.0,
                0.0
            ],
            [
                0.0,
                0.0
            ],
            [
                0.0,
                0.0
            ],
            [
                0.0,
                0.0
            ],
            [
                0.0,
                0.0
            ],
            [
                0.0,
                0.0
            ]
        ],
        "channel": 0
    },
    {
        "type": "Stim",
        "location": [
            135,
            402
        ],
        "radloc": [
            0,
            0
        ],
        "mean": [
            56.902255639097746,
            50.72932330827068,
            54.97744360902256,
            64.29323308270676,
            54.97744360902256,
            42.669172932330824,
            39.42857142857143,
            51.473684210526315
        ],
        "min": [
            13,
            13,
            16,
            10,
            12,
            13,
            12,
            13
        ],
        "max": [
            159,
            146,
            143,
            141,
            136,
            126,
            98,
            139
        ],
        "RawIntDen": [
            7568,
            6747,
            7312,
            8551,
            7312,
            5675,
            5244,
            6846
        ],
        "IntDen": [
            4370.44840254694,
            3896.3286696596465,
            4222.610824448101,
            4938.1216028249055,
            4222.610824448101,
            3277.2588113707566,
            3028.360388868414,
            3953.5002330650573
        ],
        "FlagUp": 0,
        "Times": [],
        "width": 0,
        "height": 0,
        "area": [
            0.5774905394485914,
            0.5774905394485914,
            0.5774905394485914,
            0.5774905394485914,
            0.5774905394485914,
            0.5774905394485914,
            0.5774905394485914,
            0.5774905394485914
        ],
        "distance": 0,
        "xpert": [
            [
                135.0,
                412.2
            ],
            [
                129.6,
                407.4
            ],
            [
                129.6,
                402.0
            ],
            [
                130.6,
                397.6
            ],
            [
                135.0,
                397.6
            ],
            [
                138.6,
                398.4
            ],
            [
                139.6,
                402.0
            ],
            [
                143.0,
                410.0
            ]
        ],
        "stack": 0,
        "shift": [
            [
                0.0,
                0.0
            ],
            [
                0.0,
                0.0
            ],
            [
                0.0,
                0.0
            ],
            [
                0.0,
                0.0
            ],
            [
                0.0,
                0.0
            ],
            [
                0.0,
                0.0
            ],
            [
                0.0,
                0.0
            ],
            [
                0.0,
                0.0
            ],
            [
                0.0,
                0.0
            ]
        ],
        "channel": 0
    },
    {
        "type": "Stim",
        "location": [
            162,
            398
        ],
        "radloc": [
            0,
            0
        ],
        "mean": [
            33.60606060606061,
            58.91919191919192,
            35.25252525252525,
            68.53535353535354,
            47.85858585858586,
            31.737373737373737,
            20.77777777777778,
            26.666666666666668
        ],
        "min": [
            11,
            14,
            10,
            10,
            11,
            9,
            8,
            9
        ],
        "max": [
            64,
            140,
            81,
            159,
            101,
            92,
            66,
            54
        ],
        "RawIntDen": [
            3327,
            5833,
            3490,
            6785,
            4738,
            3142,
            2057,
            2640
        ],
        "IntDen": [
            1430.14880789324,
            2507.3814236372914,
            1500.216212668292,
            2916.6094564339146,
            2036.6832136453775,
            1350.6244527804508,
            884.2248565784174,
            1134.83404052845
        ],
        "FlagUp": 0,
        "Times": [],
        "width": 0,
        "height": 0,
        "area": [
            0.42986137898804927,
            0.42986137898804927,
            0.42986137898804927,
            0.42986137898804927,
            0.42986137898804927,
            0.42986137898804927,
            0.42986137898804927,
            0.42986137898804927
        ],
        "distance": 0,
        "xpert": [
            [
                162.0,
                403.4
            ],
            [
                155.6,
                404.4
            ],
            [
                155.8,
                398.0
            ],
            [
                157.6,
                393.6
            ],
            [
                162.0,
                392.6
            ],
            [
                165.2,
                394.8
            ],
            [
                167.2,
                398.0
            ],
            [
                165.4,
                401.4
            ]
        ],
        "stack": 0,
        "shift": [
            [
                0.0,
                0.0
            ],
            [
                0.0,
                0.0
            ],
            [
                0.0,
                0.0
            ],
            [
                0.0,
                0.0
            ],
            [
                0.0,
                0.0
            ],
            [
                0.0,
                0.0
            ],
            [
                0.0,
                0.0
            ],
            [
                0.0,
                0.0
            ],
            [
                0.0,
                0.0
            ]
        ],
        "channel": 0
    },
    {
        "type": "Stim",
        "location": [
            203,
            413
        ],
        "radloc": [
            0,
            0
        ],
        "mean": [
            38.7962962962963,
            54.38425925925926,
            42.226851851851855,
            63.532407407407405,
            59.78703703703704,
            67.49537037037037,
            52.51851851851852,
            55.361111111111114
        ],
        "min": [
            11,
            14,
            10,
            12,
            24,
            27,
            11,
            13
        ],
        "max": [
            118,
            118,
            124,
            159,
            121,
            128,
            104,
            138
        ],
        "RawIntDen": [
            8380,
            11747,
            9121,
            13723,
            12914,
            14579,
            11344,
            11958
        ],
        "IntDen": [
            7859.42914018877,
            11017.268986849342,
            8554.397755090904,
            12870.518626588364,
            12111.774214367277,
            13673.343369309317,
            10639.303599797304,
            11215.161534412568
        ],
        "FlagUp": 0,
        "Times": [],
        "width": 0,
        "height": 0,
        "area": [
            0.937879372337562,
            0.937879372337562,
            0.937879372337562,
            0.937879372337562,
            0.937879372337562,
            0.937879372337562,
            0.937879372337562,
            0.937879372337562
        ],
        "distance": 0,
        "xpert": [
            [
                203.0,
                426.0
            ],
            [
                196.6,
                419.4
            ],
            [
                194.6,
                413.0
            ],
            [
                198.2,
                408.2
            ],
            [
                203.0,
                407.0
            ],
            [
                209.0,
                407.0
            ],
            [
                210.0,
                413.0
            ],
            [
                210.2,
                420.2
            ]
        ],
        "stack": 0,
        "shift": [
            [
                0.0,
                0.0
            ],
            [
                0.0,
                0.0
            ],
            [
                0.0,
                0.0
            ],
            [
                0.0,
                0.0
            ],
            [
                0.0,
                0.0
            ],
            [
                0.0,
                0.0
            ],
            [
                0.0,
                0.0
            ],
            [
                0.0,
                0.0
            ],
            [
                0.0,
                0.0
            ]
        ],
        "channel": 0
    },
    {
        "type": "Stim",
        "location": [
            214,
            449
        ],
        "radloc": [
            0,
            0
        ],
        "mean": [
            38.98360655737705,
            33.049180327868854,
            25.57377049180328,
            36.868852459016395,
            42.278688524590166,
            40.08196721311475,
            26.540983606557376,
            30.311475409836067
        ],
        "min": [
            13,
            10,
            11,
            12,
            12,
            15,
            7,
            8
        ],
        "max": [
            87,
            75,
            47,
            65,
            84,
            91,
            71,
            69
        ],
        "RawIntDen": [
            2378,
            2016,
            1560,
            2249,
            2579,
            2445,
            1619,
            1849
        ],
        "IntDen": [
            629.8467870025096,
            533.9659893175186,
            413.1879679242704,
            595.6793204241565,
            683.0844674850598,
            647.592680496693,
            428.8149487624319,
            489.73368762306154
        ],
        "FlagUp": 0,
        "Times": [],
        "width": 0,
        "height": 0,
        "area": [
            0.2648640820027374,
            0.2648640820027374,
            0.2648640820027374,
            0.2648640820027374,
            0.2648640820027374,
            0.2648640820027374,
            0.2648640820027374,
            0.2648640820027374
        ],
        "distance": 0,
        "xpert": [
            [
                214.0,
                452.8
            ],
            [
                210.8,
                452.2
            ],
            [
                208.8,
                449.0
            ],
            [
                210.4,
                445.4
            ],
            [
                214.0,
                444.6
            ],
            [
                217.4,
                445.6
            ],
            [
                219.2,
                449.0
            ],
            [
                217.0,
                452.0
            ]
        ],
        "stack": 0,
        "shift": [
            [
                0.0,
                0.0
            ],
            [
                0.0,
                0.0
            ],
            [
                0.0,
                0.0
            ],
            [
                0.0,
                0.0
            ],
            [
                0.0,
                0.0
            ],
            [
                0.0,
                0.0
            ],
            [
                0.0,
                0.0
            ],
            [
                0.0,
                0.0
            ],
            [
                0.0,
                0.0
            ]
        ],
        "channel": 0
    },
    {
        "type": "Stim",
        "location": [
            153,
            438
        ],
        "radloc": [
            0,
            0
        ],
        "mean": [
            40.721311475409834,
            40.18032786885246,
            30.959016393442624,
            33.032786885245905,
            31.852459016393443,
            53.631147540983605,
            35.57377049180328,
            34.63934426229508
        ],
        "min": [
            11,
            15,
            13,
            12,
            11,
            10,
            11,
            9
        ],
        "max": [
            92,
            72,
            59,
            76,
            75,
            109,
            85,
            80
        ],
        "RawIntDen": [
            4968,
            4902,
            3777,
            4030,
            3886,
            6543,
            4340,
            4226
        ],
        "IntDen": [
            2631.6895187791993,
            2596.7274599548377,
            2000.7832754486785,
            2134.804500942064,
            2058.5236453252755,
            3466.011377087822,
            2299.020231783761,
            2238.631221087137
        ],
        "FlagUp": 0,
        "Times": [],
        "width": 0,
        "height": 0,
        "area": [
            0.5297281640054748,
            0.5297281640054748,
            0.5297281640054748,
            0.5297281640054748,
            0.5297281640054748,
            0.5297281640054748,
            0.5297281640054748,
            0.5297281640054748
        ],
        "distance": 0,
        "xpert": [
            [
                153.0,
                444.4
            ],
            [
                147.0,
                444.0
            ],
            [
                149.4,
                438.0
            ],
            [
                150.4,
                435.4
            ],
            [
                153.0,
                434.4
            ],
            [
                158.0,
                433.0
            ],
            [
                161.8,
                438.0
            ],
            [
                159.8,
                444.8
            ]
        ],
        "stack": 0,
        "shift": [
            [
                0.0,
                0.0
            ],
            [
                0.0,
                0.0
            ],
            [
                0.0,
                0.0
            ],
            [
                0.0,
                0.0
            ],
            [
                0.0,
                0.0
            ],
            [
                0.0,
                0.0
            ],
            [
                0.0,
                0.0
            ],
            [
                0.0,
                0.0
            ],
            [
                0.0,
                0.0
            ]
        ],
        "channel": 0
    },
    {
        "type": "Spine",
        "location": [
            227,
            409
        ],
        "radloc": [
            0,
            0
        ],
        "mean": [
            44.64661654135338,
            56.1203007518797,
            44.83458646616541,
            51.0,
            39.669172932330824,
            35.82706766917293,
            69.71428571428571,
            33.57142857142857
        ],
        "min": [
            8,
            10,
            10,
            11,
            10,
            11,
            17,
            10
        ],
        "max": [
            108,
            130,
            124,
            119,
            87,
            96,
            164,
            95
        ],
        "RawIntDen": [
            5938,
            7464,
            5963,
            6783,
            5276,
            4765,
            9272,
            4465
        ],
        "IntDen": [
            3429.138823245736,
            4310.389386444287,
            3443.576086731951,
            3917.118329079796,
            3046.8400861307687,
            2751.7424204725385,
            5354.49228176734,
            2578.495258637961
        ],
        "FlagUp": 0,
        "Times": [],
        "width": 0,
        "height": 0,
        "area": [
            0.5774905394485914,
            0.5774905394485914,
            0.5774905394485914,
            0.5774905394485914,
            0.5774905394485914,
            0.5774905394485914,
            0.5774905394485914,
            0.5774905394485914
        ],
        "distance": -0.8998501264990529,
        "xpert": [
            [
                227.0,
                416.8
            ],
            [
                220.4,
                415.6
            ],
            [
                221.8,
                409.0
            ],
            [
                223.0,
                405.0
            ],
            [
                227.0,
                403.6
            ],
            [
                231.4,
                404.6
            ],
            [
                234.0,
                409.0
            ],
            [
                232.6,
                414.6
            ]
        ],
        "stack": 0,
        "shift": [
            [
                0.0,
                0.0
            ],
            [
                0.0,
                0.0
            ],
            [
                0.0,
                0.0
            ],
            [
                0.0,
                0.0
            ],
            [
                0.0,
                0.0
            ],
            [
                0.0,
                0.0
            ],
            [
                0.0,
                0.0
            ],
            [
                0.0,
                0.0
            ],
            [
                0.0,
                0.0
            ]
        ],
        "channel": 0
    },
    {
        "type": "Spine",
        "location": [
            186,
            411
        ],
        "radloc": [
            0,
            0
        ],
        "mean": [
            45.224489795918366,
            46.69387755102041,
            50.95918367346939,
            79.03571428571429,
            97.62755102040816,
            62.62755102040816,
            39.21938775510204,
            56.23979591836735
        ],
        "min": [
            7,
            11,
            9,
            15,
            40,
            14,
            9,
            13
        ],
        "max": [
            111,
            111,
            139,
            171,
            182,
            140,
            117,
            128
        ],
        "RawIntDen": [
            8864,
            9152,
            9988,
            15491,
            19135,
            12275,
            7687,
            11023
        ],
        "IntDen": [
            7543.606945622359,
            7788.706088259908,
            8500.174432860573,
            13183.44034235514,
            16284.625327671913,
            10446.499916235836,
            6541.934407829317,
            9380.999476714267
        ],
        "FlagUp": 0,
        "Times": [],
        "width": 0,
        "height": 0,
        "area": [
            0.8510386897137138,
            0.8510386897137138,
            0.8510386897137138,
            0.8510386897137138,
            0.8510386897137138,
            0.8510386897137138,
            0.8510386897137138,
            0.8510386897137138
        ],
        "distance": -0.6748806723336449,
        "xpert": [
            [
                186.0,
                417.8
            ],
            [
                178.4,
                418.6
            ],
            [
                175.8,
                411.0
            ],
            [
                178.4,
                403.4
            ],
            [
                186.0,
                404.8
            ],
            [
                189.6,
                407.4
            ],
            [
                193.4,
                411.0
            ],
            [
                193.2,
                418.2
            ]
        ],
        "stack": 0,
        "shift": [
            [
                0.0,
                0.0
            ],
            [
                0.0,
                0.0
            ],
            [
                0.0,
                0.0
            ],
            [
                0.0,
                0.0
            ],
            [
                0.0,
                0.0
            ],
            [
                0.0,
                0.0
            ],
            [
                0.0,
                0.0
            ],
            [
                0.0,
                0.0
            ],
            [
                0.0,
                0.0
            ]
        ],
        "channel": 0
    },
    {
        "type": "Spine",
        "location": [
            69,
            390
        ],
        "radloc": [
            0,
            0
        ],
        "mean": [
            53.602739726027394,
            35.013698630136986,
            31.986301369863014,
            36.52054794520548,
            30.643835616438356,
            26.80821917808219,
            31.63013698630137,
            39.84931506849315
        ],
        "min": [
            24,
            10,
            11,
            7,
            10,
            8,
            10,
            8
        ],
        "max": [
            89,
            82,
            63,
            78,
            77,
            86,
            87,
            78
        ],
        "RawIntDen": [
            3913,
            2556,
            2335,
            2666,
            2237,
            1957,
            2309,
            2909
        ],
        "IntDen": [
            1240.2977075409826,
            810.1714644709307,
            740.1214278324035,
            845.0379985444058,
            709.0585156578529,
            620.3073380162799,
            731.8802470514003,
            922.0613419976281
        ],
        "FlagUp": 0,
        "Times": [],
        "width": 0,
        "height": 0,
        "area": [
            0.31696849157704643,
            0.31696849157704643,
            0.31696849157704643,
            0.31696849157704643,
            0.31696849157704643,
            0.31696849157704643,
            0.31696849157704643,
            0.31696849157704643
        ],
        "distance": 3.45825518974858,
        "xpert": [
            [
                69.0,
                395.6
            ],
            [
                62.8,
                396.2
            ],
            [
                64.0,
                390.0
            ],
            [
                66.0,
                387.0
            ],
            [
                69.0,
                385.2
            ],
            [
                72.8,
                386.2
            ],
            [
                72.2,
                390.0
            ],
            [
                71.6,
                392.6
            ]
        ],
        "stack": 0,
        "shift": [
            [
                0.0,
                0.0
            ],
            [
                0.0,
                0.0
            ],
            [
                0.0,
                0.0
            ],
            [
                0.0,
                0.0
            ],
            [
                0.0,
                0.0
            ],
            [
                0.0,
                0.0
            ],
            [
                0.0,
                0.0
            ],
            [
                0.0,
                0.0
            ],
            [
                0.0,
                0.0
            ]
        ],
        "channel": 0
    },
    {
        "type": "Spine",
        "location": [
            58,
            414
        ],
        "radloc": [
            0,
            0
        ],
        "mean": [
            29.714285714285715,
            37.94642857142857,
            40.767857142857146,
            25.678571428571427,
            29.428571428571427,
            32.67857142857143,
            27.714285714285715,
            33.375
        ],
        "min": [
            9,
            11,
            16,
            11,
            14,
            16,
            13,
            15
        ],
        "max": [
            59,
            63,
            67,
            61,
            76,
            53,
            66,
            68
        ],
        "RawIntDen": [
            1664,
            2125,
            2283,
            1438,
            1648,
            1830,
            1552,
            1869
        ],
        "IntDen": [
            404.6081084810342,
            516.7020616118976,
            555.1203796046881,
            349.655324516663,
            400.7176458994858,
            444.9716577645989,
            377.37487041019534,
            454.4546603071231
        ],
        "FlagUp": 0,
        "Times": [],
        "width": 0,
        "height": 0,
        "area": [
            0.24315391134677536,
            0.24315391134677536,
            0.24315391134677536,
            0.24315391134677536,
            0.24315391134677536,
            0.24315391134677536,
            0.24315391134677536,
            0.24315391134677536
        ],
        "distance": 4.183045189748579,
        "xpert": [
            [
                58.0,
                418.4
            ],
            [
                54.6,
                417.4
            ],
            [
                53.0,
                414.0
            ],
            [
                54.8,
                410.8
            ],
            [
                58.0,
                409.2
            ],
            [
                61.2,
                410.8
            ],
            [
                61.6,
                414.0
            ],
            [
                60.6,
                416.6
            ]
        ],
        "stack": 0,
        "shift": [
            [
                0.0,
                0.0
            ],
            [
                0.0,
                0.0
            ],
            [
                0.0,
                0.0
            ],
            [
                0.0,
                0.0
            ],
            [
                0.0,
                0.0
            ],
            [
                0.0,
                0.0
            ],
            [
                0.0,
                0.0
            ],
            [
                0.0,
                0.0
            ],
            [
                0.0,
                0.0
            ]
        ],
        "channel": 0
    },
    {
        "type": "Spine",
        "location": [
            45,
            413
        ],
        "radloc": [
            0,
            0
        ],
        "mean": [
            48.03225806451613,
            57.99193548387097,
            52.604838709677416,
            31.919354838709676,
            72.2258064516129,
            50.87096774193548,
            39.86290322580645,
            36.41935483870968
        ],
        "min": [
            6,
            13,
            14,
            13,
            18,
            11,
            9,
            9
        ],
        "max": [
            131,
            141,
            117,
            69,
            128,
            119,
            93,
            95
        ],
        "RawIntDen": [
            5956,
            7191,
            6523,
            3958,
            8956,
            6308,
            4943,
            4516
        ],
        "IntDen": [
            3206.7832553873723,
            3871.7223622381794,
            3512.062991083249,
            2131.035615316189,
            4822.019952190952,
            3396.304361145659,
            2661.3716641000306,
            2431.4696409216544
        ],
        "FlagUp": 0,
        "Times": [],
        "width": 0,
        "height": 0,
        "area": [
            0.5384122322678597,
            0.5384122322678597,
            0.5384122322678597,
            0.5384122322678597,
            0.5384122322678597,
            0.5384122322678597,
            0.5384122322678597,
            0.5384122322678597
        ],
        "distance": 5.039615189748579,
        "xpert": [
            [
                45.0,
                419.6
            ],
            [
                40.4,
                417.6
            ],
            [
                38.0,
                413.0
            ],
            [
                38.2,
                406.2
            ],
            [
                45.0,
                406.6
            ],
            [
                50.2,
                407.8
            ],
            [
                49.8,
                413.0
            ],
            [
                49.0,
                417.0
            ]
        ],
        "stack": 0,
        "shift": [
            [
                0.0,
                0.0
            ],
            [
                0.0,
                0.0
            ],
            [
                0.0,
                0.0
            ],
            [
                0.0,
                0.0
            ],
            [
                0.0,
                0.0
            ],
            [
                0.0,
                0.0
            ],
            [
                0.0,
                0.0
            ],
            [
                0.0,
                0.0
            ],
            [
                0.0,
                0.0
            ]
        ],
        "channel": 0
    },
    {
        "type": "Spine",
        "location": [
            251,
            455
        ],
        "radloc": [
            0,
            0
        ],
        "mean": [
            43.9875,
            38.0375,
            33.55,
            27.0,
            28.075,
            28.25,
            38.8875,
            27.6875
        ],
        "min": [
            14,
            9,
            7,
            7,
            8,
            8,
            11,
            9
        ],
        "max": [
            83,
            88,
            86,
            64,
            68,
            52,
            77,
            61
        ],
        "RawIntDen": [
            3519,
            3043,
            2684,
            2160,
            2246,
            2260,
            3111,
            2215
        ],
        "IntDen": [
            1222.3694486132893,
            1057.024788897482,
            932.3215686496358,
            750.3034978700497,
            780.1766926926534,
            785.039770919589,
            1080.6454545711688,
            769.4084480472962
        ],
        "FlagUp": 0,
        "Times": [],
        "width": 0,
        "height": 0,
        "area": [
            0.34736273049539335,
            0.34736273049539335,
            0.34736273049539335,
            0.34736273049539335,
            0.34736273049539335,
            0.34736273049539335,
            0.34736273049539335,
            0.34736273049539335
        ],
        "distance": 3.303766154169162,
        "xpert": [
            [
                251.0,
                458.8
            ],
            [
                247.8,
                458.2
            ],
            [
                245.2,
                455.0
            ],
            [
                248.0,
                452.0
            ],
            [
                251.0,
                449.4
            ],
            [
                255.8,
                450.2
            ],
            [
                257.8,
                455.0
            ],
            [
                255.0,
                459.0
            ]
        ],
        "stack": 0,
        "shift": [
            [
                0.0,
                0.0
            ],
            [
                0.0,
                0.0
            ],
            [
                0.0,
                0.0
            ],
            [
                0.0,
                0.0
            ],
            [
                0.0,
                0.0
            ],
            [
                0.0,
                0.0
            ],
            [
                0.0,
                0.0
            ],
            [
                0.0,
                0.0
            ],
            [
                0.0,
                0.0
            ]
        ],
        "channel": 0
    },
    {
        "type": "Spine",
        "location": [
            247,
            423
        ],
        "radloc": [
            0,
            0
        ],
        "mean": [
            35.595238095238095,
            32.51190476190476,
            30.761904761904763,
            31.333333333333332,
            32.916666666666664,
            38.535714285714285,
            40.0,
            40.54761904761905
        ],
        "min": [
            10,
            11,
            10,
            9,
            10,
            11,
            14,
            15
        ],
        "max": [
            86,
            72,
            61,
            82,
            76,
            81,
            75,
            76
        ],
        "RawIntDen": [
            2990,
            2731,
            2584,
            2632,
            2765,
            3237,
            3360,
            3406
        ],
        "IntDen": [
            1090.5452923902874,
            996.0799978320653,
            942.4645603801013,
            959.9716419970691,
            1008.4808473107507,
            1180.6338165442678,
            1225.4957131877477,
            1242.2733330706753
        ],
        "FlagUp": 0,
        "Times": [],
        "width": 0,
        "height": 0,
        "area": [
            0.36473086702016305,
            0.36473086702016305,
            0.36473086702016305,
            0.36473086702016305,
            0.36473086702016305,
            0.36473086702016305,
            0.36473086702016305,
            0.36473086702016305
        ],
        "distance": 2.3108326581238163,
        "xpert": [
            [
                247.0,
                427.6
            ],
            [
                242.4,
                427.6
            ],
            [
                241.6,
                423.0
            ],
            [
                243.4,
                419.4
            ],
            [
                247.0,
                418.6
            ],
            [
                251.4,
                418.6
            ],
            [
                254.2,
                423.0
            ],
            [
                250.2,
                426.2
            ]
        ],
        "stack": 0,
        "shift": [
            [
                0.0,
                0.0
            ],
            [
                0.0,
                0.0
            ],
            [
                0.0,
                0.0
            ],
            [
                0.0,
                0.0
            ],
            [
                0.0,
                0.0
            ],
            [
                0.0,
                0.0
            ],
            [
                0.0,
                0.0
            ],
            [
                0.0,
                0.0
            ],
            [
                0.0,
                0.0
            ]
        ],
        "channel": 0
    },
    {
        "type": "Spine",
        "location": [
            276,
            411
        ],
        "radloc": [
            0,
            0
        ],
        "mean": [
            29.121951219512194,
            32.24390243902439,
            64.17073170731707,
            27.71951219512195,
            21.524390243902438,
            37.15853658536585,
            21.634146341463413,
            35.47560975609756
        ],
        "min": [
            7,
            9,
            31,
            10,
            8,
            10,
            8,
            11
        ],
        "max": [
            72,
            89,
            124,
            87,
            66,
            75,
            72,
            79
        ],
        "RawIntDen": [
            2388,
            2644,
            5262,
            2273,
            1765,
            3047,
            1774,
            2909
        ],
        "IntDen": [
            850.2397554335744,
            941.3877359155656,
            1873.5182550634288,
            809.2943735764298,
            628.4225998074785,
            1084.8745958149502,
            631.6270209962985,
            1035.7401375863767
        ],
        "FlagUp": 0,
        "Times": [],
        "width": 0,
        "height": 0,
        "area": [
            0.35604679875777817,
            0.35604679875777817,
            0.35604679875777817,
            0.35604679875777817,
            0.35604679875777817,
            0.35604679875777817,
            0.35604679875777817,
            0.35604679875777817
        ],
        "distance": 4.549153037620975,
        "xpert": [
            [
                276.0,
                416.2
            ],
            [
                272.8,
                414.2
            ],
            [
                270.0,
                411.0
            ],
            [
                268.8,
                403.8
            ],
            [
                276.0,
                406.4
            ],
            [
                279.8,
                407.2
            ],
            [
                280.4,
                411.0
            ],
            [
                279.0,
                414.0
            ]
        ],
        "stack": 0,
        "shift": [
            [
                0.0,
                0.0
            ],
            [
                0.0,
                0.0
            ],
            [
                0.0,
                0.0
            ],
            [
                0.0,
                0.0
            ],
            [
                0.0,
                0.0
            ],
            [
                0.0,
                0.0
            ],
            [
                0.0,
                0.0
            ],
            [
                0.0,
                0.0
            ],
            [
                0.0,
                0.0
            ]
        ],
        "channel": 0
    },
    {
        "type": "Spine",
        "location": [
            288,
            467
        ],
        "radloc": [
            0,
            0
        ],
        "mean": [
            20.173333333333332,
            28.586666666666666,
            29.48,
            23.626666666666665,
            30.973333333333333,
            30.85333333333333,
            52.46666666666667,
            34.8
        ],
        "min": [
            7,
            7,
            10,
            11,
            11,
            11,
            16,
            7
        ],
        "max": [
            59,
            69,
            59,
            53,
            73,
            75,
            92,
            76
        ],
        "RawIntDen": [
            1513,
            2144,
            2211,
            1772,
            2323,
            2314,
            3935,
            2610
        ],
        "IntDen": [
            492.7123230370595,
            698.1990882957407,
            720.0178098049826,
            577.0563360354722,
            756.4908965069989,
            753.560023468444,
            1281.442822968162,
            849.9531811809156
        ],
        "FlagUp": 0,
        "Times": [],
        "width": 0,
        "height": 0,
        "area": [
            0.32565255983943125,
            0.32565255983943125,
            0.32565255983943125,
            0.32565255983943125,
            0.32565255983943125,
            0.32565255983943125,
            0.32565255983943125,
            0.32565255983943125
        ],
        "distance": 5.3671255692457365,
        "xpert": [
            [
                288.0,
                471.4
            ],
            [
                284.4,
                470.6
            ],
            [
                282.0,
                467.0
            ],
            [
                282.6,
                461.6
            ],
            [
                288.0,
                462.6
            ],
            [
                291.8,
                463.2
            ],
            [
                292.6,
                467.0
            ],
            [
                291.0,
                470.0
            ]
        ],
        "stack": 0,
        "shift": [
            [
                0.0,
                0.0
            ],
            [
                0.0,
                0.0
            ],
            [
                0.0,
                0.0
            ],
            [
                0.0,
                0.0
            ],
            [
                0.0,
                0.0
            ],
            [
                0.0,
                0.0
            ],
            [
                0.0,
                0.0
            ],
            [
                0.0,
                0.0
            ],
            [
                0.0,
                0.0
            ]
        ],
        "channel": 0
    },
    {
        "type": "Spine",
        "location": [
            307,
            421
        ],
        "radloc": [
            0,
            0
        ],
        "mean": [
            61.026666666666664,
            36.0,
            29.106666666666666,
            23.786666666666665,
            31.813333333333333,
            25.866666666666667,
            30.093333333333334,
            21.2
        ],
        "min": [
            18,
            9,
            9,
            6,
            10,
            9,
            12,
            8
        ],
        "max": [
            117,
            93,
            66,
            49,
            67,
            45,
            64,
            61
        ],
        "RawIntDen": [
            4577,
            2700,
            2183,
            1784,
            2386,
            1940,
            2257,
            1590
        ],
        "IntDen": [
            1490.511766385077,
            879.2619115664644,
            710.8995381294785,
            580.9641667535454,
            777.007007776883,
            631.7659660884967,
            734.9978275575963,
            517.7875701446957
        ],
        "FlagUp": 0,
        "Times": [],
        "width": 0,
        "height": 0,
        "area": [
            0.32565255983943125,
            0.32565255983943125,
            0.32565255983943125,
            0.32565255983943125,
            0.32565255983943125,
            0.32565255983943125,
            0.32565255983943125,
            0.32565255983943125
        ],
        "distance": 6.782790758994315,
        "xpert": [
            [
                307.0,
                425.8
            ],
            [
                302.8,
                425.2
            ],
            [
                302.6,
                421.0
            ],
            [
                303.4,
                417.4
            ],
            [
                307.0,
                415.0
            ],
            [
                310.4,
                417.6
            ],
            [
                312.4,
                421.0
            ],
            [
                310.6,
                424.6
            ]
        ],
        "stack": 0,
        "shift": [
            [
                0.0,
                0.0
            ],
            [
                0.0,
                0.0
            ],
            [
                0.0,
                0.0
            ],
            [
                0.0,
                0.0
            ],
            [
                0.0,
                0.0
            ],
            [
                0.0,
                0.0
            ],
            [
                0.0,
                0.0
            ],
            [
                0.0,
                0.0
            ],
            [
                0.0,
                0.0
            ]
        ],
        "channel": 0
    },
    {
        "type": "Spine",
        "location": [
            323,
            455
        ],
        "radloc": [
            0,
            0
        ],
        "mean": [
            43.11290322580645,
            44.193548387096776,
            36.37096774193548,
            27.532258064516128,
            28.5,
            28.096774193548388,
            30.596774193548388,
            28.419354838709676
        ],
        "min": [
            18,
            21,
            16,
            12,
            10,
            14,
            14,
            11
        ],
        "max": [
            86,
            68,
            69,
            54,
            70,
            51,
            49,
            68
        ],
        "RawIntDen": [
            2673,
            2740,
            2255,
            1707,
            1767,
            1742,
            1897,
            1762
        ],
        "IntDen": [
            719.5879484259945,
            737.6247582069678,
            607.0597918820118,
            459.5348402406183,
            475.68720720865406,
            468.9570543053058,
            510.68400230606494,
            474.3411766279844
        ],
        "FlagUp": 0,
        "Times": [],
        "width": 0,
        "height": 0,
        "area": [
            0.26920611613392986,
            0.26920611613392986,
            0.26920611613392986,
            0.26920611613392986,
            0.26920611613392986,
            0.26920611613392986,
            0.26920611613392986,
            0.26920611613392986
        ],
        "distance": 7.837030758994316,
        "xpert": [
            [
                323.0,
                458.6
            ],
            [
                320.0,
                458.0
            ],
            [
                316.0,
                455.0
            ],
            [
                320.0,
                452.0
            ],
            [
                323.0,
                450.2
            ],
            [
                326.2,
                451.8
            ],
            [
                328.0,
                455.0
            ],
            [
                326.2,
                458.2
            ]
        ],
        "stack": 0,
        "shift": [
            [
                0.0,
                0.0
            ],
            [
                0.0,
                0.0
            ],
            [
                0.0,
                0.0
            ],
            [
                0.0,
                0.0
            ],
            [
                0.0,
                0.0
            ],
            [
                0.0,
                0.0
            ],
            [
                0.0,
                0.0
            ],
            [
                0.0,
                0.0
            ],
            [
                0.0,
                0.0
            ]
        ],
        "channel": 0
    },
    {
        "type": "Spine",
        "location": [
            357,
            459
        ],
        "radloc": [
            0,
            0
        ],
        "mean": [
            21.6046511627907,
            24.72093023255814,
            19.348837209302324,
            20.093023255813954,
            27.41860465116279,
            26.325581395348838,
            29.953488372093023,
            31.674418604651162
        ],
        "min": [
            10,
            10,
            11,
            11,
            15,
            14,
            10,
            18
        ],
        "max": [
            56,
            52,
            35,
            37,
            54,
            47,
            66,
            50
        ],
        "RawIntDen": [
            929,
            1063,
            832,
            864,
            1179,
            1132,
            1288,
            1362
        ],
        "IntDen": [
            173.45123743874348,
            198.47003810267418,
            155.3406130775399,
            161.31525204206068,
            220.12810434906197,
            211.3528533699221,
            240.47921832196081,
            254.2955709274151
        ],
        "FlagUp": 0,
        "Times": [],
        "width": 0,
        "height": 0,
        "area": [
            0.18670746764127394,
            0.18670746764127394,
            0.18670746764127394,
            0.18670746764127394,
            0.18670746764127394,
            0.18670746764127394,
            0.18670746764127394,
            0.18670746764127394
        ],
        "distance": 10.186460885493371,
        "xpert": [
            [
                357.0,
                462.4
            ],
            [
                355.0,
                461.0
            ],
            [
                353.6,
                459.0
            ],
            [
                354.0,
                456.0
            ],
            [
                357.0,
                454.8
            ],
            [
                360.4,
                455.6
            ],
            [
                360.8,
                459.0
            ],
            [
                360.4,
                462.4
            ]
        ],
        "stack": 0,
        "shift": [
            [
                0.0,
                0.0
            ],
            [
                0.0,
                0.0
            ],
            [
                0.0,
                0.0
            ],
            [
                0.0,
                0.0
            ],
            [
                0.0,
                0.0
            ],
            [
                0.0,
                0.0
            ],
            [
                0.0,
                0.0
            ],
            [
                0.0,
                0.0
            ],
            [
                0.0,
                0.0
            ]
        ],
        "channel": 0
    },
    {
        "type": "Spine",
        "location": [
            376,
            462
        ],
        "radloc": [
            0,
            0
        ],
        "mean": [
            26.98,
            41.62,
            38.82,
            27.52,
            27.28,
            33.38,
            27.3,
            21.84
        ],
        "min": [
            11,
            15,
            14,
            9,
            10,
            13,
            9,
            9
        ],
        "max": [
            59,
            79,
            81,
            47,
            44,
            72,
            66,
            44
        ],
        "RawIntDen": [
            1349,
            2081,
            1941,
            1376,
            1364,
            1669,
            1365,
            1092
        ],
        "IntDen": [
            292.8702021489285,
            451.788651350571,
            421.39441243222404,
            298.7319482260383,
            296.12672774732283,
            362.3427482480072,
            296.34382945388245,
            237.07506356310597
        ],
        "FlagUp": 0,
        "Times": [],
        "width": 0,
        "height": 0,
        "area": [
            0.21710170655962086,
            0.21710170655962086,
            0.21710170655962086,
            0.21710170655962086,
            0.21710170655962086,
            0.21710170655962086,
            0.21710170655962086,
            0.21710170655962086
        ],
        "distance": 11.438370885493377,
        "xpert": [
            [
                376.0,
                466.0
            ],
            [
                373.0,
                465.0
            ],
            [
                371.4,
                462.0
            ],
            [
                372.8,
                458.8
            ],
            [
                376.0,
                456.8
            ],
            [
                379.0,
                459.0
            ],
            [
                379.2,
                462.0
            ],
            [
                378.6,
                464.6
            ]
        ],
        "stack": 0,
        "shift": [
            [
                0.0,
                0.0
            ],
            [
                0.0,
                0.0
            ],
            [
                0.0,
                0.0
            ],
            [
                0.0,
                0.0
            ],
            [
                0.0,
                0.0
            ],
            [
                0.0,
                0.0
            ],
            [
                0.0,
                0.0
            ],
            [
                0.0,
                0.0
            ],
            [
                0.0,
                0.0
            ]
        ],
        "channel": 0
    },
    {
        "type": "Spine",
        "location": [
            388,
            456
        ],
        "radloc": [
            0,
            0
        ],
        "mean": [
            34.12307692307692,
            49.50769230769231,
            42.96923076923077,
            34.0,
            31.984615384615385,
            26.923076923076923,
            32.353846153846156,
            30.384615384615383
        ],
        "min": [
            11,
            17,
            19,
            9,
            12,
            13,
            9,
            11
        ],
        "max": [
            64,
            92,
            87,
            68,
            59,
            56,
            57,
            62
        ],
        "RawIntDen": [
            2218,
            3218,
            2793,
            2210,
            2079,
            1750,
            2103,
            1975
        ],
        "IntDen": [
            625.9910606940108,
            908.2232792215178,
            788.2745863473274,
            623.7332029457907,
            586.7607823186872,
            493.9063824231374,
            593.5343555633474,
            557.4086315918265
        ],
        "FlagUp": 0,
        "Times": [],
        "width": 0,
        "height": 0,
        "area": [
            0.28223221852750713,
            0.28223221852750713,
            0.28223221852750713,
            0.28223221852750713,
            0.28223221852750713,
            0.28223221852750713,
            0.28223221852750713,
            0.28223221852750713
        ],
        "distance": 12.256343417118146,
        "xpert": [
            [
                388.0,
                459.4
            ],
            [
                385.2,
                458.8
            ],
            [
                382.6,
                456.0
            ],
            [
                384.0,
                452.0
            ],
            [
                388.0,
                449.6
            ],
            [
                391.4,
                452.6
            ],
            [
                392.2,
                456.0
            ],
            [
                391.0,
                459.0
            ]
        ],
        "stack": 0,
        "shift": [
            [
                0.0,
                0.0
            ],
            [
                0.0,
                0.0
            ],
            [
                0.0,
                0.0
            ],
            [
                0.0,
                0.0
            ],
            [
                0.0,
                0.0
            ],
            [
                0.0,
                0.0
            ],
            [
                0.0,
                0.0
            ],
            [
                0.0,
                0.0
            ],
            [
                0.0,
                0.0
            ]
        ],
        "channel": 0
    },
    {
        "type": "Spine",
        "location": [
            385,
            436
        ],
        "radloc": [
            0,
            0
        ],
        "mean": [
            48.9344262295082,
            38.83606557377049,
            38.14754098360656,
            28.42622950819672,
            27.40983606557377,
            25.540983606557376,
            26.78688524590164,
            25.262295081967213
        ],
        "min": [
            23,
            18,
            16,
            13,
            14,
            10,
            11,
            10
        ],
        "max": [
            93,
            67,
            73,
            64,
            46,
            54,
            57,
            46
        ],
        "RawIntDen": [
            2985,
            2369,
            2327,
            1734,
            1672,
            1558,
            1634,
            1541
        ],
        "IntDen": [
            790.6192847781713,
            627.463010264485,
            616.33871882037,
            459.2743181927467,
            442.852745108577,
            412.6582397602649,
            432.787909992473,
            408.1555503662184
        ],
        "FlagUp": 0,
        "Times": [],
        "width": 0,
        "height": 0,
        "area": [
            0.2648640820027374,
            0.2648640820027374,
            0.2648640820027374,
            0.2648640820027374,
            0.2648640820027374,
            0.2648640820027374,
            0.2648640820027374,
            0.2648640820027374
        ],
        "distance": 12.03138088549338,
        "xpert": [
            [
                385.0,
                439.6
            ],
            [
                381.4,
                439.6
            ],
            [
                380.8,
                436.0
            ],
            [
                380.8,
                431.8
            ],
            [
                385.0,
                430.2
            ],
            [
                388.2,
                432.8
            ],
            [
                388.6,
                436.0
            ],
            [
                387.6,
                438.6
            ]
        ],
        "stack": 0,
        "shift": [
            [
                0.0,
                0.0
            ],
            [
                0.0,
                0.0
            ],
            [
                0.0,
                0.0
            ],
            [
                0.0,
                0.0
            ],
            [
                0.0,
                0.0
            ],
            [
                0.0,
                0.0
            ],
            [
                0.0,
                0.0
            ],
            [
                0.0,
                0.0
            ],
            [
                0.0,
                0.0
            ]
        ],
        "channel": 0
    },
    {
        "type": "Spine",
        "location": [
            414,
            468
        ],
        "radloc": [
            0,
            0
        ],
        "mean": [
            37.87755102040816,
            26.244897959183675,
            27.857142857142858,
            25.26530612244898,
            36.204081632653065,
            24.93877551020408,
            19.489795918367346,
            25.918367346938776
        ],
        "min": [
            11,
            12,
            14,
            11,
            14,
            8,
            10,
            9
        ],
        "max": [
            68,
            58,
            47,
            41,
            65,
            48,
            36,
            55
        ],
        "RawIntDen": [
            1856,
            1286,
            1365,
            1238,
            1774,
            1222,
            955,
            1270
        ],
        "IntDen": [
            394.88195202716315,
            273.60893874295897,
            290.4169528648048,
            263.3964744663944,
            377.43565888803204,
            259.99231970753954,
            203.18548716914916,
            270.2047839841041
        ],
        "FlagUp": 0,
        "Times": [],
        "width": 0,
        "height": 0,
        "area": [
            0.21275967242842844,
            0.21275967242842844,
            0.21275967242842844,
            0.21275967242842844,
            0.21275967242842844,
            0.21275967242842844,
            0.21275967242842844,
            0.21275967242842844
        ],
        "distance": 14.690060262354109,
        "xpert": [
            [
                414.0,
                471.4
            ],
            [
                411.2,
                470.8
            ],
            [
                409.2,
                468.0
            ],
            [
                411.0,
                465.0
            ],
            [
                414.0,
                463.4
            ],
            [
                417.2,
                464.8
            ],
            [
                417.6,
                468.0
            ],
            [
                416.6,
                470.6
            ]
        ],
        "stack": 0,
        "shift": [
            [
                0.0,
                0.0
            ],
            [
                0.0,
                0.0
            ],
            [
                0.0,
                0.0
            ],
            [
                0.0,
                0.0
            ],
            [
                0.0,
                0.0
            ],
            [
                0.0,
                0.0
            ],
            [
                0.0,
                0.0
            ],
            [
                0.0,
                0.0
            ],
            [
                0.0,
                0.0
            ]
        ],
        "channel": 0
    },
    {
        "type": "Spine",
        "location": [
            404,
            438
        ],
        "radloc": [
            0,
            0
        ],
        "mean": [
            58.845360824742265,
            56.0,
            50.49484536082474,
            45.608247422680414,
            39.65979381443299,
            36.845360824742265,
            29.701030927835053,
            22.8659793814433
        ],
        "min": [
            16,
            15,
            11,
            8,
            8,
            7,
            8,
            8
        ],
        "max": [
            115,
            105,
            117,
            101,
            103,
            99,
            80,
            62
        ],
        "RawIntDen": [
            5708,
            5432,
            4898,
            4424,
            3847,
            3574,
            2881,
            2218
        ],
        "IntDen": [
            2404.0800896220926,
            2287.835151861809,
            2062.9264679343046,
            1863.2884226503395,
            1620.2691143616312,
            1505.2877085335247,
            1213.4118322006393,
            934.1712751895237
        ],
        "FlagUp": 0,
        "Times": [],
        "width": 0,
        "height": 0,
        "area": [
            0.42117731072566444,
            0.42117731072566444,
            0.42117731072566444,
            0.42117731072566444,
            0.42117731072566444,
            0.42117731072566444,
            0.42117731072566444,
            0.42117731072566444
        ],
        "distance": 13.167498480367673,
        "xpert": [
            [
                404.0,
                443.4
            ],
            [
                400.8,
                441.2
            ],
            [
                398.2,
                438.0
            ],
            [
                399.2,
                433.2
            ],
            [
                404.0,
                432.2
            ],
            [
                408.0,
                434.0
            ],
            [
                409.2,
                438.0
            ],
            [
                410.0,
                444.0
            ]
        ],
        "stack": 0,
        "shift": [
            [
                0.0,
                0.0
            ],
            [
                0.0,
                0.0
            ],
            [
                0.0,
                0.0
            ],
            [
                0.0,
                0.0
            ],
            [
                0.0,
                0.0
            ],
            [
                0.0,
                0.0
            ],
            [
                0.0,
                0.0
            ],
            [
                0.0,
                0.0
            ],
            [
                0.0,
                0.0
            ]
        ],
        "channel": 0
    },
    {
        "type": "Spine",
        "location": [
            419,
            446
        ],
        "radloc": [
            0,
            0
        ],
        "mean": [
            17.0,
            27.685714285714287,
            30.65714285714286,
            27.34285714285714,
            33.6,
            26.4,
            27.085714285714285,
            18.228571428571428
        ],
        "min": [
            8,
            14,
            16,
            13,
            15,
            10,
            11,
            10
        ],
        "max": [
            31,
            46,
            54,
            46,
            88,
            44,
            52,
            37
        ],
        "RawIntDen": [
            595,
            969,
            1073,
            957,
            1176,
            924,
            948,
            638
        ],
        "IntDen": [
            90.42286078208208,
            147.26008755939083,
            163.06509179693123,
            145.43643322429,
            178.7181248398799,
            140.42138380276276,
            144.0686924729644,
            96.95762214952667
        ],
        "FlagUp": 0,
        "Times": [],
        "width": 0,
        "height": 0,
        "area": [
            0.15197119459173458,
            0.15197119459173458,
            0.15197119459173458,
            0.15197119459173458,
            0.15197119459173458,
            0.15197119459173458,
            0.15197119459173458,
            0.15197119459173458
        ],
        "distance": 14.305592123267752,
        "xpert": [
            [
                419.0,
                449.4
            ],
            [
                416.6,
                448.4
            ],
            [
                415.8,
                446.0
            ],
            [
                416.2,
                443.2
            ],
            [
                419.0,
                441.4
            ],
            [
                421.6,
                443.4
            ],
            [
                422.2,
                446.0
            ],
            [
                421.4,
                448.4
            ]
        ],
        "stack": 0,
        "shift": [
            [
                0.0,
                0.0
            ],
            [
                0.0,
                0.0
            ],
            [
                0.0,
                0.0
            ],
            [
                0.0,
                0.0
            ],
            [
                0.0,
                0.0
            ],
            [
                0.0,
                0.0
            ],
            [
                0.0,
                0.0
            ],
            [
                0.0,
                0.0
            ],
            [
                0.0,
                0.0
            ]
        ],
        "channel": 0
    },
    {
        "type": "Spine",
        "location": [
            443,
            450
        ],
        "radloc": [
            0,
            0
        ],
        "mean": [
            31.0375,
            29.8125,
            35.2125,
            28.225,
            24.85,
            29.025,
            52.5,
            29.575
        ],
        "min": [
            10,
            9,
            11,
            11,
            8,
            11,
            15,
            12
        ],
        "max": [
            63,
            63,
            64,
            70,
            68,
            59,
            111,
            74
        ],
        "RawIntDen": [
            2483,
            2385,
            2817,
            2258,
            1988,
            2322,
            4200,
            2366
        ],
        "IntDen": [
            862.5016598200617,
            828.4601122315131,
            978.5208118055231,
            784.3450454585982,
            690.557108224842,
            806.5762602103034,
            1458.9234680806521,
            821.8602203521007
        ],
        "FlagUp": 0,
        "Times": [],
        "width": 0,
        "height": 0,
        "area": [
            0.34736273049539335,
            0.34736273049539335,
            0.34736273049539335,
            0.34736273049539335,
            0.34736273049539335,
            0.34736273049539335,
            0.34736273049539335,
            0.34736273049539335
        ],
        "distance": 16.45343658123818,
        "xpert": [
            [
                443.0,
                454.0
            ],
            [
                440.0,
                453.0
            ],
            [
                439.0,
                450.0
            ],
            [
                437.2,
                444.2
            ],
            [
                443.0,
                443.6
            ],
            [
                447.6,
                445.4
            ],
            [
                447.4,
                450.0
            ],
            [
                446.2,
                453.2
            ]
        ],
        "stack": 0,
        "shift": [
            [
                0.0,
                0.0
            ],
            [
                0.0,
                0.0
            ],
            [
                0.0,
                0.0
            ],
            [
                0.0,
                0.0
            ],
            [
                0.0,
                0.0
            ],
            [
                0.0,
                0.0
            ],
            [
                0.0,
                0.0
            ],
            [
                0.0,
                0.0
            ],
            [
                0.0,
                0.0
            ]
        ],
        "channel": 0
    },
    {
        "type": "Spine",
        "location": [
            467,
            444
        ],
        "radloc": [
            0,
            0
        ],
        "mean": [
            50.7125,
            34.3625,
            31.1375,
            27.1125,
            28.2,
            24.575,
            29.2125,
            26.7125
        ],
        "min": [
            15,
            10,
            10,
            7,
            8,
            5,
            7,
            7
        ],
        "max": [
            96,
            67,
            67,
            64,
            67,
            55,
            93,
            75
        ],
        "RawIntDen": [
            4057,
            2749,
            2491,
            2169,
            2256,
            1966,
            2337,
            2137
        ],
        "IntDen": [
            1409.2505976198108,
            954.9001461318363,
            865.2805616640248,
            753.4297624445082,
            783.6503199976074,
            682.9151281539433,
            811.7867011677342,
            742.3141550686556
        ],
        "FlagUp": 0,
        "Times": [],
        "width": 0,
        "height": 0,
        "area": [
            0.34736273049539335,
            0.34736273049539335,
            0.34736273049539335,
            0.34736273049539335,
            0.34736273049539335,
            0.34736273049539335,
            0.34736273049539335,
            0.34736273049539335
        ],
        "distance": 18.03479658123818,
        "xpert": [
            [
                467.0,
                448.6
            ],
            [
                461.2,
                449.8
            ],
            [
                461.6,
                444.0
            ],
            [
                461.8,
                438.8
            ],
            [
                467.0,
                438.2
            ],
            [
                469.4,
                441.6
            ],
            [
                470.4,
                444.0
            ],
            [
                469.8,
                446.8
            ]
        ],
        "stack": 0,
        "shift": [
            [
                0.0,
                0.0
            ],
            [
                0.0,
                0.0
            ],
            [
                0.0,
                0.0
            ],
            [
                0.0,
                0.0
            ],
            [
                0.0,
                0.0
            ],
            [
                0.0,
                0.0
            ],
            [
                0.0,
                0.0
            ],
            [
                0.0,
                0.0
            ],
            [
                0.0,
                0.0
            ]
        ],
        "channel": 0
    }
]