[
    {
        "type": "Stim",
        "location": [
            83,
            79
        ],
        "radloc": [
            0,
            0
        ],
        "mean": [
            121.55371900826447,
            101.96153846153847,
            83.97979797979798,
            91.32692307692308,
            66.5754716981132,
            57.916666666666664,
            61.14035087719298,
            56.45263157894737
        ],
        "min": [
            47,
            38,
            31,
            32,
            10,
            10,
            8,
            9
        ],
        "max": [
            210,
            183,
            162,
            170,
            135,
            131,
            137,
            134
        ],
        "RawIntDen": [
            14708,
            10604,
            8314,
            9498,
            7057,
            7645,
            6970,
            5363
        ],
        "IntDen": [
            7727.379198191123,
            4788.464712425206,
            3573.8675049067233,
            4289.026578518918,
            3248.023895565512,
            4381.720323151615,
            3450.0934799629495,
            2212.201259330619
        ],
        "FlagUp": 0,
        "Times": [
            -15,
            -10,
            -5,
            2,
            10,
            20,
            30,
            40
        ],
        "width": 0,
        "height": 0,
        "area": [
            0.5253861298742944,
            0.45157154964402163,
            0.4298613789880591,
            0.45157154964402163,
            0.4602556179064067,
            0.5731485053174121,
            0.4949918909559468,
            0.412493242463289
        ],
        "distance": 0,
        "xpert": [
            [
                [
                    83.0,
                    86.2
                ],
                [
                    77.4,
                    84.6
                ],
                [
                    77.8,
                    79.0
                ],
                [
                    79.8,
                    75.8
                ],
                [
                    83.0,
                    74.2
                ],
                [
                    90.6,
                    71.4
                ],
                [
                    89.0,
                    79.0
                ],
                [
                    87.4,
                    83.4
                ]
            ],
            [
                [
                    83.0,
                    86.0
                ],
                [
                    77.0,
                    85.0
                ],
                [
                    77.2,
                    79.0
                ],
                [
                    79.4,
                    75.4
                ],
                [
                    83.0,
                    73.8
                ],
                [
                    87.8,
                    74.2
                ],
                [
                    88.2,
                    79.0
                ],
                [
                    87.0,
                    83.0
                ]
            ],
            [
                [
                    83.0,
                    84.6
                ],
                [
                    77.8,
                    84.2
                ],
                [
                    75.8,
                    79.0
                ],
                [
                    79.2,
                    75.2
                ],
                [
                    83.0,
                    73.0
                ],
                [
                    87.2,
                    74.8
                ],
                [
                    87.8,
                    79.0
                ],
                [
                    86.4,
                    82.4
                ]
            ],
            [
                [
                    83.0,
                    84.6
                ],
                [
                    78.6,
                    83.4
                ],
                [
                    77.0,
                    79.0
                ],
                [
                    79.0,
                    75.0
                ],
                [
                    83.0,
                    73.2
                ],
                [
                    88.6,
                    73.4
                ],
                [
                    88.8,
                    79.0
                ],
                [
                    87.4,
                    83.4
                ]
            ],
            [
                [
                    83.0,
                    84.6
                ],
                [
                    78.6,
                    83.4
                ],
                [
                    76.8,
                    79.0
                ],
                [
                    79.0,
                    75.0
                ],
                [
                    83.0,
                    72.8
                ],
                [
                    88.0,
                    74.0
                ],
                [
                    88.8,
                    79.0
                ],
                [
                    87.4,
                    83.4
                ]
            ],
            [
                [
                    83.0,
                    84.2
                ],
                [
                    79.2,
                    82.8
                ],
                [
                    76.2,
                    79.0
                ],
                [
                    79.0,
                    75.0
                ],
                [
                    83.0,
                    73.4
                ],
                [
                    89.2,
                    72.8
                ],
                [
                    92.0,
                    79.0
                ],
                [
                    88.2,
                    84.2
                ]
            ],
            [
                [
                    83.0,
                    83.8
                ],
                [
                    79.6,
                    82.4
                ],
                [
                    78.0,
                    79.0
                ],
                [
                    78.6,
                    74.6
                ],
                [
                    83.0,
                    69.8
                ],
                [
                    89.0,
                    73.0
                ],
                [
                    89.2,
                    79.0
                ],
                [
                    86.2,
                    82.2
                ]
            ],
            [
                [
                    83.0,
                    83.2
                ],
                [
                    80.0,
                    82.0
                ],
                [
                    78.2,
                    79.0
                ],
                [
                    77.0,
                    73.0
                ],
                [
                    83.0,
                    71.0
                ],
                [
                    87.6,
                    74.4
                ],
                [
                    88.2,
                    79.0
                ],
                [
                    86.0,
                    82.0
                ]
            ]
        ],
        "stack": 0,
        "shift": [
            [
                0,
                0
            ],
            [
                0,
                0
            ],
            [
                1,
                0
            ],
            [
                1,
                0
            ],
            [
                2,
                0
            ],
            [
                2,
                0
            ],
            [
                -1,
                0
            ],
            [
                -3,
                0
            ]
        ],
        "channel": 0
    },
    {
        "type": "Spine",
        "location": [
            106,
            48
        ],
        "radloc": [
            0,
            0
        ],
        "mean": [
            71.85858585858585,
            100.31192660550458,
            89.48251748251748,
            92.63571428571429,
            89.23076923076923,
            88.26548672566372,
            97.30327868852459,
            75.15277777777777
        ],
        "min": [
            14,
            27,
            24,
            38,
            43,
            45,
            24,
            10
        ],
        "max": [
            202,
            204,
            173,
            160,
            159,
            160,
            163,
            154
        ],
        "RawIntDen": [
            7114,
            10934,
            12796,
            12969,
            9280,
            9974,
            11871,
            10822
        ],
        "IntDen": [
            3058.033850121052,
            5174.862329760028,
            7945.175630211739,
            7883.657690641004,
            4190.5839806965205,
            4893.7416719701,
            6288.403034909135,
            6766.487044958219
        ],
        "FlagUp": 0,
        "Times": [
            -15,
            -10,
            -5,
            2,
            10,
            20,
            30,
            40
        ],
        "width": 0,
        "height": 0,
        "area": [
            0.4298613789880591,
            0.4732817202999842,
            0.6209108807605298,
            0.6078847783669522,
            0.45157154964402163,
            0.4906498568247543,
            0.529728164005487,
            0.6252529148917223
        ],
        "distance": 1.51547,
        "xpert": [
            [
                [
                    106.0,
                    53.0
                ],
                [
                    100.8,
                    53.2
                ],
                [
                    100.2,
                    48.0
                ],
                [
                    100.6,
                    42.6
                ],
                [
                    106.0,
                    43.0
                ],
                [
                    110.2,
                    43.8
                ],
                [
                    111.0,
                    48.0
                ],
                [
                    109.8,
                    51.8
                ]
            ],
            [
                [
                    106.0,
                    53.2
                ],
                [
                    100.8,
                    53.2
                ],
                [
                    96.6,
                    48.0
                ],
                [
                    102.2,
                    44.2
                ],
                [
                    106.0,
                    43.0
                ],
                [
                    109.6,
                    44.4
                ],
                [
                    112.4,
                    48.0
                ],
                [
                    110.0,
                    52.0
                ]
            ],
            [
                [
                    106.0,
                    53.2
                ],
                [
                    100.8,
                    53.2
                ],
                [
                    96.2,
                    48.0
                ],
                [
                    101.8,
                    43.8
                ],
                [
                    106.0,
                    43.4
                ],
                [
                    113.0,
                    41.0
                ],
                [
                    115.2,
                    48.0
                ],
                [
                    110.4,
                    52.4
                ]
            ],
            [
                [
                    106.0,
                    53.2
                ],
                [
                    100.8,
                    53.2
                ],
                [
                    99.0,
                    48.0
                ],
                [
                    102.0,
                    44.0
                ],
                [
                    106.0,
                    42.2
                ],
                [
                    112.6,
                    41.4
                ],
                [
                    114.2,
                    48.0
                ],
                [
                    111.2,
                    53.2
                ]
            ],
            [
                [
                    106.0,
                    53.2
                ],
                [
                    100.8,
                    53.2
                ],
                [
                    97.6,
                    48.0
                ],
                [
                    102.4,
                    44.4
                ],
                [
                    106.0,
                    43.0
                ],
                [
                    109.0,
                    45.0
                ],
                [
                    112.4,
                    48.0
                ],
                [
                    110.4,
                    52.4
                ]
            ],
            [
                [
                    106.0,
                    53.0
                ],
                [
                    101.0,
                    53.0
                ],
                [
                    98.8,
                    48.0
                ],
                [
                    101.0,
                    43.0
                ],
                [
                    106.0,
                    41.8
                ],
                [
                    109.4,
                    44.6
                ],
                [
                    112.2,
                    48.0
                ],
                [
                    111.2,
                    53.2
                ]
            ],
            [
                [
                    106.0,
                    53.2
                ],
                [
                    102.4,
                    51.6
                ],
                [
                    99.2,
                    48.0
                ],
                [
                    100.4,
                    42.4
                ],
                [
                    106.0,
                    42.6
                ],
                [
                    110.2,
                    43.8
                ],
                [
                    114.2,
                    48.0
                ],
                [
                    111.2,
                    53.2
                ]
            ],
            [
                [
                    106.0,
                    53.2
                ],
                [
                    101.8,
                    52.2
                ],
                [
                    98.6,
                    48.0
                ],
                [
                    99.6,
                    41.6
                ],
                [
                    106.0,
                    41.8
                ],
                [
                    111.6,
                    42.4
                ],
                [
                    115.4,
                    48.0
                ],
                [
                    110.0,
                    52.0
                ]
            ]
        ],
        "stack": 0,
        "shift": [
            [
                0,
                0
            ],
            [
                0,
                0
            ],
            [
                0,
                0
            ],
            [
                0,
                0
            ],
            [
                1,
                0
            ],
            [
                1,
                0
            ],
            [
                -1,
                0
            ],
            [
                -3,
                0
            ]
        ],
        "channel": 0
    },
    {
        "type": "Spine",
        "location": [
            201,
            93
        ],
        "radloc": [
            0,
            0
        ],
        "mean": [
            51.68478260869565,
            58.08771929824562,
            66.45,
            71.00909090909092,
            74.83064516129032,
            53.43119266055046,
            51.184,
            47.850467289719624
        ],
        "min": [
            11,
            13,
            22,
            15,
            24,
            18,
            13,
            8
        ],
        "max": [
            103,
            113,
            117,
            139,
            145,
            100,
            90,
            102
        ],
        "RawIntDen": [
            4755,
            6622,
            7974,
            7811,
            9279,
            5824,
            6398,
            5120
        ],
        "IntDen": [
            1899.466251031478,
            3277.83630191028,
            4154.805619455495,
            3730.719145861922,
            4995.927103213584,
            2756.3927390271083,
            3472.5417964212147,
            2378.739978432508
        ],
        "FlagUp": 0,
        "Times": [
            -15,
            -10,
            -5,
            2,
            10,
            20,
            30,
            40
        ],
        "width": 0,
        "height": 0,
        "area": [
            0.39946714006971146,
            0.4949918909559468,
            0.521044095743102,
            0.4776237544311768,
            0.5384122322678719,
            0.4732817202999842,
            0.5427542663990644,
            0.4645976520375992
        ],
        "distance": 8.348163164120024,
        "xpert": [
            [
                [
                    201.0,
                    97.8
                ],
                [
                    195.8,
                    98.2
                ],
                [
                    194.2,
                    93.0
                ],
                [
                    196.0,
                    88.0
                ],
                [
                    201.0,
                    86.4
                ],
                [
                    204.0,
                    90.0
                ],
                [
                    205.0,
                    93.0
                ],
                [
                    204.0,
                    96.0
                ]
            ],
            [
                [
                    201.0,
                    101.6
                ],
                [
                    196.4,
                    97.6
                ],
                [
                    194.4,
                    93.0
                ],
                [
                    195.0,
                    87.0
                ],
                [
                    201.0,
                    85.6
                ],
                [
                    204.0,
                    90.0
                ],
                [
                    205.6,
                    93.0
                ],
                [
                    204.0,
                    96.0
                ]
            ],
            [
                [
                    201.0,
                    102.4
                ],
                [
                    196.0,
                    98.0
                ],
                [
                    195.2,
                    93.0
                ],
                [
                    196.2,
                    88.2
                ],
                [
                    201.0,
                    84.8
                ],
                [
                    204.6,
                    89.4
                ],
                [
                    206.0,
                    93.0
                ],
                [
                    204.6,
                    96.6
                ]
            ],
            [
                [
                    201.0,
                    101.4
                ],
                [
                    196.2,
                    97.8
                ],
                [
                    195.0,
                    93.0
                ],
                [
                    195.4,
                    87.4
                ],
                [
                    201.0,
                    84.8
                ],
                [
                    204.6,
                    89.4
                ],
                [
                    205.8,
                    93.0
                ],
                [
                    203.8,
                    95.8
                ]
            ],
            [
                [
                    201.0,
                    105.0
                ],
                [
                    196.6,
                    97.4
                ],
                [
                    195.4,
                    93.0
                ],
                [
                    196.2,
                    88.2
                ],
                [
                    201.0,
                    84.8
                ],
                [
                    205.0,
                    89.0
                ],
                [
                    205.8,
                    93.0
                ],
                [
                    204.2,
                    96.2
                ]
            ],
            [
                [
                    201.0,
                    103.0
                ],
                [
                    196.2,
                    97.8
                ],
                [
                    195.8,
                    93.0
                ],
                [
                    196.6,
                    88.6
                ],
                [
                    201.0,
                    84.8
                ],
                [
                    204.2,
                    89.8
                ],
                [
                    205.4,
                    93.0
                ],
                [
                    204.2,
                    96.2
                ]
            ],
            [
                [
                    201.0,
                    105.0
                ],
                [
                    197.2,
                    96.8
                ],
                [
                    196.4,
                    93.0
                ],
                [
                    197.0,
                    89.0
                ],
                [
                    201.0,
                    85.2
                ],
                [
                    206.0,
                    88.0
                ],
                [
                    206.4,
                    93.0
                ],
                [
                    205.0,
                    97.0
                ]
            ],
            [
                [
                    201.0,
                    98.0
                ],
                [
                    197.6,
                    96.4
                ],
                [
                    196.2,
                    93.0
                ],
                [
                    197.4,
                    89.4
                ],
                [
                    201.0,
                    88.2
                ],
                [
                    207.6,
                    86.4
                ],
                [
                    208.0,
                    93.0
                ],
                [
                    207.2,
                    99.2
                ]
            ]
        ],
        "stack": 0,
        "shift": [
            [
                0,
                0
            ],
            [
                0,
                0
            ],
            [
                0,
                0
            ],
            [
                -2,
                0
            ],
            [
                -2,
                0
            ],
            [
                -2,
                0
            ],
            [
                -2,
                0
            ],
            [
                -3,
                0
            ]
        ],
        "channel": 0
    },
    {
        "type": "Spine",
        "location": [
            257,
            62
        ],
        "radloc": [
            0,
            0
        ],
        "mean": [
            63.26315789473684,
            57.145161290322584,
            40.127906976744185,
            49.63529411764706,
            49.26923076923077,
            38.58620689655172,
            60.234693877551024,
            85.0561797752809
        ],
        "min": [
            22,
            16,
            7,
            11,
            7,
            7,
            11,
            13
        ],
        "max": [
            119,
            119,
            96,
            105,
            116,
            88,
            143,
            170
        ],
        "RawIntDen": [
            7212,
            7086,
            3451,
            4219,
            5124,
            3357,
            5903,
            7570
        ],
        "IntDen": [
            3569.8815175742884,
            3815.1890778501406,
            1288.654941660102,
            1557.118569957604,
            2313.852620375967,
            1268.130146321955,
            2511.8406926900834,
            2925.358655208334
        ],
        "FlagUp": 0,
        "Times": [
            -15,
            -10,
            -5,
            2,
            10,
            20,
            30,
            40
        ],
        "width": 0,
        "height": 0,
        "area": [
            0.4949918909559468,
            0.5384122322678719,
            0.37341493528255637,
            0.3690729011513639,
            0.45157154964402163,
            0.37775696941374887,
            0.42551934485686654,
            0.3864410376761339
        ],
        "distance": 12.09258822736956,
        "xpert": [
            [
                [
                    257.0,
                    69.8
                ],
                [
                    253.4,
                    65.6
                ],
                [
                    252.2,
                    62.0
                ],
                [
                    251.8,
                    56.8
                ],
                [
                    257.0,
                    55.8
                ],
                [
                    260.6,
                    58.4
                ],
                [
                    262.2,
                    62.0
                ],
                [
                    263.4,
                    68.4
                ]
            ],
            [
                [
                    257.0,
                    69.8
                ],
                [
                    250.8,
                    68.2
                ],
                [
                    250.4,
                    62.0
                ],
                [
                    253.0,
                    58.0
                ],
                [
                    257.0,
                    57.0
                ],
                [
                    260.4,
                    58.6
                ],
                [
                    261.6,
                    62.0
                ],
                [
                    263.4,
                    68.4
                ]
            ],
            [
                [
                    257.0,
                    69.8
                ],
                [
                    252.0,
                    67.0
                ],
                [
                    252.2,
                    62.0
                ],
                [
                    254.0,
                    59.0
                ],
                [
                    257.0,
                    57.8
                ],
                [
                    260.0,
                    59.0
                ],
                [
                    261.8,
                    62.0
                ],
                [
                    262.0,
                    67.0
                ]
            ],
            [
                [
                    257.0,
                    69.8
                ],
                [
                    252.2,
                    66.8
                ],
                [
                    251.8,
                    62.0
                ],
                [
                    253.8,
                    58.8
                ],
                [
                    257.0,
                    58.0
                ],
                [
                    260.0,
                    59.0
                ],
                [
                    261.8,
                    62.0
                ],
                [
                    261.2,
                    66.2
                ]
            ],
            [
                [
                    257.0,
                    69.0
                ],
                [
                    249.2,
                    69.8
                ],
                [
                    251.8,
                    62.0
                ],
                [
                    253.6,
                    58.6
                ],
                [
                    257.0,
                    57.0
                ],
                [
                    260.4,
                    58.6
                ],
                [
                    261.4,
                    62.0
                ],
                [
                    260.8,
                    65.8
                ]
            ],
            [
                [
                    257.0,
                    66.8
                ],
                [
                    249.2,
                    69.8
                ],
                [
                    251.2,
                    62.0
                ],
                [
                    253.6,
                    58.6
                ],
                [
                    257.0,
                    57.6
                ],
                [
                    260.0,
                    59.0
                ],
                [
                    261.4,
                    62.0
                ],
                [
                    260.4,
                    65.4
                ]
            ],
            [
                [
                    257.0,
                    68.4
                ],
                [
                    250.8,
                    68.2
                ],
                [
                    250.2,
                    62.0
                ],
                [
                    253.8,
                    58.8
                ],
                [
                    257.0,
                    58.0
                ],
                [
                    260.0,
                    59.0
                ],
                [
                    261.2,
                    62.0
                ],
                [
                    262.2,
                    67.2
                ]
            ],
            [
                [
                    257.0,
                    69.6
                ],
                [
                    250.6,
                    68.4
                ],
                [
                    252.0,
                    62.0
                ],
                [
                    253.8,
                    58.8
                ],
                [
                    257.0,
                    57.8
                ],
                [
                    260.0,
                    59.0
                ],
                [
                    261.2,
                    62.0
                ],
                [
                    260.8,
                    65.8
                ]
            ]
        ],
        "stack": 0,
        "shift": [
            [
                0,
                0
            ],
            [
                2,
                1
            ],
            [
                2,
                1
            ],
            [
                2,
                1
            ],
            [
                2,
                1
            ],
            [
                2,
                1
            ],
            [
                6,
                1
            ],
            [
                7,
                1
            ]
        ],
        "channel": 0
    },
    {
        "type": "Spine",
        "location": [
            170,
            71
        ],
        "radloc": [
            0,
            0
        ],
        "mean": [
            28.5,
            43.125,
            38.333333333333336,
            36.27777777777778,
            34.32098765432099,
            27.962962962962962,
            102.4875,
            105.85057471264368
        ],
        "min": [
            6,
            9,
            9,
            8,
            8,
            6,
            41,
            35
        ],
        "max": [
            92,
            132,
            77,
            92,
            89,
            70,
            183,
            176
        ],
        "RawIntDen": [
            2622,
            3105,
            2300,
            2612,
            2780,
            2265,
            8199,
            9209
        ],
        "IntDen": [
            1047.4028412627833,
            970.7051503693989,
            599.2007101045672,
            816.5803068485893,
            977.7392456619307,
            796.611291879235,
            2848.027027331795,
            3478.7639313312134
        ],
        "FlagUp": 0,
        "Times": [
            -15,
            -10,
            -5,
            2,
            10,
            20,
            30,
            40
        ],
        "width": 0,
        "height": 0,
        "area": [
            0.39946714006971146,
            0.31262645744586115,
            0.260522047871551,
            0.31262645744586115,
            0.3517047646265938,
            0.3517047646265938,
            0.3473627304954013,
            0.37775696941374887
        ],
        "distance": 6.305573164120025,
        "xpert": [
            [
                [
                    170.0,
                    75.2
                ],
                [
                    165.8,
                    75.2
                ],
                [
                    161.0,
                    71.0
                ],
                [
                    166.0,
                    67.0
                ],
                [
                    170.0,
                    66.6
                ],
                [
                    173.6,
                    67.4
                ],
                [
                    174.8,
                    71.0
                ],
                [
                    174.2,
                    75.2
                ]
            ],
            [
                [
                    170.0,
                    75.2
                ],
                [
                    166.0,
                    75.0
                ],
                [
                    163.4,
                    71.0
                ],
                [
                    166.6,
                    67.6
                ],
                [
                    170.0,
                    67.0
                ],
                [
                    173.0,
                    68.0
                ],
                [
                    174.6,
                    71.0
                ],
                [
                    174.2,
                    75.2
                ]
            ],
            [
                [
                    170.0,
                    75.2
                ],
                [
                    166.2,
                    74.8
                ],
                [
                    165.2,
                    71.0
                ],
                [
                    167.0,
                    68.0
                ],
                [
                    170.0,
                    66.8
                ],
                [
                    173.0,
                    68.0
                ],
                [
                    174.6,
                    71.0
                ],
                [
                    173.6,
                    74.6
                ]
            ],
            [
                [
                    170.0,
                    75.2
                ],
                [
                    165.8,
                    75.2
                ],
                [
                    163.0,
                    71.0
                ],
                [
                    166.8,
                    67.8
                ],
                [
                    170.0,
                    66.6
                ],
                [
                    173.0,
                    68.0
                ],
                [
                    174.6,
                    71.0
                ],
                [
                    173.6,
                    74.6
                ]
            ],
            [
                [
                    170.0,
                    75.2
                ],
                [
                    165.8,
                    75.2
                ],
                [
                    162.0,
                    71.0
                ],
                [
                    166.2,
                    67.2
                ],
                [
                    170.0,
                    66.6
                ],
                [
                    173.0,
                    68.0
                ],
                [
                    174.8,
                    71.0
                ],
                [
                    173.8,
                    74.8
                ]
            ],
            [
                [
                    170.0,
                    75.2
                ],
                [
                    165.8,
                    75.2
                ],
                [
                    163.0,
                    71.0
                ],
                [
                    166.4,
                    67.4
                ],
                [
                    170.0,
                    66.4
                ],
                [
                    173.0,
                    68.0
                ],
                [
                    175.0,
                    71.0
                ],
                [
                    174.2,
                    75.2
                ]
            ],
            [
                [
                    170.0,
                    75.2
                ],
                [
                    165.8,
                    75.2
                ],
                [
                    165.0,
                    71.0
                ],
                [
                    166.8,
                    67.8
                ],
                [
                    170.0,
                    66.4
                ],
                [
                    174.0,
                    67.0
                ],
                [
                    176.2,
                    71.0
                ],
                [
                    174.0,
                    75.0
                ]
            ],
            [
                [
                    170.0,
                    75.2
                ],
                [
                    165.8,
                    75.2
                ],
                [
                    165.2,
                    71.0
                ],
                [
                    167.0,
                    68.0
                ],
                [
                    170.0,
                    66.6
                ],
                [
                    173.8,
                    67.2
                ],
                [
                    179.0,
                    71.0
                ],
                [
                    174.2,
                    75.2
                ]
            ]
        ],
        "stack": 0,
        "shift": [
            [
                0,
                0
            ],
            [
                0,
                0
            ],
            [
                1,
                0
            ],
            [
                -1,
                0
            ],
            [
                -1,
                0
            ],
            [
                -2,
                -1
            ],
            [
                1,
                -39
            ],
            [
                -1,
                -39
            ]
        ],
        "channel": 0
    },
    {
        "type": "Spine",
        "location": [
            299,
            66
        ],
        "radloc": [
            0,
            0
        ],
        "mean": [
            139.7863247863248,
            99.24074074074075,
            96.98113207547169,
            101.0,
            93.88421052631578,
            83.30337078651685,
            111.12222222222222,
            117.44047619047619
        ],
        "min": [
            70,
            42,
            28,
            31,
            36,
            23,
            34,
            40
        ],
        "max": [
            236,
            182,
            188,
            181,
            180,
            146,
            210,
            191
        ],
        "RawIntDen": [
            16355,
            10718,
            10280,
            10605,
            8919,
            7414,
            10001,
            9865
        ],
        "IntDen": [
            8308.63428123147,
            5026.09555635711,
            4731.4277520778605,
            4834.963555936146,
            3679.0272295300747,
            2865.0738533308568,
            3908.2215011450717,
            3598.07000315399
        ],
        "FlagUp": 0,
        "Times": [
            -15,
            -10,
            -5,
            2,
            10,
            20,
            30,
            40
        ],
        "width": 0,
        "height": 0,
        "area": [
            0.5080179933495244,
            0.4689396861687917,
            0.4602556179064067,
            0.4559135837752142,
            0.412493242463289,
            0.3864410376761339,
            0.3907830718073264,
            0.3647308670201713
        ],
        "distance": 14.85996822736957,
        "xpert": [
            [
                [
                    299.0,
                    71.8
                ],
                [
                    293.6,
                    71.4
                ],
                [
                    292.8,
                    66.0
                ],
                [
                    295.0,
                    62.0
                ],
                [
                    299.0,
                    60.6
                ],
                [
                    304.4,
                    60.6
                ],
                [
                    305.4,
                    66.0
                ],
                [
                    303.6,
                    70.6
                ]
            ],
            [
                [
                    299.0,
                    71.6
                ],
                [
                    293.6,
                    71.4
                ],
                [
                    293.8,
                    66.0
                ],
                [
                    296.0,
                    63.0
                ],
                [
                    299.0,
                    61.0
                ],
                [
                    303.8,
                    61.2
                ],
                [
                    306.2,
                    66.0
                ],
                [
                    304.6,
                    71.6
                ]
            ],
            [
                [
                    299.0,
                    71.8
                ],
                [
                    293.2,
                    71.8
                ],
                [
                    293.4,
                    66.0
                ],
                [
                    295.8,
                    62.8
                ],
                [
                    299.0,
                    61.0
                ],
                [
                    303.0,
                    62.0
                ],
                [
                    306.4,
                    66.0
                ],
                [
                    304.4,
                    71.4
                ]
            ],
            [
                [
                    299.0,
                    71.8
                ],
                [
                    293.6,
                    71.4
                ],
                [
                    293.6,
                    66.0
                ],
                [
                    295.8,
                    62.8
                ],
                [
                    299.0,
                    61.2
                ],
                [
                    303.0,
                    62.0
                ],
                [
                    306.2,
                    66.0
                ],
                [
                    304.4,
                    71.4
                ]
            ],
            [
                [
                    299.0,
                    71.8
                ],
                [
                    293.2,
                    71.8
                ],
                [
                    294.4,
                    66.0
                ],
                [
                    296.0,
                    63.0
                ],
                [
                    299.0,
                    61.2
                ],
                [
                    302.4,
                    62.6
                ],
                [
                    305.6,
                    66.0
                ],
                [
                    304.6,
                    71.6
                ]
            ],
            [
                [
                    299.0,
                    71.6
                ],
                [
                    293.2,
                    71.8
                ],
                [
                    293.6,
                    66.0
                ],
                [
                    295.8,
                    62.8
                ],
                [
                    299.0,
                    61.6
                ],
                [
                    302.4,
                    62.6
                ],
                [
                    305.2,
                    66.0
                ],
                [
                    303.0,
                    70.0
                ]
            ],
            [
                [
                    299.0,
                    71.8
                ],
                [
                    293.2,
                    71.8
                ],
                [
                    294.0,
                    66.0
                ],
                [
                    295.4,
                    62.4
                ],
                [
                    299.0,
                    61.8
                ],
                [
                    302.0,
                    63.0
                ],
                [
                    304.4,
                    66.0
                ],
                [
                    304.6,
                    71.6
                ]
            ],
            [
                [
                    299.0,
                    71.8
                ],
                [
                    293.2,
                    71.8
                ],
                [
                    293.8,
                    66.0
                ],
                [
                    296.0,
                    63.0
                ],
                [
                    299.0,
                    61.8
                ],
                [
                    302.0,
                    63.0
                ],
                [
                    303.6,
                    66.0
                ],
                [
                    304.2,
                    71.2
                ]
            ]
        ],
        "stack": 0,
        "shift": [
            [
                0,
                0
            ],
            [
                2,
                0
            ],
            [
                3,
                0
            ],
            [
                3,
                0
            ],
            [
                4,
                0
            ],
            [
                3,
                0
            ],
            [
                3,
                0
            ],
            [
                3,
                0
            ]
        ],
        "channel": 0
    }
]