[
    {
        "type": "Stim",
        "location": [
            83,
            79
        ],
        "radloc": [
            0,
            0
        ],
        "mean": [
            111.18543046357615,
            84.40397350993378,
            68.01986754966887,
            76.55629139072848,
            60.609271523178805,
            61.5364238410596,
            42.52980132450331,
            34.13907284768212
        ],
        "min": [
            37,
            14,
            13,
            18,
            15,
            10,
            4,
            3
        ],
        "max": [
            210,
            183,
            162,
            170,
            135,
            131,
            137,
            134
        ],
        "RawIntDen": [
            16789,
            12745,
            10271,
            11560,
            9152,
            9292,
            6422,
            5155
        ],
        "IntDen": [
            11007.660065317263,
            8356.222975309342,
            6734.1519167832275,
            7579.281098044408,
            6000.48275166976,
            6092.27335320317,
            4210.566021768269,
            3379.86107789091
        ],
        "FlagUp": 0,
        "Times": [],
        "width": 0,
        "height": 0,
        "area": [
            0.6556471538100699,
            0.6556471538100699,
            0.6556471538100699,
            0.6556471538100699,
            0.6556471538100699,
            0.6556471538100699,
            0.6556471538100699,
            0.6556471538100699
        ],
        "distance": 0,
        "xpert": [
            [
                83.0,
                86.2
            ],
            [
                77.0,
                85.0
            ],
            [
                77.0,
                79.0
            ],
            [
                79.4,
                75.4
            ],
            [
                83.0,
                71.0
            ],
            [
                90.6,
                71.4
            ],
            [
                89.8,
                79.0
            ],
            [
                87.4,
                83.4
            ]
        ],
        "stack": 0,
        "shift": [
            [
                0.0,
                0.0
            ],
            [
                0.0,
                0.0
            ],
            [
                0.0,
                0.0
            ],
            [
                0.0,
                0.0
            ],
            [
                0.0,
                0.0
            ],
            [
                0.0,
                0.0
            ],
            [
                0.0,
                0.0
            ],
            [
                0.0,
                0.0
            ],
            [
                0.0,
                0.0
            ]
        ],
        "channel": 0
    },
    {
        "type": "Spine",
        "location": [
            106,
            48
        ],
        "radloc": [
            0,
            0
        ],
        "mean": [
            58.69642857142857,
            76.2797619047619,
            77.50595238095238,
            84.63690476190476,
            65.58333333333333,
            72.4702380952381,
            86.42261904761905,
            85.73809523809524
        ],
        "min": [
            6,
            11,
            11,
            13,
            12,
            23,
            21,
            28
        ],
        "max": [
            202,
            204,
            173,
            160,
            159,
            160,
            163,
            154
        ],
        "RawIntDen": [
            9861,
            12815,
            13021,
            14219,
            11018,
            12175,
            14519,
            14404
        ],
        "IntDen": [
            7193.222159371819,
            9348.05212172699,
            9498.321238939301,
            10372.216396319633,
            8037.209385656495,
            8881.196611941172,
            10591.054916531735,
            10507.166817117095
        ],
        "FlagUp": 0,
        "Times": [],
        "width": 0,
        "height": 0,
        "area": [
            0.7294617340403426,
            0.7294617340403426,
            0.7294617340403426,
            0.7294617340403426,
            0.7294617340403426,
            0.7294617340403426,
            0.7294617340403426,
            0.7294617340403426
        ],
        "distance": 1.51547,
        "xpert": [
            [
                106.0,
                53.2
            ],
            [
                100.8,
                53.2
            ],
            [
                97.4,
                48.0
            ],
            [
                99.8,
                41.8
            ],
            [
                106.0,
                41.4
            ],
            [
                111.6,
                42.4
            ],
            [
                115.2,
                48.0
            ],
            [
                111.2,
                53.2
            ]
        ],
        "stack": 0,
        "shift": [
            [
                0.0,
                0.0
            ],
            [
                0.0,
                0.0
            ],
            [
                0.0,
                0.0
            ],
            [
                0.0,
                0.0
            ],
            [
                0.0,
                0.0
            ],
            [
                0.0,
                0.0
            ],
            [
                0.0,
                0.0
            ],
            [
                0.0,
                0.0
            ],
            [
                0.0,
                0.0
            ]
        ],
        "channel": 0
    },
    {
        "type": "Spine",
        "location": [
            201,
            93
        ],
        "radloc": [
            0,
            0
        ],
        "mean": [
            40.40384615384615,
            49.02564102564103,
            57.81410256410256,
            54.532051282051285,
            67.25,
            43.72435897435897,
            43.30769230769231,
            35.33974358974359
        ],
        "min": [
            6,
            8,
            12,
            8,
            14,
            8,
            6,
            5
        ],
        "max": [
            103,
            113,
            117,
            139,
            145,
            100,
            90,
            100
        ],
        "RawIntDen": [
            6303,
            7648,
            9019,
            8507,
            10491,
            6821,
            6756,
            5513
        ],
        "IntDen": [
            4269.383216109402,
            5180.428817516216,
            6109.085709359147,
            5762.2787592325385,
            7106.155690973147,
            4620.254310182808,
            4576.2260840925155,
            3734.270929781237
        ],
        "FlagUp": 0,
        "Times": [],
        "width": 0,
        "height": 0,
        "area": [
            0.6773573244660325,
            0.6773573244660325,
            0.6773573244660325,
            0.6773573244660325,
            0.6773573244660325,
            0.6773573244660325,
            0.6773573244660325,
            0.6773573244660325
        ],
        "distance": 8.348163164120024,
        "xpert": [
            [
                201.0,
                103.8
            ],
            [
                196.2,
                97.8
            ],
            [
                195.0,
                93.0
            ],
            [
                195.0,
                87.0
            ],
            [
                201.0,
                85.4
            ],
            [
                206.6,
                87.4
            ],
            [
                207.0,
                93.0
            ],
            [
                205.4,
                97.4
            ]
        ],
        "stack": 0,
        "shift": [
            [
                0.0,
                0.0
            ],
            [
                0.0,
                0.0
            ],
            [
                0.0,
                0.0
            ],
            [
                0.0,
                0.0
            ],
            [
                0.0,
                0.0
            ],
            [
                0.0,
                0.0
            ],
            [
                0.0,
                0.0
            ],
            [
                0.0,
                0.0
            ],
            [
                0.0,
                0.0
            ]
        ],
        "channel": 0
    },
    {
        "type": "Spine",
        "location": [
            257,
            62
        ],
        "radloc": [
            0,
            0
        ],
        "mean": [
            61.55813953488372,
            45.945736434108525,
            26.325581395348838,
            35.6124031007752,
            35.55038759689923,
            28.8062015503876,
            26.8062015503876,
            20.007751937984494
        ],
        "min": [
            19,
            7,
            3,
            4,
            5,
            5,
            5,
            4
        ],
        "max": [
            119,
            94,
            74,
            100,
            89,
            73,
            93,
            117
        ],
        "RawIntDen": [
            7941,
            5927,
            3396,
            4594,
            4586,
            3716,
            3458,
            2581
        ],
        "IntDen": [
            4447.93200161817,
            3319.8454821295672,
            1902.1756803293422,
            2573.202319032096,
            2568.721339808705,
            2081.4148492649692,
            1936.9032693106199,
            1445.675921946417
        ],
        "FlagUp": 0,
        "Times": [],
        "width": 0,
        "height": 0,
        "area": [
            0.5601224029238345,
            0.5601224029238345,
            0.5601224029238345,
            0.5601224029238345,
            0.5601224029238345,
            0.5601224029238345,
            0.5601224029238345,
            0.5601224029238345
        ],
        "distance": 12.09258822736956,
        "xpert": [
            [
                257.0,
                69.8
            ],
            [
                249.2,
                69.8
            ],
            [
                251.6,
                62.0
            ],
            [
                251.8,
                56.8
            ],
            [
                257.0,
                55.8
            ],
            [
                261.0,
                58.0
            ],
            [
                262.2,
                62.0
            ],
            [
                263.0,
                68.0
            ]
        ],
        "stack": 0,
        "shift": [
            [
                0.0,
                0.0
            ],
            [
                0.0,
                0.0
            ],
            [
                0.0,
                0.0
            ],
            [
                0.0,
                0.0
            ],
            [
                0.0,
                0.0
            ],
            [
                0.0,
                0.0
            ],
            [
                0.0,
                0.0
            ],
            [
                0.0,
                0.0
            ],
            [
                0.0,
                0.0
            ]
        ],
        "channel": 0
    },
    {
        "type": "Spine",
        "location": [
            170,
            71
        ],
        "radloc": [
            0,
            0
        ],
        "mean": [
            27.357142857142858,
            36.95918367346939,
            26.867346938775512,
            36.53061224489796,
            36.642857142857146,
            36.87755102040816,
            52.673469387755105,
            30.79591836734694
        ],
        "min": [
            6,
            7,
            6,
            7,
            8,
            6,
            11,
            6
        ],
        "max": [
            92,
            132,
            77,
            92,
            89,
            102,
            145,
            152
        ],
        "RawIntDen": [
            2681,
            3622,
            2633,
            3580,
            3591,
            3614,
            5162,
            3018
        ],
        "IntDen": [
            1140.8173635612593,
            1541.2310670715706,
            1120.3924350081297,
            1523.3592545875822,
            1528.0399673810077,
            1537.8269123127156,
            2196.5308581511454,
            1284.2173827780232
        ],
        "FlagUp": 0,
        "Times": [],
        "width": 0,
        "height": 0,
        "area": [
            0.42551934485686654,
            0.42551934485686654,
            0.42551934485686654,
            0.42551934485686654,
            0.42551934485686654,
            0.42551934485686654,
            0.42551934485686654,
            0.42551934485686654
        ],
        "distance": 6.305573164120025,
        "xpert": [
            [
                170.0,
                75.2
            ],
            [
                165.8,
                75.2
            ],
            [
                161.6,
                71.0
            ],
            [
                166.4,
                67.4
            ],
            [
                170.0,
                66.2
            ],
            [
                174.2,
                66.8
            ],
            [
                176.0,
                71.0
            ],
            [
                174.2,
                75.2
            ]
        ],
        "stack": 0,
        "shift": [
            [
                0.0,
                0.0
            ],
            [
                0.0,
                0.0
            ],
            [
                0.0,
                0.0
            ],
            [
                0.0,
                0.0
            ],
            [
                0.0,
                0.0
            ],
            [
                0.0,
                0.0
            ],
            [
                0.0,
                0.0
            ],
            [
                0.0,
                0.0
            ],
            [
                0.0,
                0.0
            ]
        ],
        "channel": 0
    },
    {
        "type": "Spine",
        "location": [
            299,
            66
        ],
        "radloc": [
            0,
            0
        ],
        "mean": [
            134.336,
            89.056,
            89.304,
            92.84,
            81.472,
            70.136,
            78.72,
            74.648
        ],
        "min": [
            47,
            22,
            13,
            14,
            11,
            14,
            7,
            7
        ],
        "max": [
            236,
            182,
            188,
            181,
            180,
            146,
            210,
            191
        ],
        "RawIntDen": [
            16792,
            11132,
            11163,
            11605,
            10184,
            8767,
            9840,
            9331
        ],
        "IntDen": [
            9113.929641373092,
            6041.940493554386,
            6058.765875812757,
            6298.663261561143,
            5527.409449008072,
            4758.3266535205985,
            5340.701981366795,
            5064.44005976967
        ],
        "FlagUp": 0,
        "Times": [],
        "width": 0,
        "height": 0,
        "area": [
            0.5427542663990644,
            0.5427542663990644,
            0.5427542663990644,
            0.5427542663990644,
            0.5427542663990644,
            0.5427542663990644,
            0.5427542663990644,
            0.5427542663990644
        ],
        "distance": 14.85996822736957,
        "xpert": [
            [
                299.0,
                71.6
            ],
            [
                293.2,
                71.8
            ],
            [
                293.0,
                66.0
            ],
            [
                294.8,
                61.8
            ],
            [
                299.0,
                60.6
            ],
            [
                304.4,
                60.6
            ],
            [
                306.6,
                66.0
            ],
            [
                304.4,
                71.4
            ]
        ],
        "stack": 0,
        "shift": [
            [
                0.0,
                0.0
            ],
            [
                0.0,
                0.0
            ],
            [
                0.0,
                0.0
            ],
            [
                0.0,
                0.0
            ],
            [
                0.0,
                0.0
            ],
            [
                0.0,
                0.0
            ],
            [
                0.0,
                0.0
            ],
            [
                0.0,
                0.0
            ],
            [
                0.0,
                0.0
            ]
        ],
        "channel": 0
    }
]