[
    {
        "type": "Spine",
        "location": [
            8,
            291
        ],
        "radloc": [
            0,
            0
        ],
        "mean": [
            44.88513513513514,
            45.898648648648646,
            58.858108108108105,
            59.62837837837838,
            60.695945945945944,
            83.47297297297297,
            93.76351351351352,
            76.6891891891892
        ],
        "min": [
            3,
            5,
            9,
            7,
            6,
            15,
            16,
            14
        ],
        "max": [
            169,
            156,
            157,
            154,
            157,
            208,
            191,
            192
        ],
        "RawIntDen": [
            6643,
            6793,
            8711,
            8825,
            8983,
            12354,
            13877,
            11350
        ],
        "IntDen": [
            4268.931644559674,
            4365.324802272146,
            5597.871978888954,
            5671.130778750433,
            5772.6649048742365,
            7938.9404691991895,
            8917.652330506487,
            7293.748933577044
        ],
        "FlagUp": 0,
        "Times": [],
        "width": 0,
        "height": 0,
        "area": [
            0.6426210514164796,
            0.6426210514164796,
            0.6426210514164796,
            0.6426210514164796,
            0.6426210514164796,
            0.6426210514164796,
            0.6426210514164796,
            0.6426210514164796
        ],
        "distance": 21.600282276982977,
        "xpert": [
            [
                8.0,
                297.6
            ],
            [
                2.6,
                296.4
            ],
            [
                1.8,
                291.0
            ],
            [
                2.0,
                285.0
            ],
            [
                8.0,
                282.8
            ],
            [
                13.0,
                286.0
            ],
            [
                14.4,
                291.0
            ],
            [
                12.8,
                295.8
            ]
        ],
        "stack": 0,
        "shift": [
            [
                0.0,
                0.0
            ],
            [
                0.0,
                0.0
            ],
            [
                0.0,
                0.0
            ],
            [
                0.0,
                0.0
            ],
            [
                0.0,
                0.0
            ],
            [
                0.0,
                0.0
            ],
            [
                0.0,
                0.0
            ],
            [
                0.0,
                0.0
            ],
            [
                0.0,
                0.0
            ]
        ],
        "channel": 0
    },
    {
        "type": "Spine",
        "location": [
            39,
            277
        ],
        "radloc": [
            0,
            0
        ],
        "mean": [
            46.747899159663866,
            46.94957983193277,
            52.9327731092437,
            39.94957983193277,
            33.80672268907563,
            40.260504201680675,
            36.831932773109244,
            33.00840336134454
        ],
        "min": [
            6,
            12,
            11,
            7,
            6,
            6,
            6,
            5
        ],
        "max": [
            134,
            136,
            139,
            104,
            91,
            109,
            126,
            95
        ],
        "RawIntDen": [
            5563,
            5587,
            6299,
            4754,
            4023,
            4791,
            4383,
            3928
        ],
        "IntDen": [
            2874.413568746995,
            2886.8144182256806,
            3254.706286093353,
            2456.4016009029688,
            2078.6923938646705,
            2475.519577182609,
            2264.705136044954,
            2029.60569801154
        ],
        "FlagUp": 0,
        "Times": [],
        "width": 0,
        "height": 0,
        "area": [
            0.5167020616118991,
            0.5167020616118991,
            0.5167020616118991,
            0.5167020616118991,
            0.5167020616118991,
            0.5167020616118991,
            0.5167020616118991,
            0.5167020616118991
        ],
        "distance": 19.9709594923601,
        "xpert": [
            [
                39.0,
                283.4
            ],
            [
                34.4,
                281.6
            ],
            [
                32.2,
                277.0
            ],
            [
                34.0,
                272.0
            ],
            [
                39.0,
                271.0
            ],
            [
                43.2,
                272.8
            ],
            [
                44.6,
                277.0
            ],
            [
                44.6,
                282.6
            ]
        ],
        "stack": 0,
        "shift": [
            [
                0.0,
                0.0
            ],
            [
                0.0,
                0.0
            ],
            [
                0.0,
                0.0
            ],
            [
                0.0,
                0.0
            ],
            [
                0.0,
                0.0
            ],
            [
                0.0,
                0.0
            ],
            [
                0.0,
                0.0
            ],
            [
                0.0,
                0.0
            ],
            [
                0.0,
                0.0
            ]
        ],
        "channel": 0
    },
    {
        "type": "Spine",
        "location": [
            10,
            257
        ],
        "radloc": [
            0,
            0
        ],
        "mean": [
            86.53571428571429,
            92.23571428571428,
            60.5,
            73.8,
            64.65,
            67.51428571428572,
            64.18571428571428,
            80.86428571428571
        ],
        "min": [
            11,
            13,
            8,
            14,
            12,
            6,
            9,
            15
        ],
        "max": [
            178,
            206,
            142,
            190,
            152,
            160,
            159,
            205
        ],
        "RawIntDen": [
            12115,
            12913,
            8470,
            10332,
            9051,
            9452,
            8986,
            11321
        ],
        "IntDen": [
            7364.5240899154805,
            7849.616143052299,
            5148.784072767983,
            6280.665530087226,
            5501.965128999176,
            5745.726925124319,
            5462.452618405325,
            6881.86357589213
        ],
        "FlagUp": 0,
        "Times": [],
        "width": 0,
        "height": 0,
        "area": [
            0.6078847783669402,
            0.6078847783669402,
            0.6078847783669402,
            0.6078847783669402,
            0.6078847783669402,
            0.6078847783669402,
            0.6078847783669402,
            0.6078847783669402
        ],
        "distance": 21.010583416296303,
        "xpert": [
            [
                10.0,
                266.8
            ],
            [
                5.0,
                262.0
            ],
            [
                4.0,
                257.0
            ],
            [
                6.4,
                253.4
            ],
            [
                10.0,
                251.8
            ],
            [
                14.0,
                253.0
            ],
            [
                18.6,
                257.0
            ],
            [
                16.0,
                263.0
            ]
        ],
        "stack": 0,
        "shift": [
            [
                0.0,
                0.0
            ],
            [
                0.0,
                0.0
            ],
            [
                0.0,
                0.0
            ],
            [
                0.0,
                0.0
            ],
            [
                0.0,
                0.0
            ],
            [
                0.0,
                0.0
            ],
            [
                0.0,
                0.0
            ],
            [
                0.0,
                0.0
            ],
            [
                0.0,
                0.0
            ]
        ],
        "channel": 0
    },
    {
        "type": "Spine",
        "location": [
            83,
            262
        ],
        "radloc": [
            0,
            0
        ],
        "mean": [
            141.88059701492537,
            142.66169154228857,
            147.85572139303483,
            150.45273631840797,
            139.1044776119403,
            131.5771144278607,
            127.95024875621891,
            141.7462686567164
        ],
        "min": [
            21,
            28,
            29,
            33,
            27,
            47,
            18,
            18
        ],
        "max": [
            255,
            253,
            255,
            255,
            255,
            255,
            255,
            255
        ],
        "RawIntDen": [
            28518,
            28675,
            29719,
            30241,
            27960,
            26447,
            25718,
            28491
        ],
        "IntDen": [
            24889.05200002249,
            25026.07357110053,
            25937.223381326472,
            26392.798286439447,
            24402.058135936208,
            23081.589110196885,
            22445.35519098739,
            24865.487780792508
        ],
        "FlagUp": 0,
        "Times": [],
        "width": 0,
        "height": 0,
        "area": [
            0.8727488603696785,
            0.8727488603696785,
            0.8727488603696785,
            0.8727488603696785,
            0.8727488603696785,
            0.8727488603696785,
            0.8727488603696785,
            0.8727488603696785
        ],
        "distance": 16.167266707737227,
        "xpert": [
            [
                83.0,
                270.0
            ],
            [
                77.6,
                267.4
            ],
            [
                76.6,
                262.0
            ],
            [
                76.0,
                255.0
            ],
            [
                83.0,
                253.8
            ],
            [
                91.6,
                253.4
            ],
            [
                90.2,
                262.0
            ],
            [
                88.8,
                267.8
            ]
        ],
        "stack": 0,
        "shift": [
            [
                0.0,
                0.0
            ],
            [
                0.0,
                0.0
            ],
            [
                0.0,
                0.0
            ],
            [
                0.0,
                0.0
            ],
            [
                0.0,
                0.0
            ],
            [
                0.0,
                0.0
            ],
            [
                0.0,
                0.0
            ],
            [
                0.0,
                0.0
            ],
            [
                0.0,
                0.0
            ]
        ],
        "channel": 0
    },
    {
        "type": "Spine",
        "location": [
            108,
            228
        ],
        "radloc": [
            0,
            0
        ],
        "mean": [
            42.97761194029851,
            53.723880597014926,
            50.38059701492537,
            48.64179104477612,
            51.11194029850746,
            45.73134328358209,
            55.8955223880597,
            58.90298507462686
        ],
        "min": [
            10,
            18,
            16,
            11,
            12,
            11,
            14,
            14
        ],
        "max": [
            114,
            120,
            142,
            130,
            125,
            123,
            192,
            134
        ],
        "RawIntDen": [
            5759,
            7199,
            6751,
            6518,
            6849,
            6128,
            7490,
            7893
        ],
        "IntDen": [
            3350.773791245985,
            4188.612697200877,
            3927.9517042371326,
            3792.3847145930426,
            3984.9712964479518,
            3565.4700108969264,
            4357.925976112594,
            4592.4045032652475
        ],
        "FlagUp": 0,
        "Times": [],
        "width": 0,
        "height": 0,
        "area": [
            0.5818325735797856,
            0.5818325735797856,
            0.5818325735797856,
            0.5818325735797856,
            0.5818325735797856,
            0.5818325735797856,
            0.5818325735797856,
            0.5818325735797856
        ],
        "distance": 14.110628733365777,
        "xpert": [
            [
                108.0,
                233.0
            ],
            [
                103.6,
                232.4
            ],
            [
                102.2,
                228.0
            ],
            [
                100.6,
                220.6
            ],
            [
                108.0,
                222.8
            ],
            [
                111.6,
                224.4
            ],
            [
                116.8,
                228.0
            ],
            [
                116.2,
                236.2
            ]
        ],
        "stack": 0,
        "shift": [
            [
                0.0,
                0.0
            ],
            [
                0.0,
                0.0
            ],
            [
                0.0,
                0.0
            ],
            [
                0.0,
                0.0
            ],
            [
                0.0,
                0.0
            ],
            [
                0.0,
                0.0
            ],
            [
                0.0,
                0.0
            ],
            [
                0.0,
                0.0
            ],
            [
                0.0,
                0.0
            ]
        ],
        "channel": 0
    },
    {
        "type": "Spine",
        "location": [
            137,
            212
        ],
        "radloc": [
            0,
            0
        ],
        "mean": [
            37.150442477876105,
            43.83185840707964,
            46.849557522123895,
            43.902654867256636,
            34.389380530973455,
            31.68141592920354,
            41.4070796460177,
            33.796460176991154
        ],
        "min": [
            8,
            10,
            10,
            6,
            9,
            8,
            8,
            7
        ],
        "max": [
            84,
            105,
            114,
            100,
            78,
            94,
            104,
            79
        ],
        "RawIntDen": [
            4198,
            4953,
            5294,
            4961,
            3886,
            3580,
            4679,
            3819
        ],
        "IntDen": [
            2059.748098950278,
            2430.18874085296,
            2597.5003420301978,
            2434.113939707558,
            1906.6653436209574,
            1756.5264874325856,
            2295.75068008298,
            1873.7918032136995
        ],
        "FlagUp": 0,
        "Times": [],
        "width": 0,
        "height": 0,
        "area": [
            0.4906498568247446,
            0.4906498568247446,
            0.4906498568247446,
            0.4906498568247446,
            0.4906498568247446,
            0.4906498568247446,
            0.4906498568247446,
            0.4906498568247446
        ],
        "distance": 11.635098962329705,
        "xpert": [
            [
                137.0,
                218.4
            ],
            [
                131.2,
                217.8
            ],
            [
                130.0,
                212.0
            ],
            [
                133.4,
                208.4
            ],
            [
                137.0,
                207.2
            ],
            [
                140.4,
                208.6
            ],
            [
                145.2,
                212.0
            ],
            [
                141.2,
                216.2
            ]
        ],
        "stack": 0,
        "shift": [
            [
                0.0,
                0.0
            ],
            [
                0.0,
                0.0
            ],
            [
                0.0,
                0.0
            ],
            [
                0.0,
                0.0
            ],
            [
                0.0,
                0.0
            ],
            [
                0.0,
                0.0
            ],
            [
                0.0,
                0.0
            ],
            [
                0.0,
                0.0
            ],
            [
                0.0,
                0.0
            ]
        ],
        "channel": 0
    },
    {
        "type": "Spine",
        "location": [
            138,
            226
        ],
        "radloc": [
            0,
            0
        ],
        "mean": [
            62.05555555555556,
            52.45238095238095,
            56.03174603174603,
            57.42857142857143,
            61.111111111111114,
            57.92063492063492,
            79.30952380952381,
            69.4047619047619
        ],
        "min": [
            11,
            7,
            8,
            7,
            8,
            13,
            11,
            13
        ],
        "max": [
            165,
            126,
            133,
            151,
            140,
            119,
            180,
            160
        ],
        "RawIntDen": [
            7819,
            6609,
            7060,
            7236,
            7700,
            7298,
            9993,
            8745
        ],
        "IntDen": [
            4277.745973845995,
            3615.759450204397,
            3862.499881743538,
            3958.7888306368613,
            4212.641514082896,
            3992.708801269737,
            5467.13333119875,
            4784.357148137003
        ],
        "FlagUp": 0,
        "Times": [],
        "width": 0,
        "height": 0,
        "area": [
            0.5470963005302462,
            0.5470963005302462,
            0.5470963005302462,
            0.5470963005302462,
            0.5470963005302462,
            0.5470963005302462,
            0.5470963005302462,
            0.5470963005302462
        ],
        "distance": 11.915588480367665,
        "xpert": [
            [
                138.0,
                232.2
            ],
            [
                132.8,
                231.2
            ],
            [
                131.0,
                226.0
            ],
            [
                133.2,
                221.2
            ],
            [
                138.0,
                220.0
            ],
            [
                143.4,
                220.6
            ],
            [
                143.8,
                226.0
            ],
            [
                143.0,
                231.0
            ]
        ],
        "stack": 0,
        "shift": [
            [
                0.0,
                0.0
            ],
            [
                0.0,
                0.0
            ],
            [
                0.0,
                0.0
            ],
            [
                0.0,
                0.0
            ],
            [
                0.0,
                0.0
            ],
            [
                0.0,
                0.0
            ],
            [
                0.0,
                0.0
            ],
            [
                0.0,
                0.0
            ],
            [
                0.0,
                0.0
            ]
        ],
        "channel": 0
    },
    {
        "type": "Spine",
        "location": [
            152,
            210
        ],
        "radloc": [
            0,
            0
        ],
        "mean": [
            54.1875,
            77.6875,
            71.60714285714286,
            61.0625,
            67.08035714285714,
            66.66964285714286,
            93.55357142857143,
            101.22321428571429
        ],
        "min": [
            8,
            10,
            11,
            13,
            11,
            15,
            21,
            25
        ],
        "max": [
            137,
            162,
            187,
            141,
            168,
            176,
            200,
            228
        ],
        "RawIntDen": [
            6069,
            8701,
            8020,
            6839,
            7513,
            7467,
            10478,
            11337
        ],
        "IntDen": [
            2951.402175927168,
            4231.364365256597,
            3900.188738002288,
            3325.859199401203,
            3653.6306718966575,
            3631.260512052754,
            5095.533366183039,
            5513.271785876801
        ],
        "FlagUp": 0,
        "Times": [],
        "width": 0,
        "height": 0,
        "area": [
            0.48630782269355216,
            0.48630782269355216,
            0.48630782269355216,
            0.48630782269355216,
            0.48630782269355216,
            0.48630782269355216,
            0.48630782269355216,
            0.48630782269355216
        ],
        "distance": 10.965835948742898,
        "xpert": [
            [
                152.0,
                218.4
            ],
            [
                146.0,
                216.0
            ],
            [
                146.2,
                210.0
            ],
            [
                148.4,
                206.4
            ],
            [
                152.0,
                204.4
            ],
            [
                155.4,
                206.6
            ],
            [
                156.8,
                210.0
            ],
            [
                157.2,
                215.2
            ]
        ],
        "stack": 0,
        "shift": [
            [
                0.0,
                0.0
            ],
            [
                0.0,
                0.0
            ],
            [
                0.0,
                0.0
            ],
            [
                0.0,
                0.0
            ],
            [
                0.0,
                0.0
            ],
            [
                0.0,
                0.0
            ],
            [
                0.0,
                0.0
            ],
            [
                0.0,
                0.0
            ],
            [
                0.0,
                0.0
            ]
        ],
        "channel": 0
    },
    {
        "type": "Spine",
        "location": [
            163,
            249
        ],
        "radloc": [
            0,
            0
        ],
        "mean": [
            52.704,
            55.352,
            48.504,
            48.928,
            54.24,
            51.688,
            57.76,
            62.624
        ],
        "min": [
            9,
            8,
            5,
            8,
            11,
            9,
            15,
            7
        ],
        "max": [
            141,
            154,
            125,
            147,
            139,
            124,
            148,
            151
        ],
        "RawIntDen": [
            6588,
            6919,
            6063,
            6116,
            6780,
            6461,
            7220,
            7828
        ],
        "IntDen": [
            3575.665107036966,
            3755.316769215053,
            3290.719117177463,
            3319.485093296613,
            3679.8739261855844,
            3506.7353152042865,
            3918.685803401168,
            4248.680397371792
        ],
        "FlagUp": 0,
        "Times": [],
        "width": 0,
        "height": 0,
        "area": [
            0.5427542663990538,
            0.5427542663990538,
            0.5427542663990538,
            0.5427542663990538,
            0.5427542663990538,
            0.5427542663990538,
            0.5427542663990538,
            0.5427542663990538
        ],
        "distance": 10.241045948742897,
        "xpert": [
            [
                163.0,
                255.4
            ],
            [
                158.0,
                254.0
            ],
            [
                154.4,
                249.0
            ],
            [
                158.0,
                244.0
            ],
            [
                163.0,
                243.4
            ],
            [
                166.4,
                245.6
            ],
            [
                168.8,
                249.0
            ],
            [
                168.6,
                254.6
            ]
        ],
        "stack": 0,
        "shift": [
            [
                0.0,
                0.0
            ],
            [
                0.0,
                0.0
            ],
            [
                0.0,
                0.0
            ],
            [
                0.0,
                0.0
            ],
            [
                0.0,
                0.0
            ],
            [
                0.0,
                0.0
            ],
            [
                0.0,
                0.0
            ],
            [
                0.0,
                0.0
            ],
            [
                0.0,
                0.0
            ]
        ],
        "channel": 0
    },
    {
        "type": "Spine",
        "location": [
            189,
            237
        ],
        "radloc": [
            0,
            0
        ],
        "mean": [
            49.95,
            49.83,
            63.57,
            55.52,
            67.5,
            49.22,
            59.67,
            50.16
        ],
        "min": [
            16,
            12,
            22,
            21,
            19,
            10,
            19,
            10
        ],
        "max": [
            119,
            114,
            135,
            139,
            143,
            122,
            143,
            134
        ],
        "RawIntDen": [
            4995,
            4983,
            6357,
            5552,
            6750,
            4922,
            5967,
            5016
        ],
        "IntDen": [
            2168.8460485306186,
            2163.635607573188,
            2760.2310971990278,
            2410.697349638037,
            2930.87303855489,
            2137.149199372914,
            2590.891766082523,
            2177.964320206123
        ],
        "FlagUp": 0,
        "Times": [],
        "width": 0,
        "height": 0,
        "area": [
            0.434203413119243,
            0.434203413119243,
            0.434203413119243,
            0.434203413119243,
            0.434203413119243,
            0.434203413119243,
            0.434203413119243,
            0.434203413119243
        ],
        "distance": 8.309565695744789,
        "xpert": [
            [
                189.0,
                241.6
            ],
            [
                185.0,
                241.0
            ],
            [
                183.0,
                237.0
            ],
            [
                184.0,
                232.0
            ],
            [
                189.0,
                231.8
            ],
            [
                194.2,
                231.8
            ],
            [
                194.8,
                237.0
            ],
            [
                192.6,
                240.6
            ]
        ],
        "stack": 0,
        "shift": [
            [
                0.0,
                0.0
            ],
            [
                0.0,
                0.0
            ],
            [
                0.0,
                0.0
            ],
            [
                0.0,
                0.0
            ],
            [
                0.0,
                0.0
            ],
            [
                0.0,
                0.0
            ],
            [
                0.0,
                0.0
            ],
            [
                0.0,
                0.0
            ],
            [
                0.0,
                0.0
            ]
        ],
        "channel": 0
    },
    {
        "type": "Spine",
        "location": [
            224,
            221
        ],
        "radloc": [
            0,
            0
        ],
        "mean": [
            73.57723577235772,
            69.91869918699187,
            66.30081300813008,
            89.869918699187,
            74.52845528455285,
            81.3170731707317,
            76.1219512195122,
            86.47154471544715
        ],
        "min": [
            10,
            9,
            9,
            27,
            26,
            19,
            21,
            16
        ],
        "max": [
            170,
            161,
            152,
            193,
            157,
            198,
            152,
            174
        ],
        "RawIntDen": [
            9050,
            8600,
            8155,
            11054,
            9167,
            10002,
            9363,
            10636
        ],
        "IntDen": [
            4833.335293136854,
            4593.003703975352,
            4355.342465804535,
            5903.611970202738,
            4895.821506318844,
            5341.770121762962,
            5000.49926515363,
            5680.370627381611
        ],
        "FlagUp": 0,
        "Times": [],
        "width": 0,
        "height": 0,
        "area": [
            0.5340701981366689,
            0.5340701981366689,
            0.5340701981366689,
            0.5340701981366689,
            0.5340701981366689,
            0.5340701981366689,
            0.5340701981366689,
            0.5340701981366689
        ],
        "distance": 6.483944429932407,
        "xpert": [
            [
                224.0,
                227.8
            ],
            [
                219.8,
                225.2
            ],
            [
                217.0,
                221.0
            ],
            [
                220.4,
                217.4
            ],
            [
                224.0,
                216.0
            ],
            [
                228.0,
                217.0
            ],
            [
                230.2,
                221.0
            ],
            [
                231.6,
                228.6
            ]
        ],
        "stack": 0,
        "shift": [
            [
                0.0,
                0.0
            ],
            [
                0.0,
                0.0
            ],
            [
                0.0,
                0.0
            ],
            [
                0.0,
                0.0
            ],
            [
                0.0,
                0.0
            ],
            [
                0.0,
                0.0
            ],
            [
                0.0,
                0.0
            ],
            [
                0.0,
                0.0
            ],
            [
                0.0,
                0.0
            ]
        ],
        "channel": 0
    },
    {
        "type": "Spine",
        "location": [
            232,
            246
        ],
        "radloc": [
            0,
            0
        ],
        "mean": [
            69.15384615384616,
            70.53846153846153,
            72.69871794871794,
            67.32051282051282,
            63.955128205128204,
            60.3525641025641,
            69.42307692307692,
            65.48076923076923
        ],
        "min": [
            17,
            18,
            15,
            13,
            16,
            11,
            16,
            11
        ],
        "max": [
            172,
            148,
            174,
            144,
            175,
            146,
            148,
            139
        ],
        "RawIntDen": [
            10788,
            11004,
            11341,
            10502,
            9977,
            9415,
            10830,
            10215
        ],
        "IntDen": [
            7307.330816339414,
            7453.639998424074,
            7681.909416769123,
            7113.606621542132,
            6757.9940261974725,
            6377.319209847569,
            7335.779823966986,
            6919.2050694203845
        ],
        "FlagUp": 0,
        "Times": [],
        "width": 0,
        "height": 0,
        "area": [
            0.677357324466019,
            0.677357324466019,
            0.677357324466019,
            0.677357324466019,
            0.677357324466019,
            0.677357324466019,
            0.677357324466019,
            0.677357324466019
        ],
        "distance": 5.339833037620975,
        "xpert": [
            [
                232.0,
                252.6
            ],
            [
                227.6,
                250.4
            ],
            [
                226.0,
                246.0
            ],
            [
                224.8,
                238.8
            ],
            [
                232.0,
                238.8
            ],
            [
                238.8,
                239.2
            ],
            [
                238.8,
                246.0
            ],
            [
                237.0,
                251.0
            ]
        ],
        "stack": 0,
        "shift": [
            [
                0.0,
                0.0
            ],
            [
                0.0,
                0.0
            ],
            [
                0.0,
                0.0
            ],
            [
                0.0,
                0.0
            ],
            [
                0.0,
                0.0
            ],
            [
                0.0,
                0.0
            ],
            [
                0.0,
                0.0
            ],
            [
                0.0,
                0.0
            ],
            [
                0.0,
                0.0
            ]
        ],
        "channel": 0
    },
    {
        "type": "Spine",
        "location": [
            244,
            248
        ],
        "radloc": [
            0,
            0
        ],
        "mean": [
            45.526785714285715,
            49.964285714285715,
            57.50892857142857,
            47.392857142857146,
            48.625,
            49.285714285714285,
            50.285714285714285,
            59.714285714285715
        ],
        "min": [
            10,
            14,
            17,
            15,
            12,
            18,
            12,
            11
        ],
        "max": [
            113,
            99,
            96,
            88,
            100,
            109,
            96,
            139
        ],
        "RawIntDen": [
            5099,
            5596,
            6441,
            5308,
            5446,
            5520,
            5632,
            6688
        ],
        "IntDen": [
            2479.6835879144223,
            2721.3785757931178,
            3132.3086859691693,
            2581.321922857375,
            2648.432402389085,
            2684.419181268408,
            2738.885657410086,
            3252.4267181744767
        ],
        "FlagUp": 0,
        "Times": [],
        "width": 0,
        "height": 0,
        "area": [
            0.48630782269355216,
            0.48630782269355216,
            0.48630782269355216,
            0.48630782269355216,
            0.48630782269355216,
            0.48630782269355216,
            0.48630782269355216,
            0.48630782269355216
        ],
        "distance": 4.412690379497159,
        "xpert": [
            [
                244.0,
                253.2
            ],
            [
                239.4,
                252.6
            ],
            [
                237.2,
                248.0
            ],
            [
                238.2,
                242.2
            ],
            [
                244.0,
                241.0
            ],
            [
                248.4,
                243.6
            ],
            [
                249.6,
                248.0
            ],
            [
                247.4,
                251.4
            ]
        ],
        "stack": 0,
        "shift": [
            [
                0.0,
                0.0
            ],
            [
                0.0,
                0.0
            ],
            [
                0.0,
                0.0
            ],
            [
                0.0,
                0.0
            ],
            [
                0.0,
                0.0
            ],
            [
                0.0,
                0.0
            ],
            [
                0.0,
                0.0
            ],
            [
                0.0,
                0.0
            ],
            [
                0.0,
                0.0
            ]
        ],
        "channel": 0
    },
    {
        "type": "Spine",
        "location": [
            278,
            253
        ],
        "radloc": [
            0,
            0
        ],
        "mean": [
            92.4020618556701,
            97.14432989690722,
            97.91752577319588,
            113.02061855670104,
            87.71134020618557,
            67.52577319587628,
            75.09278350515464,
            91.05154639175258
        ],
        "min": [
            30,
            27,
            32,
            28,
            24,
            10,
            12,
            18
        ],
        "max": [
            201,
            200,
            201,
            206,
            228,
            192,
            202,
            221
        ],
        "RawIntDen": [
            8963,
            9423,
            9498,
            10963,
            8508,
            6550,
            7284,
            8832
        ],
        "IntDen": [
            3775.0122360341416,
            3968.753798967948,
            4000.342097272373,
            4617.366857485473,
            3583.376559653964,
            2758.7113852531106,
            3067.855531325749,
            3719.8380083290795
        ],
        "FlagUp": 0,
        "Times": [],
        "width": 0,
        "height": 0,
        "area": [
            0.4211773107256657,
            0.4211773107256657,
            0.4211773107256657,
            0.4211773107256657,
            0.4211773107256657,
            0.4211773107256657,
            0.4211773107256657,
            0.4211773107256657
        ],
        "distance": 1.6984538057580736,
        "xpert": [
            [
                278.0,
                257.6
            ],
            [
                274.4,
                256.6
            ],
            [
                272.0,
                253.0
            ],
            [
                272.8,
                247.8
            ],
            [
                278.0,
                247.4
            ],
            [
                282.4,
                248.6
            ],
            [
                284.4,
                253.0
            ],
            [
                281.8,
                256.8
            ]
        ],
        "stack": 0,
        "shift": [
            [
                0.0,
                0.0
            ],
            [
                0.0,
                0.0
            ],
            [
                0.0,
                0.0
            ],
            [
                0.0,
                0.0
            ],
            [
                0.0,
                0.0
            ],
            [
                0.0,
                0.0
            ],
            [
                0.0,
                0.0
            ],
            [
                0.0,
                0.0
            ],
            [
                0.0,
                0.0
            ]
        ],
        "channel": 0
    },
    {
        "type": "Stim",
        "location": [
            331,
            241
        ],
        "radloc": [
            0,
            0
        ],
        "mean": [
            83.90697674418605,
            67.09302325581395,
            48.86046511627907,
            49.8062015503876,
            73.96899224806202,
            71.40310077519379,
            58.12403100775194,
            65.10852713178295
        ],
        "min": [
            15,
            10,
            8,
            9,
            13,
            13,
            10,
            11
        ],
        "max": [
            176,
            181,
            137,
            146,
            173,
            152,
            144,
            157
        ],
        "RawIntDen": [
            10824,
            8655,
            6303,
            6425,
            9542,
            9211,
            7498,
            8399
        ],
        "IntDen": [
            6062.764889247465,
            4847.859397305692,
            3530.451505628859,
            3598.7864387855657,
            5344.687968699123,
            5159.287453331338,
            4199.797777122828,
            4704.468062157193
        ],
        "FlagUp": 0,
        "Times": [],
        "width": 0,
        "height": 0,
        "area": [
            0.5601224029238234,
            0.5601224029238234,
            0.5601224029238234,
            0.5601224029238234,
            0.5601224029238234,
            0.5601224029238234,
            0.5601224029238234,
            0.5601224029238234
        ],
        "distance": 0,
        "xpert": [
            [
                331.0,
                249.6
            ],
            [
                324.4,
                247.6
            ],
            [
                325.0,
                241.0
            ],
            [
                326.8,
                236.8
            ],
            [
                331.0,
                235.6
            ],
            [
                334.8,
                237.2
            ],
            [
                336.6,
                241.0
            ],
            [
                335.8,
                245.8
            ]
        ],
        "stack": 0,
        "shift": [
            [
                0.0,
                0.0
            ],
            [
                0.0,
                0.0
            ],
            [
                0.0,
                0.0
            ],
            [
                0.0,
                0.0
            ],
            [
                0.0,
                0.0
            ],
            [
                0.0,
                0.0
            ],
            [
                0.0,
                0.0
            ],
            [
                0.0,
                0.0
            ],
            [
                0.0,
                0.0
            ]
        ],
        "channel": 0
    },
    {
        "type": "Spine",
        "location": [
            313,
            269
        ],
        "radloc": [
            0,
            0
        ],
        "mean": [
            45.25,
            46.41935483870968,
            38.95967741935484,
            39.153225806451616,
            41.766129032258064,
            47.24193548387097,
            44.935483870967744,
            54.21774193548387
        ],
        "min": [
            12,
            9,
            10,
            9,
            9,
            11,
            9,
            9
        ],
        "max": [
            98,
            114,
            99,
            100,
            94,
            115,
            103,
            110
        ],
        "RawIntDen": [
            5611,
            5756,
            4831,
            4855,
            5179,
            5858,
            5572,
            6723
        ],
        "IntDen": [
            3021.03103525497,
            3099.1008089338097,
            2601.069494086038,
            2613.991387660467,
            2788.436950915254,
            3154.018856625132,
            3000.0329581965234,
            3619.7454375368316
        ],
        "FlagUp": 0,
        "Times": [],
        "width": 0,
        "height": 0,
        "area": [
            0.5384122322678613,
            0.5384122322678613,
            0.5384122322678613,
            0.5384122322678613,
            0.5384122322678613,
            0.5384122322678613,
            0.5384122322678613,
            0.5384122322678613
        ],
        "distance": -0.46123000000000003,
        "xpert": [
            [
                313.0,
                276.0
            ],
            [
                307.4,
                274.6
            ],
            [
                306.6,
                269.0
            ],
            [
                309.4,
                265.4
            ],
            [
                313.0,
                262.0
            ],
            [
                317.0,
                265.0
            ],
            [
                320.0,
                269.0
            ],
            [
                317.8,
                273.8
            ]
        ],
        "stack": 0,
        "shift": [
            [
                0.0,
                0.0
            ],
            [
                0.0,
                0.0
            ],
            [
                0.0,
                0.0
            ],
            [
                0.0,
                0.0
            ],
            [
                0.0,
                0.0
            ],
            [
                0.0,
                0.0
            ],
            [
                0.0,
                0.0
            ],
            [
                0.0,
                0.0
            ],
            [
                0.0,
                0.0
            ]
        ],
        "channel": 0
    },
    {
        "type": "Spine",
        "location": [
            307,
            263
        ],
        "radloc": [
            0,
            0
        ],
        "mean": [
            45.38461538461539,
            43.23076923076923,
            44.065934065934066,
            45.48351648351648,
            56.967032967032964,
            40.08791208791209,
            41.472527472527474,
            29.681318681318682
        ],
        "min": [
            10,
            10,
            12,
            9,
            17,
            8,
            11,
            5
        ],
        "max": [
            112,
            114,
            121,
            100,
            122,
            115,
            105,
            96
        ],
        "RawIntDen": [
            4130,
            3934,
            4010,
            4139,
            5184,
            3648,
            3774,
            2701
        ],
        "IntDen": [
            1631.866687526051,
            1554.4221667621027,
            1584.4516748134297,
            1635.4228134794976,
            2048.3285491852416,
            1441.4163864636887,
            1491.202149811941,
            1067.2329111399185
        ],
        "FlagUp": 0,
        "Times": [],
        "width": 0,
        "height": 0,
        "area": [
            0.39512510593851113,
            0.39512510593851113,
            0.39512510593851113,
            0.39512510593851113,
            0.39512510593851113,
            0.39512510593851113,
            0.39512510593851113,
            0.39512510593851113
        ],
        "distance": -0.06589,
        "xpert": [
            [
                307.0,
                268.2
            ],
            [
                303.8,
                266.2
            ],
            [
                302.0,
                263.0
            ],
            [
                303.2,
                259.2
            ],
            [
                307.0,
                257.8
            ],
            [
                312.2,
                257.8
            ],
            [
                314.0,
                263.0
            ],
            [
                310.6,
                266.6
            ]
        ],
        "stack": 0,
        "shift": [
            [
                0.0,
                0.0
            ],
            [
                0.0,
                0.0
            ],
            [
                0.0,
                0.0
            ],
            [
                0.0,
                0.0
            ],
            [
                0.0,
                0.0
            ],
            [
                0.0,
                0.0
            ],
            [
                0.0,
                0.0
            ],
            [
                0.0,
                0.0
            ],
            [
                0.0,
                0.0
            ]
        ],
        "channel": 0
    },
    {
        "type": "Stim",
        "location": [
            378,
            237
        ],
        "radloc": [
            0,
            0
        ],
        "mean": [
            31.723809523809525,
            28.79047619047619,
            30.857142857142858,
            28.876190476190477,
            27.704761904761906,
            26.047619047619047,
            32.94285714285714,
            37.93333333333333
        ],
        "min": [
            6,
            7,
            9,
            5,
            6,
            6,
            8,
            10
        ],
        "max": [
            82,
            80,
            74,
            75,
            80,
            64,
            76,
            94
        ],
        "RawIntDen": [
            3331,
            3023,
            3240,
            3032,
            2909,
            2735,
            3459,
            3983
        ],
        "IntDen": [
            1518.6481475552084,
            1378.226763752445,
            1477.1600114316648,
            1382.329986006422,
            1326.2526152020719,
            1246.923651625186,
            1577.0050862784346,
            1815.903804176642
        ],
        "FlagUp": 0,
        "Times": [],
        "width": 0,
        "height": 0,
        "area": [
            0.45591358377520513,
            0.45591358377520513,
            0.45591358377520513,
            0.45591358377520513,
            0.45591358377520513,
            0.45591358377520513,
            0.45591358377520513,
            0.45591358377520513
        ],
        "distance": 0,
        "xpert": [
            [
                378.0,
                243.6
            ],
            [
                373.2,
                241.8
            ],
            [
                370.4,
                237.0
            ],
            [
                374.0,
                233.0
            ],
            [
                378.0,
                230.8
            ],
            [
                381.2,
                233.8
            ],
            [
                383.8,
                237.0
            ],
            [
                381.8,
                240.8
            ]
        ],
        "stack": 0,
        "shift": [
            [
                0.0,
                0.0
            ],
            [
                0.0,
                0.0
            ],
            [
                0.0,
                0.0
            ],
            [
                0.0,
                0.0
            ],
            [
                0.0,
                0.0
            ],
            [
                0.0,
                0.0
            ],
            [
                0.0,
                0.0
            ],
            [
                0.0,
                0.0
            ],
            [
                0.0,
                0.0
            ]
        ],
        "channel": 0
    },
    {
        "type": "Stim",
        "location": [
            376,
            274
        ],
        "radloc": [
            0,
            0
        ],
        "mean": [
            38.16260162601626,
            31.024390243902438,
            32.829268292682926,
            45.59349593495935,
            33.53658536585366,
            35.00813008130081,
            35.36585365853659,
            38.17886178861789
        ],
        "min": [
            6,
            7,
            6,
            14,
            8,
            9,
            8,
            8
        ],
        "max": [
            99,
            65,
            119,
            115,
            84,
            79,
            83,
            88
        ],
        "RawIntDen": [
            4694,
            3816,
            4038,
            5608,
            4125,
            4306,
            4350,
            4696
        ],
        "IntDen": [
            2506.925510053524,
            2038.0118760895284,
            2156.575460075869,
            2995.0656711504394,
            2203.039567313759,
            2299.7062731764963,
            2323.2053618945097,
            2507.9936504497973
        ],
        "FlagUp": 0,
        "Times": [],
        "width": 0,
        "height": 0,
        "area": [
            0.5340701981366689,
            0.5340701981366689,
            0.5340701981366689,
            0.5340701981366689,
            0.5340701981366689,
            0.5340701981366689,
            0.5340701981366689,
            0.5340701981366689
        ],
        "distance": 0,
        "xpert": [
            [
                376.0,
                279.2
            ],
            [
                370.8,
                279.2
            ],
            [
                369.4,
                274.0
            ],
            [
                372.0,
                270.0
            ],
            [
                376.0,
                268.0
            ],
            [
                385.0,
                265.0
            ],
            [
                381.0,
                274.0
            ],
            [
                379.2,
                277.2
            ]
        ],
        "stack": 0,
        "shift": [
            [
                0.0,
                0.0
            ],
            [
                0.0,
                0.0
            ],
            [
                0.0,
                0.0
            ],
            [
                0.0,
                0.0
            ],
            [
                0.0,
                0.0
            ],
            [
                0.0,
                0.0
            ],
            [
                0.0,
                0.0
            ],
            [
                0.0,
                0.0
            ],
            [
                0.0,
                0.0
            ]
        ],
        "channel": 0
    },
    {
        "type": "Spine",
        "location": [
            396,
            261
        ],
        "radloc": [
            0,
            0
        ],
        "mean": [
            85.70370370370371,
            91.17901234567901,
            100.04320987654322,
            95.37037037037037,
            121.04320987654322,
            92.76543209876543,
            114.72839506172839,
            122.05555555555556
        ],
        "min": [
            29,
            21,
            19,
            15,
            20,
            23,
            19,
            34
        ],
        "max": [
            210,
            221,
            238,
            214,
            253,
            210,
            251,
            255
        ],
        "RawIntDen": [
            13884,
            14771,
            16207,
            15450,
            19609,
            15028,
            18586,
            19773
        ],
        "IntDen": [
            9766.137904151063,
            10390.062156598628,
            11400.158240606186,
            10867.677226961534,
            13793.157459125483,
            10570.838405616694,
            13073.569510699486,
            13908.516621923003
        ],
        "FlagUp": 0,
        "Times": [],
        "width": 0,
        "height": 0,
        "area": [
            0.7034095292531737,
            0.7034095292531737,
            0.7034095292531737,
            0.7034095292531737,
            0.7034095292531737,
            0.7034095292531737,
            0.7034095292531737,
            0.7034095292531737
        ],
        "distance": -1.2406050632495267,
        "xpert": [
            [
                396.0,
                268.2
            ],
            [
                390.0,
                267.0
            ],
            [
                386.0,
                261.0
            ],
            [
                390.8,
                255.8
            ],
            [
                396.0,
                255.8
            ],
            [
                401.2,
                255.8
            ],
            [
                403.0,
                261.0
            ],
            [
                401.2,
                266.2
            ]
        ],
        "stack": 0,
        "shift": [
            [
                0.0,
                0.0
            ],
            [
                0.0,
                0.0
            ],
            [
                0.0,
                0.0
            ],
            [
                0.0,
                0.0
            ],
            [
                0.0,
                0.0
            ],
            [
                0.0,
                0.0
            ],
            [
                0.0,
                0.0
            ],
            [
                0.0,
                0.0
            ],
            [
                0.0,
                0.0
            ]
        ],
        "channel": 0
    },
    {
        "type": "Stim",
        "location": [
            418,
            258
        ],
        "radloc": [
            0,
            0
        ],
        "mean": [
            95.10191082802548,
            105.3312101910828,
            114.05732484076434,
            92.45859872611464,
            92.28662420382166,
            98.82165605095541,
            75.94904458598727,
            101.89808917197452
        ],
        "min": [
            13,
            15,
            18,
            20,
            15,
            15,
            16,
            15
        ],
        "max": [
            233,
            197,
            217,
            203,
            208,
            195,
            163,
            216
        ],
        "RawIntDen": [
            14931,
            16537,
            17907,
            14516,
            14489,
            15515,
            11924,
            15998
        ],
        "IntDen": [
            10178.453123214966,
            11273.262293122087,
            12207.190414400267,
            9895.547889397123,
            9877.142006714997,
            10576.565548635737,
            8128.58315191315,
            10905.82633883819
        ],
        "FlagUp": 0,
        "Times": [],
        "width": 0,
        "height": 0,
        "area": [
            0.6816993585972115,
            0.6816993585972115,
            0.6816993585972115,
            0.6816993585972115,
            0.6816993585972115,
            0.6816993585972115,
            0.6816993585972115,
            0.6816993585972115
        ],
        "distance": 0,
        "xpert": [
            [
                418.0,
                264.8
            ],
            [
                411.4,
                264.6
            ],
            [
                408.2,
                258.0
            ],
            [
                413.2,
                253.2
            ],
            [
                418.0,
                253.2
            ],
            [
                422.8,
                253.2
            ],
            [
                427.6,
                258.0
            ],
            [
                422.8,
                262.8
            ]
        ],
        "stack": 0,
        "shift": [
            [
                0.0,
                0.0
            ],
            [
                0.0,
                0.0
            ],
            [
                0.0,
                0.0
            ],
            [
                0.0,
                0.0
            ],
            [
                0.0,
                0.0
            ],
            [
                0.0,
                0.0
            ],
            [
                0.0,
                0.0
            ],
            [
                0.0,
                0.0
            ],
            [
                0.0,
                0.0
            ]
        ],
        "channel": 0
    },
    {
        "type": "Stim",
        "location": [
            426,
            233
        ],
        "radloc": [
            0,
            0
        ],
        "mean": [
            58.51851851851852,
            72.68518518518519,
            74.62962962962963,
            83.12962962962963,
            91.94444444444444,
            80.79629629629629,
            84.69444444444444,
            77.89814814814815
        ],
        "min": [
            14,
            21,
            16,
            14,
            10,
            19,
            21,
            13
        ],
        "max": [
            119,
            180,
            195,
            185,
            212,
            181,
            194,
            189
        ],
        "RawIntDen": [
            6320,
            7850,
            8060,
            8978,
            9930,
            8726,
            9147,
            8413
        ],
        "IntDen": [
            2963.698816586705,
            3681.1765364249422,
            3779.6538705203866,
            4210.140502423329,
            4656.571083656009,
            4091.9677015087955,
            4289.391309385853,
            3945.1895797379666
        ],
        "FlagUp": 0,
        "Times": [],
        "width": 0,
        "height": 0,
        "area": [
            0.46893968616878245,
            0.46893968616878245,
            0.46893968616878245,
            0.46893968616878245,
            0.46893968616878245,
            0.46893968616878245,
            0.46893968616878245,
            0.46893968616878245
        ],
        "distance": 0,
        "xpert": [
            [
                426.0,
                239.2
            ],
            [
                421.4,
                237.6
            ],
            [
                420.4,
                233.0
            ],
            [
                421.6,
                228.6
            ],
            [
                426.0,
                227.2
            ],
            [
                431.4,
                227.6
            ],
            [
                431.8,
                233.0
            ],
            [
                430.2,
                237.2
            ]
        ],
        "stack": 0,
        "shift": [
            [
                0.0,
                0.0
            ],
            [
                0.0,
                0.0
            ],
            [
                0.0,
                0.0
            ],
            [
                0.0,
                0.0
            ],
            [
                0.0,
                0.0
            ],
            [
                0.0,
                0.0
            ],
            [
                0.0,
                0.0
            ],
            [
                0.0,
                0.0
            ],
            [
                0.0,
                0.0
            ]
        ],
        "channel": 0
    },
    {
        "type": "Spine",
        "location": [
            442,
            264
        ],
        "radloc": [
            0,
            0
        ],
        "mean": [
            51.54054054054054,
            30.37837837837838,
            34.4054054054054,
            31.00900900900901,
            35.01801801801802,
            32.04504504504504,
            28.783783783783782,
            26.16216216216216
        ],
        "min": [
            11,
            7,
            7,
            8,
            8,
            6,
            7,
            7
        ],
        "max": [
            119,
            72,
            84,
            93,
            79,
            83,
            58,
            86
        ],
        "RawIntDen": [
            5721,
            3372,
            3819,
            3442,
            3887,
            3557,
            3195,
            2904
        ],
        "IntDen": [
            2757.32627636526,
            1625.188639032277,
            1840.6273465196518,
            1658.9262442316422,
            1873.4010201418923,
            1714.3523099163135,
            1539.8806944567393,
            1399.6286499850926
        ],
        "FlagUp": 0,
        "Times": [],
        "width": 0,
        "height": 0,
        "area": [
            0.4819657885623597,
            0.4819657885623597,
            0.4819657885623597,
            0.4819657885623597,
            0.4819657885623597,
            0.4819657885623597,
            0.4819657885623597,
            0.4819657885623597
        ],
        "distance": 1.05424,
        "xpert": [
            [
                442.0,
                270.0
            ],
            [
                437.4,
                268.6
            ],
            [
                436.8,
                264.0
            ],
            [
                438.4,
                260.4
            ],
            [
                442.0,
                257.0
            ],
            [
                447.6,
                258.4
            ],
            [
                447.4,
                264.0
            ],
            [
                446.8,
                268.8
            ]
        ],
        "stack": 0,
        "shift": [
            [
                0.0,
                0.0
            ],
            [
                0.0,
                0.0
            ],
            [
                0.0,
                0.0
            ],
            [
                0.0,
                0.0
            ],
            [
                0.0,
                0.0
            ],
            [
                0.0,
                0.0
            ],
            [
                0.0,
                0.0
            ],
            [
                0.0,
                0.0
            ],
            [
                0.0,
                0.0
            ]
        ],
        "channel": 0
    },
    {
        "type": "Spine",
        "location": [
            463,
            270
        ],
        "radloc": [
            0,
            0
        ],
        "mean": [
            43.622950819672134,
            58.98360655737705,
            51.59836065573771,
            62.27049180327869,
            50.90983606557377,
            65.64754098360656,
            56.778688524590166,
            64.50819672131148
        ],
        "min": [
            17,
            20,
            13,
            23,
            13,
            7,
            10,
            9
        ],
        "max": [
            114,
            131,
            124,
            148,
            143,
            170,
            184,
            161
        ],
        "RawIntDen": [
            5322,
            7196,
            6295,
            7597,
            6211,
            8009,
            6927,
            7870
        ],
        "IntDen": [
            2819.2132888371457,
            3811.9238681834086,
            3334.638792414474,
            4024.344861949605,
            3290.1416266380143,
            4242.592865519861,
            3669.4269920659353,
            4168.9606507231
        ],
        "FlagUp": 0,
        "Times": [],
        "width": 0,
        "height": 0,
        "area": [
            0.5297281640054765,
            0.5297281640054765,
            0.5297281640054765,
            0.5297281640054765,
            0.5297281640054765,
            0.5297281640054765,
            0.5297281640054765,
            0.5297281640054765
        ],
        "distance": 3.389054050435251,
        "xpert": [
            [
                463.0,
                275.8
            ],
            [
                458.2,
                274.8
            ],
            [
                457.8,
                270.0
            ],
            [
                458.6,
                265.6
            ],
            [
                463.0,
                264.0
            ],
            [
                468.4,
                264.6
            ],
            [
                470.6,
                270.0
            ],
            [
                468.6,
                275.6
            ]
        ],
        "stack": 0,
        "shift": [
            [
                0.0,
                0.0
            ],
            [
                0.0,
                0.0
            ],
            [
                0.0,
                0.0
            ],
            [
                0.0,
                0.0
            ],
            [
                0.0,
                0.0
            ],
            [
                0.0,
                0.0
            ],
            [
                0.0,
                0.0
            ],
            [
                0.0,
                0.0
            ],
            [
                0.0,
                0.0
            ]
        ],
        "channel": 0
    },
    {
        "type": "Spine",
        "location": [
            471,
            249
        ],
        "radloc": [
            0,
            0
        ],
        "mean": [
            56.22115384615385,
            53.11538461538461,
            58.88461538461539,
            82.75961538461539,
            55.0,
            72.3173076923077,
            92.0576923076923,
            107.15384615384616
        ],
        "min": [
            7,
            5,
            6,
            8,
            7,
            13,
            16,
            37
        ],
        "max": [
            181,
            183,
            205,
            213,
            216,
            223,
            174,
            198
        ],
        "RawIntDen": [
            5847,
            5524,
            6124,
            8607,
            5720,
            7521,
            9574,
            11144
        ],
        "IntDen": [
            2640.338850768542,
            2494.4812402335265,
            2765.424170019934,
            3886.6763277860173,
            2582.989263963753,
            3396.2696248726197,
            4323.346016291778,
            5032.313349232878
        ],
        "FlagUp": 0,
        "Times": [],
        "width": 0,
        "height": 0,
        "area": [
            0.4515715496440127,
            0.4515715496440127,
            0.4515715496440127,
            0.4515715496440127,
            0.4515715496440127,
            0.4515715496440127,
            0.4515715496440127,
            0.4515715496440127
        ],
        "distance": 2.7833675948742904,
        "xpert": [
            [
                471.0,
                255.8
            ],
            [
                466.0,
                254.0
            ],
            [
                462.8,
                249.0
            ],
            [
                467.0,
                245.0
            ],
            [
                471.0,
                244.4
            ],
            [
                474.4,
                245.6
            ],
            [
                477.4,
                249.0
            ],
            [
                474.4,
                252.4
            ]
        ],
        "stack": 0,
        "shift": [
            [
                0.0,
                0.0
            ],
            [
                0.0,
                0.0
            ],
            [
                0.0,
                0.0
            ],
            [
                0.0,
                0.0
            ],
            [
                0.0,
                0.0
            ],
            [
                0.0,
                0.0
            ],
            [
                0.0,
                0.0
            ],
            [
                0.0,
                0.0
            ],
            [
                0.0,
                0.0
            ]
        ],
        "channel": 0
    },
    {
        "type": "Spine",
        "location": [
            492,
            287
        ],
        "radloc": [
            0,
            0
        ],
        "mean": [
            81.21126760563381,
            74.80985915492958,
            78.50704225352112,
            74.59859154929578,
            62.45774647887324,
            60.190140845070424,
            67.67605633802818,
            78.95774647887323
        ],
        "min": [
            18,
            20,
            25,
            16,
            6,
            10,
            8,
            9
        ],
        "max": [
            180,
            153,
            169,
            162,
            145,
            142,
            171,
            171
        ],
        "RawIntDen": [
            11532,
            10623,
            11148,
            10593,
            8869,
            8547,
            9610,
            11212
        ],
        "IntDen": [
            7110.271939329376,
            6549.81085774332,
            6873.509502223716,
            6531.31379234444,
            5468.349100755484,
            5269.813932140842,
            5925.226616107814,
            6912.969908407993
        ],
        "FlagUp": 0,
        "Times": [],
        "width": 0,
        "height": 0,
        "area": [
            0.6165688466293251,
            0.6165688466293251,
            0.6165688466293251,
            0.6165688466293251,
            0.6165688466293251,
            0.6165688466293251,
            0.6165688466293251,
            0.6165688466293251
        ],
        "distance": 5.7831358222438425,
        "xpert": [
            [
                492.0,
                291.8
            ],
            [
                488.2,
                290.8
            ],
            [
                484.0,
                287.0
            ],
            [
                486.0,
                281.0
            ],
            [
                492.0,
                277.0
            ],
            [
                498.0,
                281.0
            ],
            [
                498.0,
                287.0
            ],
            [
                495.8,
                290.8
            ]
        ],
        "stack": 0,
        "shift": [
            [
                0.0,
                0.0
            ],
            [
                0.0,
                0.0
            ],
            [
                0.0,
                0.0
            ],
            [
                0.0,
                0.0
            ],
            [
                0.0,
                0.0
            ],
            [
                0.0,
                0.0
            ],
            [
                0.0,
                0.0
            ],
            [
                0.0,
                0.0
            ],
            [
                0.0,
                0.0
            ]
        ],
        "channel": 0
    },
    {
        "type": "Spine",
        "location": [
            495,
            260
        ],
        "radloc": [
            0,
            0
        ],
        "mean": [
            92.3030303030303,
            80.60606060606061,
            69.32323232323232,
            105.48484848484848,
            83.25252525252525,
            93.11111111111111,
            142.2020202020202,
            116.44444444444444
        ],
        "min": [
            10,
            9,
            7,
            15,
            15,
            24,
            47,
            11
        ],
        "max": [
            245,
            204,
            211,
            223,
            186,
            225,
            227,
            230
        ],
        "RawIntDen": [
            9138,
            7980,
            6863,
            10443,
            8242,
            9218,
            14078,
            11528
        ],
        "IntDen": [
            3928.073281192806,
            3430.2938043246436,
            2950.138643994991,
            4489.042380772212,
            3542.9174856195127,
            3962.46219151185,
            6051.588493393776,
            4955.441976974247
        ],
        "FlagUp": 0,
        "Times": [],
        "width": 0,
        "height": 0,
        "area": [
            0.42986137898805055,
            0.42986137898805055,
            0.42986137898805055,
            0.42986137898805055,
            0.42986137898805055,
            0.42986137898805055,
            0.42986137898805055,
            0.42986137898805055
        ],
        "distance": 4.983090505996212,
        "xpert": [
            [
                495.0,
                265.8
            ],
            [
                490.0,
                265.0
            ],
            [
                488.8,
                260.0
            ],
            [
                490.6,
                255.6
            ],
            [
                495.0,
                254.6
            ],
            [
                498.4,
                256.6
            ],
            [
                500.8,
                260.0
            ],
            [
                499.2,
                264.2
            ]
        ],
        "stack": 0,
        "shift": [
            [
                0.0,
                0.0
            ],
            [
                0.0,
                0.0
            ],
            [
                0.0,
                0.0
            ],
            [
                0.0,
                0.0
            ],
            [
                0.0,
                0.0
            ],
            [
                0.0,
                0.0
            ],
            [
                0.0,
                0.0
            ],
            [
                0.0,
                0.0
            ],
            [
                0.0,
                0.0
            ]
        ],
        "channel": 0
    }
]