[
    {
        "type": "Stim",
        "location": [
            312,
            299
        ],
        "radloc": [
            0,
            0
        ],
        "mean": [
            41.746153846153845,
            43.40769230769231,
            38.684615384615384,
            43.91538461538462,
            39.50769230769231,
            39.84615384615385,
            31.376923076923077,
            30.130769230769232
        ],
        "min": [
            10,
            10,
            5,
            12,
            9,
            7,
            6,
            6
        ],
        "max": [
            109,
            91,
            86,
            87,
            99,
            106,
            72,
            88
        ],
        "RawIntDen": [
            5427,
            5643,
            5029,
            5709,
            5136,
            5180,
            4079,
            3917
        ],
        "IntDen": [
            3063.348499897582,
            3185.2728183014656,
            2838.6916539496847,
            3222.5274711470965,
            2899.0893487145713,
            2923.9257839449924,
            2302.4504387474176,
            2211.007199944505
        ],
        "FlagUp": 0,
        "Times": [],
        "width": 0,
        "height": 0,
        "area": [
            0.5644644370550178,
            0.5644644370550178,
            0.5644644370550178,
            0.5644644370550178,
            0.5644644370550178,
            0.5644644370550178,
            0.5644644370550178,
            0.5644644370550178
        ],
        "distance": 0,
        "xpert": [
            [
                312.0,
                304.8
            ],
            [
                305.2,
                305.8
            ],
            [
                305.6,
                299.0
            ],
            [
                307.0,
                294.0
            ],
            [
                312.0,
                290.4
            ],
            [
                317.2,
                293.8
            ],
            [
                316.8,
                299.0
            ],
            [
                315.4,
                302.4
            ]
        ],
        "stack": 0,
        "shift": [
            [
                0.0,
                0.0
            ],
            [
                0.0,
                0.0
            ],
            [
                0.0,
                0.0
            ],
            [
                0.0,
                0.0
            ],
            [
                0.0,
                0.0
            ],
            [
                0.0,
                0.0
            ],
            [
                0.0,
                0.0
            ],
            [
                0.0,
                0.0
            ],
            [
                0.0,
                0.0
            ]
        ],
        "channel": 0
    },
    {
        "type": "Stim",
        "location": [
            329,
            287
        ],
        "radloc": [
            0,
            0
        ],
        "mean": [
            54.7956204379562,
            51.1021897810219,
            45.57664233576642,
            47.2992700729927,
            50.7007299270073,
            52.27007299270073,
            45.715328467153284,
            52.18978102189781
        ],
        "min": [
            8,
            12,
            6,
            7,
            7,
            12,
            8,
            8
        ],
        "max": [
            149,
            115,
            109,
            118,
            118,
            111,
            122,
            117
        ],
        "RawIntDen": [
            7507,
            7001,
            6244,
            6480,
            6946,
            7161,
            6263,
            7150
        ],
        "IntDen": [
            4465.604080532051,
            4164.6055904895275,
            3714.2975727776907,
            3854.6842203074048,
            4131.888363310993,
            4259.782978645267,
            3725.5998876211847,
            4253.239533209559
        ],
        "FlagUp": 0,
        "Times": [],
        "width": 0,
        "height": 0,
        "area": [
            0.594858675973365,
            0.594858675973365,
            0.594858675973365,
            0.594858675973365,
            0.594858675973365,
            0.594858675973365,
            0.594858675973365,
            0.594858675973365
        ],
        "distance": 0,
        "xpert": [
            [
                329.0,
                292.6
            ],
            [
                322.6,
                293.4
            ],
            [
                320.2,
                287.0
            ],
            [
                322.8,
                280.8
            ],
            [
                329.0,
                280.8
            ],
            [
                333.0,
                283.0
            ],
            [
                334.0,
                287.0
            ],
            [
                333.0,
                291.0
            ]
        ],
        "stack": 0,
        "shift": [
            [
                0.0,
                0.0
            ],
            [
                0.0,
                0.0
            ],
            [
                0.0,
                0.0
            ],
            [
                0.0,
                0.0
            ],
            [
                0.0,
                0.0
            ],
            [
                0.0,
                0.0
            ],
            [
                0.0,
                0.0
            ],
            [
                0.0,
                0.0
            ],
            [
                0.0,
                0.0
            ]
        ],
        "channel": 0
    },
    {
        "type": "Stim",
        "location": [
            353,
            247
        ],
        "radloc": [
            0,
            0
        ],
        "mean": [
            22.50862068965517,
            28.5,
            27.887931034482758,
            28.017241379310345,
            31.646551724137932,
            36.172413793103445,
            34.86206896551724,
            33.73275862068966
        ],
        "min": [
            4,
            6,
            5,
            4,
            5,
            9,
            9,
            8
        ],
        "max": [
            61,
            97,
            68,
            84,
            88,
            80,
            101,
            87
        ],
        "RawIntDen": [
            2611,
            3306,
            3235,
            3250,
            3671,
            4196,
            4044,
            3913
        ],
        "IntDen": [
            1315.097929519043,
            1665.1527211757777,
            1629.391728071277,
            1636.9468674595516,
            1848.994446290466,
            2113.424324880086,
            2036.8655790789005,
            1970.8840284213002
        ],
        "FlagUp": 0,
        "Times": [],
        "width": 0,
        "height": 0,
        "area": [
            0.5036759592183236,
            0.5036759592183236,
            0.5036759592183236,
            0.5036759592183236,
            0.5036759592183236,
            0.5036759592183236,
            0.5036759592183236,
            0.5036759592183236
        ],
        "distance": 0,
        "xpert": [
            [
                353.0,
                255.6
            ],
            [
                348.0,
                252.0
            ],
            [
                345.6,
                247.0
            ],
            [
                348.6,
                242.6
            ],
            [
                353.0,
                241.4
            ],
            [
                356.2,
                243.8
            ],
            [
                358.0,
                247.0
            ],
            [
                357.8,
                251.8
            ]
        ],
        "stack": 0,
        "shift": [
            [
                0.0,
                0.0
            ],
            [
                0.0,
                0.0
            ],
            [
                0.0,
                0.0
            ],
            [
                0.0,
                0.0
            ],
            [
                0.0,
                0.0
            ],
            [
                0.0,
                0.0
            ],
            [
                0.0,
                0.0
            ],
            [
                0.0,
                0.0
            ],
            [
                0.0,
                0.0
            ]
        ],
        "channel": 0
    },
    {
        "type": "Spine",
        "location": [
            417,
            255
        ],
        "radloc": [
            0,
            0
        ],
        "mean": [
            29.692307692307693,
            32.294871794871796,
            31.0,
            30.128205128205128,
            36.782051282051285,
            25.08974358974359,
            26.935897435897434,
            32.51282051282051
        ],
        "min": [
            9,
            8,
            12,
            9,
            6,
            5,
            4,
            7
        ],
        "max": [
            70,
            75,
            85,
            70,
            84,
            59,
            70,
            86
        ],
        "RawIntDen": [
            2316,
            2519,
            2418,
            2350,
            2869,
            1957,
            2101,
            2536
        ],
        "IntDen": [
            784.3797817316528,
            853.131550164954,
            818.9250052794199,
            795.8948562475751,
            971.6690819465076,
            662.7941419900019,
            711.5638693515555,
            858.8890874229152
        ],
        "FlagUp": 0,
        "Times": [],
        "width": 0,
        "height": 0,
        "area": [
            0.3386786622330107,
            0.3386786622330107,
            0.3386786622330107,
            0.3386786622330107,
            0.3386786622330107,
            0.3386786622330107,
            0.3386786622330107,
            0.3386786622330107
        ],
        "distance": 4.256386643641868,
        "xpert": [
            [
                417.0,
                260.2
            ],
            [
                413.4,
                258.6
            ],
            [
                411.6,
                255.0
            ],
            [
                412.8,
                250.8
            ],
            [
                417.0,
                250.8
            ],
            [
                421.0,
                251.0
            ],
            [
                422.2,
                255.0
            ],
            [
                420.4,
                258.4
            ]
        ],
        "stack": 0,
        "shift": [
            [
                0.0,
                0.0
            ],
            [
                0.0,
                0.0
            ],
            [
                0.0,
                0.0
            ],
            [
                0.0,
                0.0
            ],
            [
                0.0,
                0.0
            ],
            [
                0.0,
                0.0
            ],
            [
                0.0,
                0.0
            ],
            [
                0.0,
                0.0
            ],
            [
                0.0,
                0.0
            ]
        ],
        "channel": 0
    },
    {
        "type": "Spine",
        "location": [
            244,
            235
        ],
        "radloc": [
            0,
            0
        ],
        "mean": [
            43.17218543046358,
            38.04635761589404,
            34.629139072847686,
            41.675496688741724,
            32.90728476821192,
            33.152317880794705,
            41.13245033112583,
            30.70860927152318
        ],
        "min": [
            4,
            6,
            7,
            9,
            4,
            6,
            8,
            5
        ],
        "max": [
            104,
            94,
            82,
            114,
            89,
            105,
            111,
            82
        ],
        "RawIntDen": [
            6519,
            5745,
            5229,
            6293,
            4969,
            5006,
            6211,
            4637
        ],
        "IntDen": [
            4274.163795687776,
            3766.6928986387898,
            3428.3789672727994,
            4125.987538926703,
            3257.910707282184,
            3282.1696519731563,
            4072.2244723142776,
            3040.2358522172444
        ],
        "FlagUp": 0,
        "Times": [],
        "width": 0,
        "height": 0,
        "area": [
            0.6556471538100591,
            0.6556471538100591,
            0.6556471538100591,
            0.6556471538100591,
            0.6556471538100591,
            0.6556471538100591,
            0.6556471538100591,
            0.6556471538100591
        ],
        "distance": 4.944493037620972,
        "xpert": [
            [
                244.0,
                241.4
            ],
            [
                237.8,
                241.2
            ],
            [
                236.4,
                235.0
            ],
            [
                240.2,
                231.2
            ],
            [
                244.0,
                229.2
            ],
            [
                250.6,
                228.4
            ],
            [
                251.8,
                235.0
            ],
            [
                249.0,
                240.0
            ]
        ],
        "stack": 0,
        "shift": [
            [
                0.0,
                0.0
            ],
            [
                0.0,
                0.0
            ],
            [
                0.0,
                0.0
            ],
            [
                0.0,
                0.0
            ],
            [
                0.0,
                0.0
            ],
            [
                0.0,
                0.0
            ],
            [
                0.0,
                0.0
            ],
            [
                0.0,
                0.0
            ],
            [
                0.0,
                0.0
            ]
        ],
        "channel": 0
    },
    {
        "type": "Spine",
        "location": [
            221,
            273
        ],
        "radloc": [
            0,
            0
        ],
        "mean": [
            48.66417910447761,
            56.656716417910445,
            48.45522388059702,
            47.74626865671642,
            47.88805970149254,
            42.85820895522388,
            50.276119402985074,
            51.80597014925373
        ],
        "min": [
            18,
            21,
            11,
            14,
            10,
            7,
            10,
            12
        ],
        "max": [
            96,
            133,
            106,
            120,
            113,
            101,
            98,
            92
        ],
        "RawIntDen": [
            6521,
            7592,
            6493,
            6398,
            6417,
            5743,
            6737,
            6942
        ],
        "IntDen": [
            3794.130212313795,
            4417.272898617747,
            3777.838900253561,
            3722.564805763481,
            3733.619624661497,
            3341.46447006872,
            3919.806048207029,
            4039.0817257908857
        ],
        "FlagUp": 0,
        "Times": [],
        "width": 0,
        "height": 0,
        "area": [
            0.5818325735797876,
            0.5818325735797876,
            0.5818325735797876,
            0.5818325735797876,
            0.5818325735797876,
            0.5818325735797876,
            0.5818325735797876,
            0.5818325735797876
        ],
        "distance": 6.459963037620972,
        "xpert": [
            [
                221.0,
                278.8
            ],
            [
                215.8,
                278.2
            ],
            [
                213.8,
                273.0
            ],
            [
                215.8,
                267.8
            ],
            [
                221.0,
                266.2
            ],
            [
                226.2,
                267.8
            ],
            [
                227.8,
                273.0
            ],
            [
                225.4,
                277.4
            ]
        ],
        "stack": 0,
        "shift": [
            [
                0.0,
                0.0
            ],
            [
                0.0,
                0.0
            ],
            [
                0.0,
                0.0
            ],
            [
                0.0,
                0.0
            ],
            [
                0.0,
                0.0
            ],
            [
                0.0,
                0.0
            ],
            [
                0.0,
                0.0
            ],
            [
                0.0,
                0.0
            ],
            [
                0.0,
                0.0
            ]
        ],
        "channel": 0
    },
    {
        "type": "Spine",
        "location": [
            233,
            272
        ],
        "radloc": [
            0,
            0
        ],
        "mean": [
            47.50476190476191,
            52.25714285714286,
            39.02857142857143,
            33.0,
            29.752380952380953,
            34.60952380952381,
            37.476190476190474,
            39.60952380952381
        ],
        "min": [
            17,
            14,
            7,
            7,
            5,
            10,
            8,
            13
        ],
        "max": [
            85,
            111,
            84,
            96,
            77,
            86,
            92,
            106
        ],
        "RawIntDen": [
            4988,
            5487,
            4098,
            3465,
            3124,
            3634,
            3935,
            4159
        ],
        "IntDen": [
            2274.096955870731,
            2501.597834174559,
            1868.333866310797,
            1579.7405677810912,
            1424.2740357137457,
            1656.7899634391013,
            1794.0199521554384,
            1896.1445949210847
        ],
        "FlagUp": 0,
        "Times": [],
        "width": 0,
        "height": 0,
        "area": [
            0.4559135837752067,
            0.4559135837752067,
            0.4559135837752067,
            0.4559135837752067,
            0.4559135837752067,
            0.4559135837752067,
            0.4559135837752067,
            0.4559135837752067
        ],
        "distance": 5.669283037620972,
        "xpert": [
            [
                233.0,
                277.6
            ],
            [
                227.6,
                277.4
            ],
            [
                226.2,
                272.0
            ],
            [
                227.6,
                266.6
            ],
            [
                233.0,
                266.0
            ],
            [
                236.6,
                268.4
            ],
            [
                238.0,
                272.0
            ],
            [
                236.6,
                275.6
            ]
        ],
        "stack": 0,
        "shift": [
            [
                0.0,
                0.0
            ],
            [
                0.0,
                0.0
            ],
            [
                0.0,
                0.0
            ],
            [
                0.0,
                0.0
            ],
            [
                0.0,
                0.0
            ],
            [
                0.0,
                0.0
            ],
            [
                0.0,
                0.0
            ],
            [
                0.0,
                0.0
            ],
            [
                0.0,
                0.0
            ]
        ],
        "channel": 0
    },
    {
        "type": "Spine",
        "location": [
            201,
            249
        ],
        "radloc": [
            0,
            0
        ],
        "mean": [
            21.663716814159294,
            34.49557522123894,
            32.283185840707965,
            34.07079646017699,
            32.91150442477876,
            37.06194690265487,
            32.14159292035398,
            35.02654867256637
        ],
        "min": [
            4,
            7,
            8,
            8,
            6,
            5,
            5,
            10
        ],
        "max": [
            73,
            84,
            71,
            91,
            70,
            84,
            76,
            79
        ],
        "RawIntDen": [
            2448,
            3898,
            3648,
            3850,
            3719,
            4188,
            3632,
            3958
        ],
        "IntDen": [
            1201.1108495069789,
            1912.553141902861,
            1789.8906776966744,
            1889.0019487752731,
            1824.7268175312313,
            2054.8416003820375,
            1782.0402799874785,
            1941.9921333123457
        ],
        "FlagUp": 0,
        "Times": [],
        "width": 0,
        "height": 0,
        "area": [
            0.49064985682474627,
            0.49064985682474627,
            0.49064985682474627,
            0.49064985682474627,
            0.49064985682474627,
            0.49064985682474627,
            0.49064985682474627,
            0.49064985682474627
        ],
        "distance": 7.859640632495261,
        "xpert": [
            [
                201.0,
                254.2
            ],
            [
                196.2,
                253.8
            ],
            [
                194.6,
                249.0
            ],
            [
                196.2,
                244.2
            ],
            [
                201.0,
                243.2
            ],
            [
                205.2,
                244.8
            ],
            [
                206.4,
                249.0
            ],
            [
                206.2,
                254.2
            ]
        ],
        "stack": 0,
        "shift": [
            [
                0.0,
                0.0
            ],
            [
                0.0,
                0.0
            ],
            [
                0.0,
                0.0
            ],
            [
                0.0,
                0.0
            ],
            [
                0.0,
                0.0
            ],
            [
                0.0,
                0.0
            ],
            [
                0.0,
                0.0
            ],
            [
                0.0,
                0.0
            ],
            [
                0.0,
                0.0
            ]
        ],
        "channel": 0
    },
    {
        "type": "Spine",
        "location": [
            187,
            268
        ],
        "radloc": [
            0,
            0
        ],
        "mean": [
            42.412213740458014,
            42.6412213740458,
            35.786259541984734,
            34.57251908396947,
            35.29007633587786,
            38.11450381679389,
            40.969465648854964,
            42.64885496183206
        ],
        "min": [
            8,
            10,
            8,
            6,
            5,
            6,
            13,
            13
        ],
        "max": [
            102,
            93,
            86,
            88,
            100,
            96,
            93,
            96
        ],
        "RawIntDen": [
            5556,
            5586,
            4688,
            4529,
            4623,
            4993,
            5367,
            5587
        ],
        "IntDen": [
            3160.288753910584,
            3177.3529480461707,
            2666.5647369209537,
            2576.1245080023464,
            2629.59231629385,
            2840.0507106327477,
            3052.7843308563906,
            3177.921754517357
        ],
        "FlagUp": 0,
        "Times": [],
        "width": 0,
        "height": 0,
        "area": [
            0.5688064711862103,
            0.5688064711862103,
            0.5688064711862103,
            0.5688064711862103,
            0.5688064711862103,
            0.5688064711862103,
            0.5688064711862103,
            0.5688064711862103
        ],
        "distance": 8.782100632495263,
        "xpert": [
            [
                187.0,
                275.2
            ],
            [
                182.6,
                272.4
            ],
            [
                181.4,
                268.0
            ],
            [
                181.6,
                262.6
            ],
            [
                187.0,
                262.2
            ],
            [
                192.8,
                262.2
            ],
            [
                194.4,
                268.0
            ],
            [
                191.8,
                272.8
            ]
        ],
        "stack": 0,
        "shift": [
            [
                0.0,
                0.0
            ],
            [
                0.0,
                0.0
            ],
            [
                0.0,
                0.0
            ],
            [
                0.0,
                0.0
            ],
            [
                0.0,
                0.0
            ],
            [
                0.0,
                0.0
            ],
            [
                0.0,
                0.0
            ],
            [
                0.0,
                0.0
            ],
            [
                0.0,
                0.0
            ]
        ],
        "channel": 0
    },
    {
        "type": "Spine",
        "location": [
            175,
            267
        ],
        "radloc": [
            0,
            0
        ],
        "mean": [
            29.43103448275862,
            33.310344827586206,
            36.1551724137931,
            44.456896551724135,
            33.793103448275865,
            34.14655172413793,
            29.017241379310345,
            28.836206896551722
        ],
        "min": [
            6,
            7,
            11,
            11,
            6,
            12,
            6,
            11
        ],
        "max": [
            68,
            71,
            105,
            91,
            84,
            79,
            74,
            58
        ],
        "RawIntDen": [
            3414,
            3864,
            4194,
            5157,
            3920,
            3961,
            3366,
            3345
        ],
        "IntDen": [
            1719.5497247713568,
            1946.2039064196024,
            2112.416972961649,
            2597.456921688895,
            1974.4097601358285,
            1995.0604744637797,
            1695.3732787288773,
            1684.7960835852923
        ],
        "FlagUp": 0,
        "Times": [],
        "width": 0,
        "height": 0,
        "area": [
            0.5036759592183236,
            0.5036759592183236,
            0.5036759592183236,
            0.5036759592183236,
            0.5036759592183236,
            0.5036759592183236,
            0.5036759592183236,
            0.5036759592183236
        ],
        "distance": 9.204733164120029,
        "xpert": [
            [
                175.0,
                271.6
            ],
            [
                171.2,
                270.8
            ],
            [
                169.2,
                267.0
            ],
            [
                169.0,
                261.0
            ],
            [
                175.0,
                258.4
            ],
            [
                179.6,
                262.4
            ],
            [
                181.2,
                267.0
            ],
            [
                179.0,
                271.0
            ]
        ],
        "stack": 0,
        "shift": [
            [
                0.0,
                0.0
            ],
            [
                0.0,
                0.0
            ],
            [
                0.0,
                0.0
            ],
            [
                0.0,
                0.0
            ],
            [
                0.0,
                0.0
            ],
            [
                0.0,
                0.0
            ],
            [
                0.0,
                0.0
            ],
            [
                0.0,
                0.0
            ],
            [
                0.0,
                0.0
            ]
        ],
        "channel": 0
    },
    {
        "type": "Spine",
        "location": [
            154,
            260
        ],
        "radloc": [
            0,
            0
        ],
        "mean": [
            47.68292682926829,
            42.146341463414636,
            40.83739837398374,
            44.5609756097561,
            44.1219512195122,
            44.422764227642276,
            39.99186991869919,
            40.016260162601625
        ],
        "min": [
            10,
            12,
            5,
            11,
            7,
            14,
            11,
            10
        ],
        "max": [
            91,
            80,
            86,
            90,
            110,
            81,
            86,
            82
        ],
        "RawIntDen": [
            5865,
            5184,
            5023,
            5481,
            5427,
            5464,
            4919,
            4922
        ],
        "IntDen": [
            3132.3217120715735,
            2768.619907140501,
            2682.634605240497,
            2927.238755987092,
            2898.3989652877117,
            2918.1595626187686,
            2627.091304634283,
            2628.6935152286933
        ],
        "FlagUp": 0,
        "Times": [],
        "width": 0,
        "height": 0,
        "area": [
            0.5340701981366707,
            0.5340701981366707,
            0.5340701981366707,
            0.5340701981366707,
            0.5340701981366707,
            0.5340701981366707,
            0.5340701981366707,
            0.5340701981366707
        ],
        "distance": 11.007134919495247,
        "xpert": [
            [
                154.0,
                265.0
            ],
            [
                149.2,
                264.8
            ],
            [
                146.8,
                260.0
            ],
            [
                147.4,
                253.4
            ],
            [
                154.0,
                254.2
            ],
            [
                159.2,
                254.8
            ],
            [
                160.0,
                260.0
            ],
            [
                158.0,
                264.0
            ]
        ],
        "stack": 0,
        "shift": [
            [
                0.0,
                0.0
            ],
            [
                0.0,
                0.0
            ],
            [
                0.0,
                0.0
            ],
            [
                0.0,
                0.0
            ],
            [
                0.0,
                0.0
            ],
            [
                0.0,
                0.0
            ],
            [
                0.0,
                0.0
            ],
            [
                0.0,
                0.0
            ],
            [
                0.0,
                0.0
            ]
        ],
        "channel": 0
    },
    {
        "type": "Spine",
        "location": [
            132,
            247
        ],
        "radloc": [
            0,
            0
        ],
        "mean": [
            59.419117647058826,
            58.580882352941174,
            53.98529411764706,
            55.18382352941177,
            49.595588235294116,
            52.38970588235294,
            52.63970588235294,
            51.76470588235294
        ],
        "min": [
            18,
            13,
            13,
            9,
            8,
            12,
            11,
            11
        ],
        "max": [
            110,
            126,
            132,
            114,
            129,
            142,
            126,
            120
        ],
        "RawIntDen": [
            8081,
            7967,
            7342,
            7505,
            6745,
            7125,
            7159,
            7040
        ],
        "IntDen": [
            4771.964982726596,
            4704.646085556588,
            4335.573184405231,
            4431.827397025504,
            3983.034749225453,
            4207.431073125479,
            4227.508638948113,
            4157.237158568894
        ],
        "FlagUp": 0,
        "Times": [],
        "width": 0,
        "height": 0,
        "area": [
            0.5905166418421725,
            0.5905166418421725,
            0.5905166418421725,
            0.5905166418421725,
            0.5905166418421725,
            0.5905166418421725,
            0.5905166418421725,
            0.5905166418421725
        ],
        "distance": 12.979193796615306,
        "xpert": [
            [
                132.0,
                252.8
            ],
            [
                127.6,
                251.4
            ],
            [
                124.6,
                247.0
            ],
            [
                126.2,
                241.2
            ],
            [
                132.0,
                241.2
            ],
            [
                137.8,
                241.2
            ],
            [
                140.2,
                247.0
            ],
            [
                136.2,
                251.2
            ]
        ],
        "stack": 0,
        "shift": [
            [
                0.0,
                0.0
            ],
            [
                0.0,
                0.0
            ],
            [
                0.0,
                0.0
            ],
            [
                0.0,
                0.0
            ],
            [
                0.0,
                0.0
            ],
            [
                0.0,
                0.0
            ],
            [
                0.0,
                0.0
            ],
            [
                0.0,
                0.0
            ],
            [
                0.0,
                0.0
            ]
        ],
        "channel": 0
    },
    {
        "type": "Spine",
        "location": [
            120,
            224
        ],
        "radloc": [
            0,
            0
        ],
        "mean": [
            45.622950819672134,
            39.295081967213115,
            40.295081967213115,
            39.09836065573771,
            35.36065573770492,
            34.69672131147541,
            30.868852459016395,
            28.68032786885246
        ],
        "min": [
            9,
            7,
            4,
            9,
            8,
            4,
            9,
            5
        ],
        "max": [
            103,
            96,
            107,
            111,
            81,
            96,
            75,
            84
        ],
        "RawIntDen": [
            5566,
            4794,
            4916,
            4770,
            4314,
            4233,
            3766,
            3499
        ],
        "IntDen": [
            2948.466960854492,
            2539.5168182422626,
            2604.143654250931,
            2526.8033423061315,
            2285.247299519633,
            2242.3393182351897,
            1994.9562656446312,
            1853.5188458551684
        ],
        "FlagUp": 0,
        "Times": [],
        "width": 0,
        "height": 0,
        "area": [
            0.5297281640054783,
            0.5297281640054783,
            0.5297281640054783,
            0.5297281640054783,
            0.5297281640054783,
            0.5297281640054783,
            0.5297281640054783,
            0.5297281640054783
        ],
        "distance": 13.977622536952675,
        "xpert": [
            [
                120.0,
                231.0
            ],
            [
                114.4,
                229.6
            ],
            [
                113.8,
                224.0
            ],
            [
                114.0,
                218.0
            ],
            [
                120.0,
                219.2
            ],
            [
                123.4,
                220.6
            ],
            [
                125.0,
                224.0
            ],
            [
                126.0,
                230.0
            ]
        ],
        "stack": 0,
        "shift": [
            [
                0.0,
                0.0
            ],
            [
                0.0,
                0.0
            ],
            [
                0.0,
                0.0
            ],
            [
                0.0,
                0.0
            ],
            [
                0.0,
                0.0
            ],
            [
                0.0,
                0.0
            ],
            [
                0.0,
                0.0
            ],
            [
                0.0,
                0.0
            ],
            [
                0.0,
                0.0
            ]
        ],
        "channel": 0
    },
    {
        "type": "Spine",
        "location": [
            76,
            221
        ],
        "radloc": [
            0,
            0
        ],
        "mean": [
            19.48051948051948,
            20.655844155844157,
            20.0,
            20.948051948051948,
            24.90909090909091,
            24.928571428571427,
            21.11038961038961,
            29.123376623376622
        ],
        "min": [
            3,
            2,
            3,
            4,
            6,
            4,
            5,
            5
        ],
        "max": [
            59,
            60,
            62,
            60,
            59,
            67,
            60,
            63
        ],
        "RawIntDen": [
            3000,
            3181,
            3080,
            3226,
            3836,
            3839,
            3251,
            4485
        ],
        "IntDen": [
            2006.0197686109095,
            2127.0496279837676,
            2059.5136291072004,
            2157.1399245129314,
            2565.0306107971496,
            2567.0366305657603,
            2173.8567559180224,
            2998.99955407331
        ],
        "FlagUp": 0,
        "Times": [],
        "width": 0,
        "height": 0,
        "area": [
            0.6686732562036365,
            0.6686732562036365,
            0.6686732562036365,
            0.6686732562036365,
            0.6686732562036365,
            0.6686732562036365,
            0.6686732562036365,
            0.6686732562036365
        ],
        "distance": 17.387201517988647,
        "xpert": [
            [
                76.0,
                229.0
            ],
            [
                69.6,
                227.4
            ],
            [
                67.2,
                221.0
            ],
            [
                71.0,
                216.0
            ],
            [
                76.0,
                214.8
            ],
            [
                79.2,
                217.8
            ],
            [
                81.2,
                221.0
            ],
            [
                82.8,
                227.8
            ]
        ],
        "stack": 0,
        "shift": [
            [
                0.0,
                0.0
            ],
            [
                0.0,
                0.0
            ],
            [
                0.0,
                0.0
            ],
            [
                0.0,
                0.0
            ],
            [
                0.0,
                0.0
            ],
            [
                0.0,
                0.0
            ],
            [
                0.0,
                0.0
            ],
            [
                0.0,
                0.0
            ],
            [
                0.0,
                0.0
            ]
        ],
        "channel": 0
    },
    {
        "type": "Spine",
        "location": [
            71,
            255
        ],
        "radloc": [
            0,
            0
        ],
        "mean": [
            25.91194968553459,
            29.968553459119498,
            26.729559748427672,
            25.9874213836478,
            24.333333333333332,
            22.88679245283019,
            24.566037735849058,
            26.58490566037736
        ],
        "min": [
            0,
            9,
            6,
            9,
            5,
            6,
            7,
            7
        ],
        "max": [
            88,
            66,
            85,
            71,
            78,
            53,
            57,
            59
        ],
        "RawIntDen": [
            4120,
            4765,
            4250,
            4132,
            3869,
            3639,
            3906,
            4227
        ],
        "IntDen": [
            2844.3797186615466,
            3289.677028985988,
            2934.1295641532947,
            2852.664319783862,
            2671.0934785197874,
            2512.30529034208,
            2696.6376653135926,
            2918.250745335524
        ],
        "FlagUp": 0,
        "Times": [],
        "width": 0,
        "height": 0,
        "area": [
            0.6903834268595987,
            0.6903834268595987,
            0.6903834268595987,
            0.6903834268595987,
            0.6903834268595987,
            0.6903834268595987,
            0.6903834268595987,
            0.6903834268595987
        ],
        "distance": 17.16223898636388,
        "xpert": [
            [
                71.0,
                261.0
            ],
            [
                65.8,
                260.2
            ],
            [
                60.8,
                255.0
            ],
            [
                64.8,
                248.8
            ],
            [
                71.0,
                248.4
            ],
            [
                76.4,
                249.6
            ],
            [
                77.2,
                255.0
            ],
            [
                76.0,
                260.0
            ]
        ],
        "stack": 0,
        "shift": [
            [
                0.0,
                0.0
            ],
            [
                0.0,
                0.0
            ],
            [
                0.0,
                0.0
            ],
            [
                0.0,
                0.0
            ],
            [
                0.0,
                0.0
            ],
            [
                0.0,
                0.0
            ],
            [
                0.0,
                0.0
            ],
            [
                0.0,
                0.0
            ],
            [
                0.0,
                0.0
            ]
        ],
        "channel": 0
    },
    {
        "type": "Spine",
        "location": [
            46,
            245
        ],
        "radloc": [
            0,
            0
        ],
        "mean": [
            84.14975845410628,
            89.91304347826087,
            75.8743961352657,
            80.8792270531401,
            91.29951690821257,
            73.11111111111111,
            110.10628019323671,
            79.53623188405797
        ],
        "min": [
            12,
            18,
            9,
            14,
            10,
            11,
            17,
            16
        ],
        "max": [
            191,
            228,
            173,
            200,
            195,
            173,
            237,
            188
        ],
        "RawIntDen": [
            17419,
            18612,
            15706,
            16742,
            18899,
            15134,
            22792,
            16464
        ],
        "IntDen": [
            15656.215753966928,
            16728.485424699033,
            14116.569529353268,
            15047.727432855749,
            16986.441330399044,
            13602.455320083556,
            20485.473877054606,
            14797.860736742148
        ],
        "FlagUp": 0,
        "Times": [],
        "width": 0,
        "height": 0,
        "area": [
            0.8988010651568361,
            0.8988010651568361,
            0.8988010651568361,
            0.8988010651568361,
            0.8988010651568361,
            0.8988010651568361,
            0.8988010651568361,
            0.8988010651568361
        ],
        "distance": 18.352941644487704,
        "xpert": [
            [
                46.0,
                251.8
            ],
            [
                40.6,
                250.4
            ],
            [
                38.8,
                245.0
            ],
            [
                39.6,
                238.6
            ],
            [
                46.0,
                235.0
            ],
            [
                51.8,
                239.2
            ],
            [
                56.2,
                245.0
            ],
            [
                53.0,
                252.0
            ]
        ],
        "stack": 0,
        "shift": [
            [
                0.0,
                0.0
            ],
            [
                0.0,
                0.0
            ],
            [
                0.0,
                0.0
            ],
            [
                0.0,
                0.0
            ],
            [
                0.0,
                0.0
            ],
            [
                0.0,
                0.0
            ],
            [
                0.0,
                0.0
            ],
            [
                0.0,
                0.0
            ],
            [
                0.0,
                0.0
            ]
        ],
        "channel": 0
    }
]