[
    {
        "type": "Stim",
        "location": [
            11,
            233
        ],
        "radloc": [
            0,
            0
        ],
        "mean": [
            76.5904761904762,
            88.1047619047619,
            70.47619047619048,
            56.733333333333334,
            58.58095238095238,
            74.31428571428572,
            62.885714285714286,
            61.39047619047619
        ],
        "min": [
            17,
            22,
            14,
            13,
            19,
            28,
            18,
            10
        ],
        "max": [
            151,
            190,
            188,
            162,
            140,
            167,
            161,
            159
        ],
        "RawIntDen": [
            8042,
            9251,
            7400,
            5957,
            6151,
            7803,
            6603,
            6446
        ],
        "IntDen": [
            3666.4570407202077,
            4217.656563504432,
            3373.7605199365257,
            2715.877218548903,
            2804.324453801293,
            3557.4936941979336,
            3010.397393667686,
            2938.818961014979
        ],
        "FlagUp": 0,
        "Times": [],
        "width": 0,
        "height": 0,
        "area": [
            0.45591358377520613,
            0.45591358377520613,
            0.45591358377520613,
            0.45591358377520613,
            0.45591358377520613,
            0.45591358377520613,
            0.45591358377520613,
            0.45591358377520613
        ],
        "distance": 0,
        "xpert": [
            [
                11.0,
                238.0
            ],
            [
                6.6,
                237.4
            ],
            [
                2.0,
                233.0
            ],
            [
                6.2,
                228.2
            ],
            [
                11.0,
                228.2
            ],
            [
                14.8,
                229.2
            ],
            [
                16.4,
                233.0
            ],
            [
                16.0,
                238.0
            ]
        ],
        "stack": 0,
        "shift": [
            [
                0.0,
                0.0
            ],
            [
                0.0,
                0.0
            ],
            [
                0.0,
                0.0
            ],
            [
                0.0,
                0.0
            ],
            [
                0.0,
                0.0
            ],
            [
                0.0,
                0.0
            ],
            [
                0.0,
                0.0
            ],
            [
                0.0,
                0.0
            ],
            [
                0.0,
                0.0
            ]
        ],
        "channel": 0
    },
    {
        "type": "Stim",
        "location": [
            55,
            229
        ],
        "radloc": [
            0,
            0
        ],
        "mean": [
            36.4078947368421,
            28.5,
            30.92763157894737,
            40.25657894736842,
            46.19736842105263,
            57.328947368421055,
            66.57236842105263,
            59.01973684210526
        ],
        "min": [
            6,
            4,
            5,
            7,
            8,
            8,
            7,
            6
        ],
        "max": [
            97,
            105,
            101,
            89,
            161,
            121,
            144,
            155
        ],
        "RawIntDen": [
            5534,
            4332,
            4701,
            6119,
            7022,
            8714,
            10119,
            8971
        ],
        "IntDen": [
            3652.380166066882,
            2859.0731621614987,
            3102.60917251182,
            4038.4738410125137,
            4634.444077723463,
            5751.14578372006,
            6678.430592777517,
            5920.763005020961
        ],
        "FlagUp": 0,
        "Times": [],
        "width": 0,
        "height": 0,
        "area": [
            0.6599891879412508,
            0.6599891879412508,
            0.6599891879412508,
            0.6599891879412508,
            0.6599891879412508,
            0.6599891879412508,
            0.6599891879412508,
            0.6599891879412508
        ],
        "distance": 0,
        "xpert": [
            [
                55.0,
                236.6
            ],
            [
                49.2,
                234.8
            ],
            [
                48.2,
                229.0
            ],
            [
                49.2,
                223.2
            ],
            [
                55.0,
                220.8
            ],
            [
                60.2,
                223.8
            ],
            [
                60.8,
                229.0
            ],
            [
                59.6,
                233.6
            ]
        ],
        "stack": 0,
        "shift": [
            [
                0.0,
                0.0
            ],
            [
                0.0,
                0.0
            ],
            [
                0.0,
                0.0
            ],
            [
                0.0,
                0.0
            ],
            [
                0.0,
                0.0
            ],
            [
                0.0,
                0.0
            ],
            [
                0.0,
                0.0
            ],
            [
                0.0,
                0.0
            ],
            [
                0.0,
                0.0
            ]
        ],
        "channel": 0
    },
    {
        "type": "Stim",
        "location": [
            82,
            199
        ],
        "radloc": [
            0,
            0
        ],
        "mean": [
            67.62745098039215,
            49.326797385620914,
            45.83660130718954,
            98.98039215686275,
            68.6078431372549,
            64.47712418300654,
            59.431372549019606,
            68.83006535947712
        ],
        "min": [
            11,
            8,
            6,
            22,
            7,
            7,
            9,
            7
        ],
        "max": [
            185,
            152,
            122,
            190,
            170,
            198,
            191,
            177
        ],
        "RawIntDen": [
            10347,
            7547,
            7013,
            15144,
            10497,
            9865,
            9093,
            10531
        ],
        "IntDen": [
            6873.83515478357,
            5013.707732980729,
            4658.954860394045,
            10060.632027065081,
            6973.484838094437,
            6553.627505744653,
            6040.763802304727,
            6996.0720996449
        ],
        "FlagUp": 0,
        "Times": [],
        "width": 0,
        "height": 0,
        "area": [
            0.6643312220724432,
            0.6643312220724432,
            0.6643312220724432,
            0.6643312220724432,
            0.6643312220724432,
            0.6643312220724432,
            0.6643312220724432,
            0.6643312220724432
        ],
        "distance": 0,
        "xpert": [
            [
                82.0,
                204.0
            ],
            [
                76.0,
                205.0
            ],
            [
                73.6,
                199.0
            ],
            [
                75.2,
                192.2
            ],
            [
                82.0,
                192.6
            ],
            [
                87.4,
                193.6
            ],
            [
                89.2,
                199.0
            ],
            [
                86.6,
                203.6
            ]
        ],
        "stack": 0,
        "shift": [
            [
                0.0,
                0.0
            ],
            [
                0.0,
                0.0
            ],
            [
                0.0,
                0.0
            ],
            [
                0.0,
                0.0
            ],
            [
                0.0,
                0.0
            ],
            [
                0.0,
                0.0
            ],
            [
                0.0,
                0.0
            ],
            [
                0.0,
                0.0
            ],
            [
                0.0,
                0.0
            ]
        ],
        "channel": 0
    },
    {
        "type": "Stim",
        "location": [
            43,
            170
        ],
        "radloc": [
            0,
            0
        ],
        "mean": [
            86.27485380116958,
            73.78947368421052,
            72.953216374269,
            77.12865497076024,
            116.49707602339181,
            93.82456140350877,
            67.81286549707602,
            82.6374269005848
        ],
        "min": [
            24,
            20,
            19,
            17,
            22,
            10,
            16,
            21
        ],
        "max": [
            155,
            135,
            146,
            144,
            199,
            165,
            149,
            162
        ],
        "RawIntDen": [
            14753,
            12618,
            12475,
            13189,
            19921,
            16044,
            11596,
            14131
        ],
        "IntDen": [
            10953.923050909432,
            9368.71152012304,
            9262.535759512992,
            9792.672074726801,
            14791.100189599865,
            11912.474847745607,
            8609.888951287587,
            10492.095616647543
        ],
        "FlagUp": 0,
        "Times": [],
        "width": 0,
        "height": 0,
        "area": [
            0.7424878364339071,
            0.7424878364339071,
            0.7424878364339071,
            0.7424878364339071,
            0.7424878364339071,
            0.7424878364339071,
            0.7424878364339071,
            0.7424878364339071
        ],
        "distance": 0,
        "xpert": [
            [
                43.0,
                179.4
            ],
            [
                37.4,
                175.6
            ],
            [
                34.2,
                170.0
            ],
            [
                38.0,
                165.0
            ],
            [
                43.0,
                163.6
            ],
            [
                47.4,
                165.6
            ],
            [
                50.0,
                170.0
            ],
            [
                49.6,
                176.6
            ]
        ],
        "stack": 0,
        "shift": [
            [
                0.0,
                0.0
            ],
            [
                0.0,
                0.0
            ],
            [
                0.0,
                0.0
            ],
            [
                0.0,
                0.0
            ],
            [
                0.0,
                0.0
            ],
            [
                0.0,
                0.0
            ],
            [
                0.0,
                0.0
            ],
            [
                0.0,
                0.0
            ],
            [
                0.0,
                0.0
            ]
        ],
        "channel": 0
    },
    {
        "type": "Stim",
        "location": [
            84,
            152
        ],
        "radloc": [
            0,
            0
        ],
        "mean": [
            38.38636363636363,
            45.984848484848484,
            35.121212121212125,
            57.06060606060606,
            76.0,
            72.12878787878788,
            113.15151515151516,
            51.60606060606061
        ],
        "min": [
            6,
            7,
            7,
            8,
            10,
            11,
            36,
            10
        ],
        "max": [
            105,
            123,
            99,
            137,
            163,
            166,
            210,
            109
        ],
        "RawIntDen": [
            5067,
            6070,
            4636,
            7532,
            10032,
            9521,
            14936,
            6812
        ],
        "IntDen": [
            2904.143476443276,
            3479.0114272766305,
            2657.116470651476,
            4316.954542050672,
            5749.825805344177,
            5456.9469191269845,
            8560.546075420716,
            3904.2876182221426
        ],
        "FlagUp": 0,
        "Times": [],
        "width": 0,
        "height": 0,
        "area": [
            0.573148505317402,
            0.573148505317402,
            0.573148505317402,
            0.573148505317402,
            0.573148505317402,
            0.573148505317402,
            0.573148505317402,
            0.573148505317402
        ],
        "distance": 0,
        "xpert": [
            [
                84.0,
                159.4
            ],
            [
                77.4,
                158.6
            ],
            [
                77.0,
                152.0
            ],
            [
                79.6,
                147.6
            ],
            [
                84.0,
                146.2
            ],
            [
                87.8,
                148.2
            ],
            [
                89.4,
                152.0
            ],
            [
                89.8,
                157.8
            ]
        ],
        "stack": 0,
        "shift": [
            [
                0.0,
                0.0
            ],
            [
                0.0,
                0.0
            ],
            [
                0.0,
                0.0
            ],
            [
                0.0,
                0.0
            ],
            [
                0.0,
                0.0
            ],
            [
                0.0,
                0.0
            ],
            [
                0.0,
                0.0
            ],
            [
                0.0,
                0.0
            ],
            [
                0.0,
                0.0
            ]
        ],
        "channel": 0
    },
    {
        "type": "Stim",
        "location": [
            96,
            165
        ],
        "radloc": [
            0,
            0
        ],
        "mean": [
            40.24193548387097,
            49.93010752688172,
            49.623655913978496,
            92.36021505376344,
            82.75268817204301,
            71.36021505376344,
            60.80107526881721,
            77.84408602150538
        ],
        "min": [
            8,
            10,
            11,
            17,
            19,
            19,
            12,
            10
        ],
        "max": [
            120,
            134,
            150,
            202,
            168,
            181,
            153,
            185
        ],
        "RawIntDen": [
            7485,
            9287,
            9230,
            17179,
            15392,
            13273,
            11309,
            14479
        ],
        "IntDen": [
            6045.0233377874265,
            7500.351601607458,
            7454.317355748556,
            13874.075607194414,
            12430.86161860041,
            10719.518338337008,
            9133.355902075886,
            11693.506066509572
        ],
        "FlagUp": 0,
        "Times": [],
        "width": 0,
        "height": 0,
        "area": [
            0.8076183484017938,
            0.8076183484017938,
            0.8076183484017938,
            0.8076183484017938,
            0.8076183484017938,
            0.8076183484017938,
            0.8076183484017938,
            0.8076183484017938
        ],
        "distance": 0,
        "xpert": [
            [
                96.0,
                173.2
            ],
            [
                88.0,
                173.0
            ],
            [
                88.2,
                165.0
            ],
            [
                89.0,
                158.0
            ],
            [
                96.0,
                156.8
            ],
            [
                101.0,
                160.0
            ],
            [
                101.8,
                165.0
            ],
            [
                100.2,
                169.2
            ]
        ],
        "stack": 0,
        "shift": [
            [
                0.0,
                0.0
            ],
            [
                0.0,
                0.0
            ],
            [
                0.0,
                0.0
            ],
            [
                0.0,
                0.0
            ],
            [
                0.0,
                0.0
            ],
            [
                0.0,
                0.0
            ],
            [
                0.0,
                0.0
            ],
            [
                0.0,
                0.0
            ],
            [
                0.0,
                0.0
            ]
        ],
        "channel": 0
    },
    {
        "type": "Stim",
        "location": [
            158,
            161
        ],
        "radloc": [
            0,
            0
        ],
        "mean": [
            45.03529411764706,
            50.53529411764706,
            43.5,
            66.30588235294118,
            46.51764705882353,
            34.4,
            34.84117647058824,
            36.423529411764704
        ],
        "min": [
            10,
            11,
            11,
            19,
            12,
            11,
            8,
            9
        ],
        "max": [
            158,
            186,
            173,
            153,
            105,
            139,
            150,
            187
        ],
        "RawIntDen": [
            7656,
            8591,
            7395,
            11272,
            7908,
            5848,
            5923,
            6192
        ],
        "IntDen": [
            5651.244262429584,
            6341.410587582623,
            5458.5882080285755,
            8320.3794835562,
            5837.257004609868,
            4316.676651866275,
            4372.037587038979,
            4570.59880785841
        ],
        "FlagUp": 0,
        "Times": [],
        "width": 0,
        "height": 0,
        "area": [
            0.7381458023027148,
            0.7381458023027148,
            0.7381458023027148,
            0.7381458023027148,
            0.7381458023027148,
            0.7381458023027148,
            0.7381458023027148,
            0.7381458023027148
        ],
        "distance": 0,
        "xpert": [
            [
                158.0,
                170.2
            ],
            [
                153.8,
                165.2
            ],
            [
                151.4,
                161.0
            ],
            [
                152.6,
                155.6
            ],
            [
                158.0,
                152.8
            ],
            [
                163.6,
                155.4
            ],
            [
                166.8,
                161.0
            ],
            [
                163.4,
                166.4
            ]
        ],
        "stack": 0,
        "shift": [
            [
                0.0,
                0.0
            ],
            [
                0.0,
                0.0
            ],
            [
                0.0,
                0.0
            ],
            [
                0.0,
                0.0
            ],
            [
                0.0,
                0.0
            ],
            [
                0.0,
                0.0
            ],
            [
                0.0,
                0.0
            ],
            [
                0.0,
                0.0
            ],
            [
                0.0,
                0.0
            ]
        ],
        "channel": 0
    },
    {
        "type": "Stim",
        "location": [
            169,
            152
        ],
        "radloc": [
            0,
            0
        ],
        "mean": [
            59.3680981595092,
            54.57055214723926,
            49.104294478527606,
            103.05521472392638,
            107.85276073619632,
            84.97546012269939,
            68.49693251533742,
            57.87116564417178
        ],
        "min": [
            11,
            8,
            15,
            10,
            22,
            15,
            11,
            8
        ],
        "max": [
            123,
            117,
            110,
            216,
            207,
            194,
            160,
            149
        ],
        "RawIntDen": [
            9677,
            8895,
            8004,
            16798,
            17580,
            13851,
            11165,
            9433
        ],
        "IntDen": [
            6848.9118788705255,
            6295.45015630395,
            5664.843513328478,
            11888.810761730607,
            12442.272484297184,
            9803.066904436877,
            7902.046205186465,
            6676.22049740474
        ],
        "FlagUp": 0,
        "Times": [],
        "width": 0,
        "height": 0,
        "area": [
            0.7077515633843676,
            0.7077515633843676,
            0.7077515633843676,
            0.7077515633843676,
            0.7077515633843676,
            0.7077515633843676,
            0.7077515633843676,
            0.7077515633843676
        ],
        "distance": 0,
        "xpert": [
            [
                169.0,
                161.0
            ],
            [
                163.6,
                157.4
            ],
            [
                160.0,
                152.0
            ],
            [
                162.6,
                145.6
            ],
            [
                169.0,
                145.2
            ],
            [
                173.4,
                147.6
            ],
            [
                174.8,
                152.0
            ],
            [
                174.0,
                157.0
            ]
        ],
        "stack": 0,
        "shift": [
            [
                0.0,
                0.0
            ],
            [
                0.0,
                0.0
            ],
            [
                0.0,
                0.0
            ],
            [
                0.0,
                0.0
            ],
            [
                0.0,
                0.0
            ],
            [
                0.0,
                0.0
            ],
            [
                0.0,
                0.0
            ],
            [
                0.0,
                0.0
            ],
            [
                0.0,
                0.0
            ]
        ],
        "channel": 0
    },
    {
        "type": "Stim",
        "location": [
            214,
            144
        ],
        "radloc": [
            0,
            0
        ],
        "mean": [
            43.47752808988764,
            35.46629213483146,
            40.2752808988764,
            67.2752808988764,
            71.01685393258427,
            62.39325842696629,
            59.640449438202246,
            58.61797752808989
        ],
        "min": [
            12,
            11,
            11,
            11,
            22,
            13,
            13,
            15
        ],
        "max": [
            104,
            113,
            111,
            139,
            130,
            157,
            144,
            119
        ],
        "RawIntDen": [
            7739,
            6313,
            7169,
            11975,
            12641,
            11106,
            10616,
            10434
        ],
        "IntDen": [
            5981.334381151096,
            4879.204541698781,
            5540.791598200311,
            9255.262852343245,
            9770.002314527846,
            8583.628328862136,
            8204.91611193953,
            8064.251574225421
        ],
        "FlagUp": 0,
        "Times": [],
        "width": 0,
        "height": 0,
        "area": [
            0.7728820753522543,
            0.7728820753522543,
            0.7728820753522543,
            0.7728820753522543,
            0.7728820753522543,
            0.7728820753522543,
            0.7728820753522543,
            0.7728820753522543
        ],
        "distance": 0,
        "xpert": [
            [
                214.0,
                152.0
            ],
            [
                207.2,
                150.8
            ],
            [
                208.0,
                144.0
            ],
            [
                204.2,
                134.2
            ],
            [
                214.0,
                137.8
            ],
            [
                218.4,
                139.6
            ],
            [
                226.0,
                144.0
            ],
            [
                220.4,
                150.4
            ]
        ],
        "stack": 0,
        "shift": [
            [
                0.0,
                0.0
            ],
            [
                0.0,
                0.0
            ],
            [
                0.0,
                0.0
            ],
            [
                0.0,
                0.0
            ],
            [
                0.0,
                0.0
            ],
            [
                0.0,
                0.0
            ],
            [
                0.0,
                0.0
            ],
            [
                0.0,
                0.0
            ],
            [
                0.0,
                0.0
            ]
        ],
        "channel": 0
    },
    {
        "type": "Spine",
        "location": [
            257,
            138
        ],
        "radloc": [
            0,
            0
        ],
        "mean": [
            38.0,
            32.41984732824427,
            25.778625954198475,
            31.282442748091604,
            35.48854961832061,
            36.786259541984734,
            31.610687022900763,
            27.259541984732824
        ],
        "min": [
            12,
            11,
            8,
            10,
            11,
            10,
            8,
            9
        ],
        "max": [
            85,
            88,
            63,
            72,
            106,
            101,
            91,
            53
        ],
        "RawIntDen": [
            4978,
            4247,
            3377,
            4098,
            4649,
            4819,
            4141,
            3571
        ],
        "IntDen": [
            2831.5186135649515,
            2415.721083127832,
            1920.8594531958297,
            2330.9689189210867,
            2644.3812845446882,
            2741.078384646344,
            2355.427597182094,
            2031.2079086059543
        ],
        "FlagUp": 0,
        "Times": [],
        "width": 0,
        "height": 0,
        "area": [
            0.5688064711862095,
            0.5688064711862095,
            0.5688064711862095,
            0.5688064711862095,
            0.5688064711862095,
            0.5688064711862095,
            0.5688064711862095,
            0.5688064711862095
        ],
        "distance": -0.22496253162476323,
        "xpert": [
            [
                257.0,
                145.0
            ],
            [
                252.8,
                142.2
            ],
            [
                250.6,
                138.0
            ],
            [
                251.6,
                132.6
            ],
            [
                257.0,
                132.8
            ],
            [
                261.4,
                133.6
            ],
            [
                264.2,
                138.0
            ],
            [
                263.4,
                144.4
            ]
        ],
        "stack": 0,
        "shift": [
            [
                0.0,
                0.0
            ],
            [
                0.0,
                0.0
            ],
            [
                0.0,
                0.0
            ],
            [
                0.0,
                0.0
            ],
            [
                0.0,
                0.0
            ],
            [
                0.0,
                0.0
            ],
            [
                0.0,
                0.0
            ],
            [
                0.0,
                0.0
            ],
            [
                0.0,
                0.0
            ]
        ],
        "channel": 0
    },
    {
        "type": "Spine",
        "location": [
            237,
            144
        ],
        "radloc": [
            0,
            0
        ],
        "mean": [
            94.01702127659574,
            110.97446808510638,
            106.79574468085106,
            107.56595744680851,
            130.68085106382978,
            138.2,
            137.7872340425532,
            134.6468085106383
        ],
        "min": [
            13,
            24,
            24,
            24,
            42,
            51,
            44,
            32
        ],
        "max": [
            244,
            255,
            241,
            252,
            255,
            255,
            252,
            248
        ],
        "RawIntDen": [
            22094,
            26079,
            25097,
            25278,
            30710,
            32477,
            32380,
            31642
        ],
        "IntDen": [
            22544.231992222954,
            26610.438405231394,
            25608.427188776113,
            25793.115610546385,
            31335.809019696157,
            33138.816982503165,
            33039.84031448263,
            32286.801335109925
        ],
        "FlagUp": 0,
        "Times": [],
        "width": 0,
        "height": 0,
        "area": [
            1.0203780208302233,
            1.0203780208302233,
            1.0203780208302233,
            1.0203780208302233,
            1.0203780208302233,
            1.0203780208302233,
            1.0203780208302233,
            1.0203780208302233
        ],
        "distance": -0.0,
        "xpert": [
            [
                237.0,
                152.2
            ],
            [
                229.0,
                152.0
            ],
            [
                229.6,
                144.0
            ],
            [
                230.6,
                137.6
            ],
            [
                237.0,
                136.6
            ],
            [
                243.4,
                137.6
            ],
            [
                246.0,
                144.0
            ],
            [
                245.2,
                152.2
            ]
        ],
        "stack": 0,
        "shift": [
            [
                0.0,
                0.0
            ],
            [
                0.0,
                0.0
            ],
            [
                0.0,
                0.0
            ],
            [
                0.0,
                0.0
            ],
            [
                0.0,
                0.0
            ],
            [
                0.0,
                0.0
            ],
            [
                0.0,
                0.0
            ],
            [
                0.0,
                0.0
            ],
            [
                0.0,
                0.0
            ]
        ],
        "channel": 0
    },
    {
        "type": "Spine",
        "location": [
            184,
            144
        ],
        "radloc": [
            0,
            0
        ],
        "mean": [
            63.10204081632653,
            42.39795918367347,
            44.63265306122449,
            38.57142857142857,
            38.295918367346935,
            33.96938775510204,
            36.316326530612244,
            27.714285714285715
        ],
        "min": [
            24,
            13,
            11,
            10,
            11,
            11,
            11,
            9
        ],
        "max": [
            131,
            85,
            102,
            75,
            83,
            81,
            76,
            70
        ],
        "RawIntDen": [
            6184,
            4155,
            4374,
            3780,
            3753,
            3329,
            3559,
            2716
        ],
        "IntDen": [
            2631.4116285948166,
            1768.0328778802495,
            1861.2216144039016,
            1608.4631235589272,
            1596.974101247792,
            1416.5538990284838,
            1514.4233483455614,
            1155.7105406312292
        ],
        "FlagUp": 0,
        "Times": [],
        "width": 0,
        "height": 0,
        "area": [
            0.42551934485685905,
            0.42551934485685905,
            0.42551934485685905,
            0.42551934485685905,
            0.42551934485685905,
            0.42551934485685905,
            0.42551934485685905,
            0.42551934485685905
        ],
        "distance": -0.6231121264990533,
        "xpert": [
            [
                184.0,
                149.8
            ],
            [
                177.2,
                150.8
            ],
            [
                179.4,
                144.0
            ],
            [
                181.0,
                141.0
            ],
            [
                184.0,
                139.2
            ],
            [
                188.8,
                139.2
            ],
            [
                190.8,
                144.0
            ],
            [
                187.6,
                147.6
            ]
        ],
        "stack": 0,
        "shift": [
            [
                0.0,
                0.0
            ],
            [
                0.0,
                0.0
            ],
            [
                0.0,
                0.0
            ],
            [
                0.0,
                0.0
            ],
            [
                0.0,
                0.0
            ],
            [
                0.0,
                0.0
            ],
            [
                0.0,
                0.0
            ],
            [
                0.0,
                0.0
            ],
            [
                0.0,
                0.0
            ]
        ],
        "channel": 0
    },
    {
        "type": "Spine",
        "location": [
            204,
            178
        ],
        "radloc": [
            0,
            0
        ],
        "mean": [
            55.34736842105263,
            50.28421052631579,
            39.50526315789474,
            119.18947368421053,
            58.8,
            59.63157894736842,
            50.38947368421053,
            45.252631578947366
        ],
        "min": [
            11,
            11,
            7,
            43,
            13,
            10,
            10,
            7
        ],
        "max": [
            121,
            132,
            95,
            194,
            137,
            164,
            143,
            157
        ],
        "RawIntDen": [
            5258,
            4777,
            3753,
            11323,
            5586,
            5665,
            4787,
            4299
        ],
        "IntDen": [
            2168.8894688719356,
            1970.480219247097,
            1548.0871389646964,
            4670.660984411739,
            2304.187252399892,
            2336.774218554491,
            1974.6051516717298,
            1773.3084493496483
        ],
        "FlagUp": 0,
        "Times": [],
        "width": 0,
        "height": 0,
        "area": [
            0.4124932424632818,
            0.4124932424632818,
            0.4124932424632818,
            0.4124932424632818,
            0.4124932424632818,
            0.4124932424632818,
            0.4124932424632818,
            0.4124932424632818
        ],
        "distance": -0.17837126581238164,
        "xpert": [
            [
                204.0,
                184.0
            ],
            [
                198.6,
                183.4
            ],
            [
                198.0,
                178.0
            ],
            [
                199.2,
                173.2
            ],
            [
                204.0,
                172.6
            ],
            [
                207.4,
                174.6
            ],
            [
                209.0,
                178.0
            ],
            [
                207.6,
                181.6
            ]
        ],
        "stack": 0,
        "shift": [
            [
                0.0,
                0.0
            ],
            [
                0.0,
                0.0
            ],
            [
                0.0,
                0.0
            ],
            [
                0.0,
                0.0
            ],
            [
                0.0,
                0.0
            ],
            [
                0.0,
                0.0
            ],
            [
                0.0,
                0.0
            ],
            [
                0.0,
                0.0
            ],
            [
                0.0,
                0.0
            ]
        ],
        "channel": 0
    },
    {
        "type": "Stim",
        "location": [
            194,
            175
        ],
        "radloc": [
            0,
            0
        ],
        "mean": [
            68.25954198473282,
            43.961832061068705,
            41.2442748091603,
            111.90839694656489,
            108.53435114503817,
            76.41221374045801,
            61.56488549618321,
            61.94656488549618
        ],
        "min": [
            7,
            7,
            8,
            28,
            37,
            17,
            19,
            15
        ],
        "max": [
            193,
            118,
            105,
            231,
            189,
            182,
            136,
            136
        ],
        "RawIntDen": [
            8942,
            5759,
            5403,
            14660,
            14218,
            10010,
            8065,
            8115
        ],
        "IntDen": [
            5086.267465347086,
            3275.7564675613808,
            3073.2613638190905,
            8338.702867589833,
            8087.290407325528,
            5693.752776573958,
            4587.424190116781,
            4615.864513676091
        ],
        "FlagUp": 0,
        "Times": [],
        "width": 0,
        "height": 0,
        "area": [
            0.5688064711862095,
            0.5688064711862095,
            0.5688064711862095,
            0.5688064711862095,
            0.5688064711862095,
            0.5688064711862095,
            0.5688064711862095,
            0.5688064711862095
        ],
        "distance": 0,
        "xpert": [
            [
                194.0,
                181.4
            ],
            [
                187.4,
                181.6
            ],
            [
                185.6,
                175.0
            ],
            [
                189.2,
                170.2
            ],
            [
                194.0,
                170.2
            ],
            [
                198.4,
                170.6
            ],
            [
                200.0,
                175.0
            ],
            [
                198.6,
                179.6
            ]
        ],
        "stack": 0,
        "shift": [
            [
                0.0,
                0.0
            ],
            [
                0.0,
                0.0
            ],
            [
                0.0,
                0.0
            ],
            [
                0.0,
                0.0
            ],
            [
                0.0,
                0.0
            ],
            [
                0.0,
                0.0
            ],
            [
                0.0,
                0.0
            ],
            [
                0.0,
                0.0
            ],
            [
                0.0,
                0.0
            ]
        ],
        "channel": 0
    },
    {
        "type": "Spine",
        "location": [
            122,
            164
        ],
        "radloc": [
            0,
            0
        ],
        "mean": [
            57.226027397260275,
            45.205479452054796,
            47.60958904109589,
            89.84246575342466,
            84.08904109589041,
            81.8972602739726,
            62.04794520547945,
            89.51369863013699
        ],
        "min": [
            9,
            7,
            9,
            9,
            15,
            18,
            11,
            19
        ],
        "max": [
            197,
            164,
            182,
            219,
            245,
            170,
            150,
            195
        ],
        "RawIntDen": [
            8355,
            6600,
            6951,
            13117,
            12277,
            11957,
            9059,
            13069
        ],
        "IntDen": [
            5296.5434942524735,
            4183.984088817035,
            4406.495969904123,
            8315.35140803228,
            7782.844342182839,
            7579.984507573528,
            5742.835130392958,
            8284.922432840884
        ],
        "FlagUp": 0,
        "Times": [],
        "width": 0,
        "height": 0,
        "area": [
            0.6339369831540962,
            0.6339369831540962,
            0.6339369831540962,
            0.6339369831540962,
            0.6339369831540962,
            0.6339369831540962,
            0.6339369831540962,
            0.6339369831540962
        ],
        "distance": -1.71314,
        "xpert": [
            [
                122.0,
                172.8
            ],
            [
                115.4,
                170.6
            ],
            [
                114.8,
                164.0
            ],
            [
                116.6,
                158.6
            ],
            [
                122.0,
                157.0
            ],
            [
                126.8,
                159.2
            ],
            [
                126.8,
                164.0
            ],
            [
                126.2,
                168.2
            ]
        ],
        "stack": 0,
        "shift": [
            [
                0.0,
                0.0
            ],
            [
                0.0,
                0.0
            ],
            [
                0.0,
                0.0
            ],
            [
                0.0,
                0.0
            ],
            [
                0.0,
                0.0
            ],
            [
                0.0,
                0.0
            ],
            [
                0.0,
                0.0
            ],
            [
                0.0,
                0.0
            ],
            [
                0.0,
                0.0
            ]
        ],
        "channel": 0
    },
    {
        "type": "Spine",
        "location": [
            70,
            170
        ],
        "radloc": [
            0,
            0
        ],
        "mean": [
            87.34653465346534,
            74.61386138613861,
            89.87128712871286,
            52.42574257425743,
            71.7128712871287,
            93.98019801980197,
            85.81188118811882,
            75.4059405940594
        ],
        "min": [
            20,
            14,
            15,
            10,
            11,
            15,
            18,
            14
        ],
        "max": [
            176,
            175,
            192,
            123,
            162,
            184,
            183,
            161
        ],
        "RawIntDen": [
            8822,
            7536,
            9077,
            5295,
            7243,
            9492,
            8667,
            7616
        ],
        "IntDen": [
            3868.84793564335,
            3304.8784904792888,
            3980.677024692211,
            2322.098143191061,
            3176.3846744349107,
            4162.673385301142,
            3800.8733913195324,
            3339.9621262593237
        ],
        "FlagUp": 0,
        "Times": [],
        "width": 0,
        "height": 0,
        "area": [
            0.43854544725043637,
            0.43854544725043637,
            0.43854544725043637,
            0.43854544725043637,
            0.43854544725043637,
            0.43854544725043637,
            0.43854544725043637,
            0.43854544725043637
        ],
        "distance": -0.79068,
        "xpert": [
            [
                70.0,
                175.8
            ],
            [
                64.2,
                175.8
            ],
            [
                64.2,
                170.0
            ],
            [
                66.0,
                166.0
            ],
            [
                70.0,
                165.4
            ],
            [
                73.8,
                166.2
            ],
            [
                75.6,
                170.0
            ],
            [
                75.8,
                175.8
            ]
        ],
        "stack": 0,
        "shift": [
            [
                0.0,
                0.0
            ],
            [
                0.0,
                0.0
            ],
            [
                0.0,
                0.0
            ],
            [
                0.0,
                0.0
            ],
            [
                0.0,
                0.0
            ],
            [
                0.0,
                0.0
            ],
            [
                0.0,
                0.0
            ],
            [
                0.0,
                0.0
            ],
            [
                0.0,
                0.0
            ]
        ],
        "channel": 0
    },
    {
        "type": "Spine",
        "location": [
            42,
            224
        ],
        "radloc": [
            0,
            0
        ],
        "mean": [
            38.503937007874015,
            39.55118110236221,
            47.838582677165356,
            41.881889763779526,
            50.346456692913385,
            54.01574803149607,
            51.811023622047244,
            41.26377952755905
        ],
        "min": [
            6,
            6,
            8,
            5,
            7,
            7,
            7,
            7
        ],
        "max": [
            142,
            135,
            137,
            154,
            142,
            189,
            140,
            125
        ],
        "RawIntDen": [
            9780,
            10046,
            12151,
            10638,
            12788,
            13720,
            13160,
            10481
        ],
        "IntDen": [
            10786.133825977762,
            11079.499020017649,
            13401.054408942311,
            11732.402008256793,
            14103.586847300985,
            15131.46790310991,
            14513.856968289096,
            11559.250371173102
        ],
        "FlagUp": 0,
        "Times": [],
        "width": 0,
        "height": 0,
        "area": [
            1.1028766693228798,
            1.1028766693228798,
            1.1028766693228798,
            1.1028766693228798,
            1.1028766693228798,
            1.1028766693228798,
            1.1028766693228798,
            1.1028766693228798
        ],
        "distance": -0.37273012649905296,
        "xpert": [
            [
                42.0,
                231.4
            ],
            [
                36.6,
                229.4
            ],
            [
                34.8,
                224.0
            ],
            [
                34.0,
                216.0
            ],
            [
                42.0,
                208.6
            ],
            [
                49.0,
                217.0
            ],
            [
                49.6,
                224.0
            ],
            [
                47.8,
                229.8
            ]
        ],
        "stack": 0,
        "shift": [
            [
                0.0,
                0.0
            ],
            [
                0.0,
                0.0
            ],
            [
                0.0,
                0.0
            ],
            [
                0.0,
                0.0
            ],
            [
                0.0,
                0.0
            ],
            [
                0.0,
                0.0
            ],
            [
                0.0,
                0.0
            ],
            [
                0.0,
                0.0
            ],
            [
                0.0,
                0.0
            ]
        ],
        "channel": 0
    },
    {
        "type": "Spine",
        "location": [
            23,
            239
        ],
        "radloc": [
            0,
            0
        ],
        "mean": [
            30.9453125,
            27.5625,
            28.7578125,
            26.5546875,
            26.9765625,
            38.8203125,
            37.9296875,
            24.859375
        ],
        "min": [
            6,
            8,
            7,
            6,
            6,
            10,
            8,
            6
        ],
        "max": [
            67,
            61,
            64,
            64,
            63,
            96,
            88,
            78
        ],
        "RawIntDen": [
            3961,
            3528,
            3681,
            3399,
            3453,
            4969,
            4855,
            3182
        ],
        "IntDen": [
            2201.4460407876163,
            1960.7931411004067,
            2045.8275375256794,
            1889.097473526157,
            1919.1096134409593,
            2761.67265253059,
            2698.3136904882294,
            1768.4931334981559
        ],
        "FlagUp": 0,
        "Times": [],
        "width": 0,
        "height": 0,
        "area": [
            0.5557803687926323,
            0.5557803687926323,
            0.5557803687926323,
            0.5557803687926323,
            0.5557803687926323,
            0.5557803687926323,
            0.5557803687926323,
            0.5557803687926323
        ],
        "distance": -0.24426126581238164,
        "xpert": [
            [
                23.0,
                244.8
            ],
            [
                17.4,
                244.6
            ],
            [
                14.8,
                239.0
            ],
            [
                18.2,
                234.2
            ],
            [
                23.0,
                233.8
            ],
            [
                27.2,
                234.8
            ],
            [
                30.8,
                239.0
            ],
            [
                27.4,
                243.4
            ]
        ],
        "stack": 0,
        "shift": [
            [
                0.0,
                0.0
            ],
            [
                0.0,
                0.0
            ],
            [
                0.0,
                0.0
            ],
            [
                0.0,
                0.0
            ],
            [
                0.0,
                0.0
            ],
            [
                0.0,
                0.0
            ],
            [
                0.0,
                0.0
            ],
            [
                0.0,
                0.0
            ],
            [
                0.0,
                0.0
            ]
        ],
        "channel": 0
    },
    {
        "type": "Spine",
        "location": [
            10,
            199
        ],
        "radloc": [
            0,
            0
        ],
        "mean": [
            13.37704918032787,
            13.540983606557377,
            19.33606557377049,
            17.762295081967213,
            36.557377049180324,
            57.4344262295082,
            39.442622950819676,
            54.385245901639344
        ],
        "min": [
            7,
            6,
            7,
            7,
            7,
            17,
            9,
            10
        ],
        "max": [
            28,
            31,
            62,
            55,
            127,
            112,
            105,
            126
        ],
        "RawIntDen": [
            1632,
            1652,
            2359,
            2167,
            4460,
            7007,
            4812,
            6635
        ],
        "IntDen": [
            864.5163636569395,
            875.110926937049,
            1249.6287388889218,
            1147.92093139987,
            2362.58761146443,
            3711.805245186382,
            2549.0519251943583,
            3514.746368176344
        ],
        "FlagUp": 0,
        "Times": [],
        "width": 0,
        "height": 0,
        "area": [
            0.5297281640054776,
            0.5297281640054776,
            0.5297281640054776,
            0.5297281640054776,
            0.5297281640054776,
            0.5297281640054776,
            0.5297281640054776,
            0.5297281640054776
        ],
        "distance": -0.6988689871857244,
        "xpert": [
            [
                10.0,
                208.8
            ],
            [
                4.2,
                204.8
            ],
            [
                5.0,
                199.0
            ],
            [
                6.8,
                195.8
            ],
            [
                10.0,
                193.6
            ],
            [
                13.4,
                195.6
            ],
            [
                15.2,
                199.0
            ],
            [
                15.6,
                204.6
            ]
        ],
        "stack": 0,
        "shift": [
            [
                0.0,
                0.0
            ],
            [
                0.0,
                0.0
            ],
            [
                0.0,
                0.0
            ],
            [
                0.0,
                0.0
            ],
            [
                0.0,
                0.0
            ],
            [
                0.0,
                0.0
            ],
            [
                0.0,
                0.0
            ],
            [
                0.0,
                0.0
            ],
            [
                0.0,
                0.0
            ]
        ],
        "channel": 0
    },
    {
        "type": "Stim",
        "location": [
            237,
            170
        ],
        "radloc": [
            0,
            0
        ],
        "mean": [
            81.19117647058823,
            75.80882352941177,
            68.53676470588235,
            101.47058823529412,
            104.06617647058823,
            95.90441176470588,
            94.76470588235294,
            122.21323529411765
        ],
        "min": [
            13,
            11,
            10,
            24,
            26,
            26,
            30,
            30
        ],
        "max": [
            182,
            207,
            198,
            243,
            244,
            217,
            202,
            226
        ],
        "RawIntDen": [
            11042,
            10310,
            9321,
            13800,
            14153,
            13043,
            12888,
            16621
        ],
        "IntDen": [
            6520.484759221261,
            6088.226577392791,
            5504.205618610883,
            8149.1296574219705,
            8357.582031992257,
            7702.108559547447,
            7610.578480061909,
            9814.977104058737
        ],
        "FlagUp": 0,
        "Times": [],
        "width": 0,
        "height": 0,
        "area": [
            0.5905166418421718,
            0.5905166418421718,
            0.5905166418421718,
            0.5905166418421718,
            0.5905166418421718,
            0.5905166418421718,
            0.5905166418421718,
            0.5905166418421718
        ],
        "distance": 0,
        "xpert": [
            [
                237.0,
                176.0
            ],
            [
                232.6,
                174.4
            ],
            [
                231.8,
                170.0
            ],
            [
                232.6,
                165.6
            ],
            [
                237.0,
                163.8
            ],
            [
                242.6,
                164.4
            ],
            [
                245.0,
                170.0
            ],
            [
                244.0,
                177.0
            ]
        ],
        "stack": 0,
        "shift": [
            [
                0.0,
                0.0
            ],
            [
                0.0,
                0.0
            ],
            [
                0.0,
                0.0
            ],
            [
                0.0,
                0.0
            ],
            [
                0.0,
                0.0
            ],
            [
                0.0,
                0.0
            ],
            [
                0.0,
                0.0
            ],
            [
                0.0,
                0.0
            ],
            [
                0.0,
                0.0
            ]
        ],
        "channel": 0
    },
    {
        "type": "Stim",
        "location": [
            254,
            170
        ],
        "radloc": [
            0,
            0
        ],
        "mean": [
            43.72950819672131,
            44.540983606557376,
            50.89344262295082,
            78.72131147540983,
            84.59836065573771,
            61.89344262295082,
            64.54098360655738,
            69.52459016393442
        ],
        "min": [
            13,
            13,
            10,
            18,
            23,
            12,
            16,
            16
        ],
        "max": [
            110,
            115,
            129,
            149,
            194,
            128,
            138,
            153
        ],
        "RawIntDen": [
            5335,
            5434,
            6209,
            9604,
            10321,
            7551,
            7874,
            8482
        ],
        "IntDen": [
            2826.0997549692233,
            2878.5428432057656,
            3289.0821703100105,
            5087.509287108607,
            5467.324380700535,
            3999.9773664053614,
            4171.07956337913,
            4493.154287094461
        ],
        "FlagUp": 0,
        "Times": [],
        "width": 0,
        "height": 0,
        "area": [
            0.5297281640054776,
            0.5297281640054776,
            0.5297281640054776,
            0.5297281640054776,
            0.5297281640054776,
            0.5297281640054776,
            0.5297281640054776,
            0.5297281640054776
        ],
        "distance": 0,
        "xpert": [
            [
                254.0,
                174.8
            ],
            [
                246.8,
                177.2
            ],
            [
                247.0,
                170.0
            ],
            [
                249.6,
                165.6
            ],
            [
                254.0,
                163.8
            ],
            [
                259.2,
                164.8
            ],
            [
                261.2,
                170.0
            ],
            [
                259.4,
                175.4
            ]
        ],
        "stack": 0,
        "shift": [
            [
                0.0,
                0.0
            ],
            [
                0.0,
                0.0
            ],
            [
                0.0,
                0.0
            ],
            [
                0.0,
                0.0
            ],
            [
                0.0,
                0.0
            ],
            [
                0.0,
                0.0
            ],
            [
                0.0,
                0.0
            ],
            [
                0.0,
                0.0
            ],
            [
                0.0,
                0.0
            ]
        ],
        "channel": 0
    },
    {
        "type": "Spine",
        "location": [
            277,
            168
        ],
        "radloc": [
            0,
            0
        ],
        "mean": [
            29.7,
            35.53636363636364,
            23.536363636363635,
            22.90909090909091,
            34.61818181818182,
            31.427272727272726,
            32.31818181818182,
            34.872727272727275
        ],
        "min": [
            9,
            9,
            7,
            9,
            8,
            9,
            10,
            14
        ],
        "max": [
            76,
            89,
            49,
            59,
            81,
            69,
            91,
            65
        ],
        "RawIntDen": [
            3267,
            3909,
            2589,
            2520,
            3808,
            3457,
            3555,
            3836
        ],
        "IntDen": [
            1560.396805726627,
            1867.0312560714372,
            1236.5679002222948,
            1203.6118611665443,
            1818.791256873889,
            1651.145319068549,
            1697.9524470028034,
            1832.1647219979618
        ],
        "FlagUp": 0,
        "Times": [],
        "width": 0,
        "height": 0,
        "area": [
            0.47762375443116833,
            0.47762375443116833,
            0.47762375443116833,
            0.47762375443116833,
            0.47762375443116833,
            0.47762375443116833,
            0.47762375443116833,
            0.47762375443116833
        ],
        "distance": -1.5427625316247633,
        "xpert": [
            [
                277.0,
                177.4
            ],
            [
                273.8,
                171.2
            ],
            [
                272.0,
                168.0
            ],
            [
                271.2,
                162.2
            ],
            [
                277.0,
                162.2
            ],
            [
                281.4,
                163.6
            ],
            [
                283.0,
                168.0
            ],
            [
                281.4,
                172.4
            ]
        ],
        "stack": 0,
        "shift": [
            [
                0.0,
                0.0
            ],
            [
                0.0,
                0.0
            ],
            [
                0.0,
                0.0
            ],
            [
                0.0,
                0.0
            ],
            [
                0.0,
                0.0
            ],
            [
                0.0,
                0.0
            ],
            [
                0.0,
                0.0
            ],
            [
                0.0,
                0.0
            ],
            [
                0.0,
                0.0
            ]
        ],
        "channel": 0
    },
    {
        "type": "Spine",
        "location": [
            303,
            171
        ],
        "radloc": [
            0,
            0
        ],
        "mean": [
            77.06422018348624,
            83.34862385321101,
            76.24770642201835,
            64.39449541284404,
            107.93577981651376,
            88.68807339449542,
            86.34862385321101,
            91.91743119266054
        ],
        "min": [
            34,
            23,
            16,
            13,
            31,
            19,
            12,
            16
        ],
        "max": [
            168,
            161,
            183,
            194,
            211,
            187,
            189,
            167
        ],
        "RawIntDen": [
            8400,
            9085,
            8311,
            7019,
            11765,
            9667,
            9412,
            10019
        ],
        "IntDen": [
            3975.566450519798,
            4299.764428925281,
            3933.4443774130996,
            3321.964394785531,
            5568.159439329216,
            4575.214390139867,
            4454.527551463373,
            4741.809555685459
        ],
        "FlagUp": 0,
        "Times": [],
        "width": 0,
        "height": 0,
        "area": [
            0.4732817202999759,
            0.4732817202999759,
            0.4732817202999759,
            0.4732817202999759,
            0.4732817202999759,
            0.4732817202999759,
            0.4732817202999759,
            0.4732817202999759
        ],
        "distance": -2.0246558620822244,
        "xpert": [
            [
                303.0,
                175.6
            ],
            [
                300.0,
                174.0
            ],
            [
                297.8,
                171.0
            ],
            [
                295.8,
                163.8
            ],
            [
                303.0,
                163.8
            ],
            [
                308.0,
                166.0
            ],
            [
                308.2,
                171.0
            ],
            [
                306.0,
                174.0
            ]
        ],
        "stack": 0,
        "shift": [
            [
                0.0,
                0.0
            ],
            [
                0.0,
                0.0
            ],
            [
                0.0,
                0.0
            ],
            [
                0.0,
                0.0
            ],
            [
                0.0,
                0.0
            ],
            [
                0.0,
                0.0
            ],
            [
                0.0,
                0.0
            ],
            [
                0.0,
                0.0
            ],
            [
                0.0,
                0.0
            ]
        ],
        "channel": 0
    },
    {
        "type": "Spine",
        "location": [
            319,
            171
        ],
        "radloc": [
            0,
            0
        ],
        "mean": [
            33.492063492063494,
            33.58730158730159,
            39.88095238095238,
            48.0,
            48.25396825396825,
            119.84920634920636,
            63.57142857142857,
            50.34920634920635
        ],
        "min": [
            8,
            8,
            10,
            14,
            11,
            42,
            13,
            13
        ],
        "max": [
            83,
            85,
            82,
            101,
            125,
            204,
            136,
            121
        ],
        "RawIntDen": [
            4220,
            4232,
            5025,
            6048,
            6080,
            15101,
            8010,
            6344
        ],
        "IntDen": [
            2308.746388237644,
            2315.311543844007,
            2749.158910164493,
            3308.838425606936,
            3326.345507223904,
            8261.701234307266,
            4382.241367247281,
            3470.7789305638894
        ],
        "FlagUp": 0,
        "Times": [],
        "width": 0,
        "height": 0,
        "area": [
            0.5470963005302474,
            0.5470963005302474,
            0.5470963005302474,
            0.5470963005302474,
            0.5470963005302474,
            0.5470963005302474,
            0.5470963005302474,
            0.5470963005302474
        ],
        "distance": -0.8339532039584082,
        "xpert": [
            [
                319.0,
                178.0
            ],
            [
                315.4,
                174.6
            ],
            [
                313.8,
                171.0
            ],
            [
                312.6,
                164.6
            ],
            [
                319.0,
                164.6
            ],
            [
                323.0,
                167.0
            ],
            [
                326.4,
                171.0
            ],
            [
                324.4,
                176.4
            ]
        ],
        "stack": 0,
        "shift": [
            [
                0.0,
                0.0
            ],
            [
                0.0,
                0.0
            ],
            [
                0.0,
                0.0
            ],
            [
                0.0,
                0.0
            ],
            [
                0.0,
                0.0
            ],
            [
                0.0,
                0.0
            ],
            [
                0.0,
                0.0
            ],
            [
                0.0,
                0.0
            ],
            [
                0.0,
                0.0
            ]
        ],
        "channel": 0
    },
    {
        "type": "Spine",
        "location": [
            325,
            164
        ],
        "radloc": [
            0,
            0
        ],
        "mean": [
            64.52941176470588,
            51.30392156862745,
            48.71568627450981,
            65.37254901960785,
            91.55882352941177,
            71.88235294117646,
            66.12745098039215,
            48.64705882352941
        ],
        "min": [
            14,
            14,
            13,
            13,
            26,
            27,
            15,
            14
        ],
        "max": [
            191,
            157,
            172,
            193,
            188,
            153,
            135,
            107
        ],
        "RawIntDen": [
            6582,
            5233,
            4969,
            6668,
            9339,
            7332,
            6745,
            4962
        ],
        "IntDen": [
            2915.0854024538808,
            2317.6301900700637,
            2200.7078949853135,
            2953.173725852701,
            4136.126188623031,
            3247.2510134901027,
            2987.2760619190863,
            2197.6076826156423
        ],
        "FlagUp": 0,
        "Times": [],
        "width": 0,
        "height": 0,
        "area": [
            0.4428874813816288,
            0.4428874813816288,
            0.4428874813816288,
            0.4428874813816288,
            0.4428874813816288,
            0.4428874813816288,
            0.4428874813816288,
            0.4428874813816288
        ],
        "distance": -0.43861320395840814,
        "xpert": [
            [
                325.0,
                169.6
            ],
            [
                321.0,
                168.0
            ],
            [
                317.0,
                164.0
            ],
            [
                319.8,
                158.8
            ],
            [
                325.0,
                158.8
            ],
            [
                329.2,
                159.8
            ],
            [
                330.0,
                164.0
            ],
            [
                328.4,
                167.4
            ]
        ],
        "stack": 0,
        "shift": [
            [
                0.0,
                0.0
            ],
            [
                0.0,
                0.0
            ],
            [
                0.0,
                0.0
            ],
            [
                0.0,
                0.0
            ],
            [
                0.0,
                0.0
            ],
            [
                0.0,
                0.0
            ],
            [
                0.0,
                0.0
            ],
            [
                0.0,
                0.0
            ],
            [
                0.0,
                0.0
            ]
        ],
        "channel": 0
    },
    {
        "type": "Stim",
        "location": [
            335,
            173
        ],
        "radloc": [
            0,
            0
        ],
        "mean": [
            68.30841121495327,
            63.99065420560748,
            72.3177570093458,
            57.728971962616825,
            58.54205607476636,
            61.86915887850467,
            59.4392523364486,
            65.78504672897196
        ],
        "min": [
            14,
            16,
            22,
            15,
            15,
            12,
            16,
            10
        ],
        "max": [
            165,
            149,
            164,
            147,
            123,
            173,
            146,
            147
        ],
        "RawIntDen": [
            7309,
            6847,
            7738,
            6177,
            6264,
            6620,
            6360,
            7039
        ],
        "IntDen": [
            3395.7442387427527,
            3181.100123501386,
            3595.0566314668795,
            2869.8196966361998,
            2910.23969236347,
            3075.6364564888527,
            2954.841066959079,
            3270.302872692603
        ],
        "FlagUp": 0,
        "Times": [],
        "width": 0,
        "height": 0,
        "area": [
            0.464597652037591,
            0.464597652037591,
            0.464597652037591,
            0.464597652037591,
            0.464597652037591,
            0.464597652037591,
            0.464597652037591,
            0.464597652037591
        ],
        "distance": 0,
        "xpert": [
            [
                335.0,
                178.2
            ],
            [
                331.4,
                176.6
            ],
            [
                327.2,
                173.0
            ],
            [
                330.8,
                168.8
            ],
            [
                335.0,
                166.2
            ],
            [
                339.6,
                168.4
            ],
            [
                340.8,
                173.0
            ],
            [
                339.4,
                177.4
            ]
        ],
        "stack": 0,
        "shift": [
            [
                0.0,
                0.0
            ],
            [
                0.0,
                0.0
            ],
            [
                0.0,
                0.0
            ],
            [
                0.0,
                0.0
            ],
            [
                0.0,
                0.0
            ],
            [
                0.0,
                0.0
            ],
            [
                0.0,
                0.0
            ],
            [
                0.0,
                0.0
            ],
            [
                0.0,
                0.0
            ]
        ],
        "channel": 0
    },
    {
        "type": "Stim",
        "location": [
            360,
            132
        ],
        "radloc": [
            0,
            0
        ],
        "mean": [
            71.67796610169492,
            73.11299435028249,
            64.67231638418079,
            70.6045197740113,
            59.717514124293785,
            48.26553672316384,
            41.983050847457626,
            39.943502824858754
        ],
        "min": [
            16,
            17,
            14,
            21,
            9,
            7,
            4,
            6
        ],
        "max": [
            143,
            159,
            135,
            160,
            128,
            122,
            113,
            111
        ],
        "RawIntDen": [
            12687,
            12941,
            11447,
            12497,
            10570,
            8543,
            7431,
            7070
        ],
        "IntDen": [
            9750.46750297161,
            9945.676673441762,
            8797.477851857495,
            9604.44489513961,
            8123.468235706623,
            6565.637572151531,
            5711.02104631371,
            5433.578091432907
        ],
        "FlagUp": 0,
        "Times": [],
        "width": 0,
        "height": 0,
        "area": [
            0.7685400412210618,
            0.7685400412210618,
            0.7685400412210618,
            0.7685400412210618,
            0.7685400412210618,
            0.7685400412210618,
            0.7685400412210618,
            0.7685400412210618
        ],
        "distance": 0,
        "xpert": [
            [
                360.0,
                142.0
            ],
            [
                352.2,
                139.8
            ],
            [
                353.2,
                132.0
            ],
            [
                356.0,
                128.0
            ],
            [
                360.0,
                125.0
            ],
            [
                367.2,
                124.8
            ],
            [
                366.0,
                132.0
            ],
            [
                364.4,
                136.4
            ]
        ],
        "stack": 0,
        "shift": [
            [
                0.0,
                0.0
            ],
            [
                0.0,
                0.0
            ],
            [
                0.0,
                0.0
            ],
            [
                0.0,
                0.0
            ],
            [
                0.0,
                0.0
            ],
            [
                0.0,
                0.0
            ],
            [
                0.0,
                0.0
            ],
            [
                0.0,
                0.0
            ],
            [
                0.0,
                0.0
            ]
        ],
        "channel": 0
    },
    {
        "type": "Spine",
        "location": [
            366,
            173
        ],
        "radloc": [
            0,
            0
        ],
        "mean": [
            29.09090909090909,
            30.474025974025974,
            31.4025974025974,
            23.584415584415584,
            25.253246753246753,
            21.863636363636363,
            22.045454545454547,
            32.48051948051948
        ],
        "min": [
            11,
            10,
            11,
            12,
            10,
            10,
            10,
            12
        ],
        "max": [
            85,
            77,
            75,
            47,
            58,
            55,
            58,
            82
        ],
        "RawIntDen": [
            4480,
            4693,
            4836,
            3632,
            3889,
            3367,
            3395,
            5002
        ],
        "IntDen": [
            2995.6561877922877,
            3138.0835913636624,
            3233.7038670007823,
            2428.6212665316048,
            2600.470293375939,
            2251.4228536376413,
            2270.145704811343,
            3344.703627530586
        ],
        "FlagUp": 0,
        "Times": [],
        "width": 0,
        "height": 0,
        "area": [
            0.6686732562036357,
            0.6686732562036357,
            0.6686732562036357,
            0.6686732562036357,
            0.6686732562036357,
            0.6686732562036357,
            0.6686732562036357,
            0.6686732562036357
        ],
        "distance": -0.39534,
        "xpert": [
            [
                366.0,
                181.2
            ],
            [
                360.2,
                178.8
            ],
            [
                360.6,
                173.0
            ],
            [
                362.0,
                169.0
            ],
            [
                366.0,
                168.0
            ],
            [
                374.0,
                165.0
            ],
            [
                373.0,
                173.0
            ],
            [
                372.4,
                179.4
            ]
        ],
        "stack": 0,
        "shift": [
            [
                0.0,
                0.0
            ],
            [
                0.0,
                0.0
            ],
            [
                0.0,
                0.0
            ],
            [
                0.0,
                0.0
            ],
            [
                0.0,
                0.0
            ],
            [
                0.0,
                0.0
            ],
            [
                0.0,
                0.0
            ],
            [
                0.0,
                0.0
            ],
            [
                0.0,
                0.0
            ]
        ],
        "channel": 0
    },
    {
        "type": "Spine",
        "location": [
            384,
            166
        ],
        "radloc": [
            0,
            0
        ],
        "mean": [
            69.91447368421052,
            72.6842105263158,
            78.96052631578948,
            72.1907894736842,
            80.71052631578948,
            82.26315789473684,
            77.94736842105263,
            81.17105263157895
        ],
        "min": [
            14,
            12,
            12,
            11,
            19,
            14,
            16,
            21
        ],
        "max": [
            189,
            183,
            176,
            168,
            178,
            182,
            196,
            201
        ],
        "RawIntDen": [
            10627,
            11048,
            12002,
            10973,
            12268,
            12504,
            11848,
            12338
        ],
        "IntDen": [
            7013.705100251673,
            7291.560548374939,
            7921.190233670893,
            7242.061359279345,
            8096.747357663265,
            8252.5048060174,
            7819.551898727939,
            8142.946600819152
        ],
        "FlagUp": 0,
        "Times": [],
        "width": 0,
        "height": 0,
        "area": [
            0.6599891879412508,
            0.6599891879412508,
            0.6599891879412508,
            0.6599891879412508,
            0.6599891879412508,
            0.6599891879412508,
            0.6599891879412508,
            0.6599891879412508
        ],
        "distance": -0.4158700166418606,
        "xpert": [
            [
                384.0,
                173.0
            ],
            [
                378.4,
                171.6
            ],
            [
                375.6,
                166.0
            ],
            [
                376.2,
                158.2
            ],
            [
                384.0,
                160.2
            ],
            [
                388.4,
                161.6
            ],
            [
                389.6,
                166.0
            ],
            [
                388.4,
                170.4
            ]
        ],
        "stack": 0,
        "shift": [
            [
                0.0,
                0.0
            ],
            [
                0.0,
                0.0
            ],
            [
                0.0,
                0.0
            ],
            [
                0.0,
                0.0
            ],
            [
                0.0,
                0.0
            ],
            [
                0.0,
                0.0
            ],
            [
                0.0,
                0.0
            ],
            [
                0.0,
                0.0
            ],
            [
                0.0,
                0.0
            ]
        ],
        "channel": 0
    },
    {
        "type": "Stim",
        "location": [
            391,
            174
        ],
        "radloc": [
            0,
            0
        ],
        "mean": [
            51.78217821782178,
            47.97029702970297,
            44.64356435643565,
            36.00990099009901,
            36.257425742574256,
            41.415841584158414,
            50.772277227722775,
            50.62376237623762
        ],
        "min": [
            16,
            15,
            11,
            10,
            9,
            11,
            11,
            9
        ],
        "max": [
            150,
            128,
            87,
            75,
            73,
            105,
            99,
            117
        ],
        "RawIntDen": [
            5230,
            4845,
            4509,
            3637,
            3662,
            4183,
            5128,
            5113
        ],
        "IntDen": [
            2293.5926891197823,
            2124.752691928364,
            1977.4014216522178,
            1594.9897916498371,
            1605.953427831098,
            1834.4356058485755,
            2248.8610535002376,
            2242.2828717914813
        ],
        "FlagUp": 0,
        "Times": [],
        "width": 0,
        "height": 0,
        "area": [
            0.43854544725043637,
            0.43854544725043637,
            0.43854544725043637,
            0.43854544725043637,
            0.43854544725043637,
            0.43854544725043637,
            0.43854544725043637,
            0.43854544725043637
        ],
        "distance": 0,
        "xpert": [
            [
                391.0,
                178.8
            ],
            [
                387.0,
                178.0
            ],
            [
                383.4,
                174.0
            ],
            [
                386.6,
                169.6
            ],
            [
                391.0,
                168.2
            ],
            [
                397.6,
                167.4
            ],
            [
                395.4,
                174.0
            ],
            [
                394.0,
                177.0
            ]
        ],
        "stack": 0,
        "shift": [
            [
                0.0,
                0.0
            ],
            [
                0.0,
                0.0
            ],
            [
                0.0,
                0.0
            ],
            [
                0.0,
                0.0
            ],
            [
                0.0,
                0.0
            ],
            [
                0.0,
                0.0
            ],
            [
                0.0,
                0.0
            ],
            [
                0.0,
                0.0
            ],
            [
                0.0,
                0.0
            ]
        ],
        "channel": 0
    },
    {
        "type": "Spine",
        "location": [
            475,
            189
        ],
        "radloc": [
            0,
            0
        ],
        "mean": [
            65.4093567251462,
            67.65497076023392,
            64.36842105263158,
            66.54970760233918,
            86.70175438596492,
            77.22222222222223,
            60.801169590643276,
            71.34502923976608
        ],
        "min": [
            9,
            12,
            10,
            23,
            31,
            20,
            7,
            18
        ],
        "max": [
            160,
            154,
            136,
            135,
            164,
            146,
            128,
            159
        ],
        "RawIntDen": [
            11185,
            11569,
            11007,
            11380,
            14826,
            13205,
            10397,
            12200
        ],
        "IntDen": [
            8304.726450513252,
            8589.841779703873,
            8172.563615628016,
            8449.511578617863,
            11008.124662969107,
            9804.551880109744,
            7719.6460354033325,
            9058.351604493668
        ],
        "FlagUp": 0,
        "Times": [],
        "width": 0,
        "height": 0,
        "area": [
            0.7424878364339071,
            0.7424878364339071,
            0.7424878364339071,
            0.7424878364339071,
            0.7424878364339071,
            0.7424878364339071,
            0.7424878364339071,
            0.7424878364339071
        ],
        "distance": 6.443885273666804,
        "xpert": [
            [
                475.0,
                195.0
            ],
            [
                468.8,
                195.2
            ],
            [
                466.8,
                189.0
            ],
            [
                469.0,
                183.0
            ],
            [
                475.0,
                182.0
            ],
            [
                481.4,
                182.6
            ],
            [
                483.0,
                189.0
            ],
            [
                482.6,
                196.6
            ]
        ],
        "stack": 0,
        "shift": [
            [
                0.0,
                0.0
            ],
            [
                0.0,
                0.0
            ],
            [
                0.0,
                0.0
            ],
            [
                0.0,
                0.0
            ],
            [
                0.0,
                0.0
            ],
            [
                0.0,
                0.0
            ],
            [
                0.0,
                0.0
            ],
            [
                0.0,
                0.0
            ],
            [
                0.0,
                0.0
            ]
        ],
        "channel": 0
    },
    {
        "type": "Spine",
        "location": [
            462,
            182
        ],
        "radloc": [
            0,
            0
        ],
        "mean": [
            32.348684210526315,
            37.99342105263158,
            31.736842105263158,
            31.0,
            54.63815789473684,
            48.98684210526316,
            44.75,
            48.55921052631579
        ],
        "min": [
            10,
            10,
            9,
            9,
            12,
            13,
            8,
            12
        ],
        "max": [
            101,
            92,
            94,
            70,
            122,
            87,
            122,
            99
        ],
        "RawIntDen": [
            4917,
            5775,
            4824,
            4712,
            8305,
            7446,
            6802,
            7381
        ],
        "IntDen": [
            3245.16683710713,
            3811.4375603607236,
            3183.787842628594,
            3109.869053579174,
            5481.210205852088,
            4914.279493410553,
            4489.246456376388,
            4871.380196194372
        ],
        "FlagUp": 0,
        "Times": [],
        "width": 0,
        "height": 0,
        "area": [
            0.6599891879412508,
            0.6599891879412508,
            0.6599891879412508,
            0.6599891879412508,
            0.6599891879412508,
            0.6599891879412508,
            0.6599891879412508,
            0.6599891879412508
        ],
        "distance": 4.732775063249527,
        "xpert": [
            [
                462.0,
                188.0
            ],
            [
                456.8,
                187.2
            ],
            [
                456.0,
                182.0
            ],
            [
                457.6,
                177.6
            ],
            [
                462.0,
                175.8
            ],
            [
                471.2,
                172.8
            ],
            [
                470.8,
                182.0
            ],
            [
                465.6,
                185.6
            ]
        ],
        "stack": 0,
        "shift": [
            [
                0.0,
                0.0
            ],
            [
                0.0,
                0.0
            ],
            [
                0.0,
                0.0
            ],
            [
                0.0,
                0.0
            ],
            [
                0.0,
                0.0
            ],
            [
                0.0,
                0.0
            ],
            [
                0.0,
                0.0
            ],
            [
                0.0,
                0.0
            ],
            [
                0.0,
                0.0
            ]
        ],
        "channel": 0
    }
]