[
    {
        "type": "Stim",
        "location": [
            18,
            222
        ],
        "radloc": [
            0,
            0
        ],
        "mean": [
            98.68041237113403,
            97.91752577319588,
            86.04123711340206,
            99.5360824742268,
            89.01030927835052,
            90.78350515463917,
            72.88659793814433,
            61.608247422680414
        ],
        "min": [
            15,
            21,
            24,
            28,
            34,
            36,
            23,
            21
        ],
        "max": [
            217,
            178,
            181,
            180,
            166,
            168,
            146,
            125
        ],
        "RawIntDen": [
            9572,
            9498,
            8346,
            9655,
            8634,
            8806,
            7070,
            5976
        ],
        "IntDen": [
            4031.5092182661147,
            4000.3420972724152,
            3515.145835316443,
            4066.4669350563454,
            3636.444900805436,
            3708.8873982502514,
            2977.723586830488,
            2516.955608896605
        ],
        "FlagUp": 0,
        "Times": [],
        "width": 0,
        "height": 0,
        "area": [
            0.42117731072567016,
            0.42117731072567016,
            0.42117731072567016,
            0.42117731072567016,
            0.42117731072567016,
            0.42117731072567016,
            0.42117731072567016,
            0.42117731072567016
        ],
        "distance": 0,
        "xpert": [
            [
                18.0,
                226.2
            ],
            [
                13.8,
                226.2
            ],
            [
                10.6,
                222.0
            ],
            [
                13.6,
                217.6
            ],
            [
                18.0,
                216.2
            ],
            [
                21.8,
                218.2
            ],
            [
                23.4,
                222.0
            ],
            [
                22.0,
                226.0
            ]
        ],
        "stack": 0,
        "shift": [
            [
                0.0,
                0.0
            ],
            [
                0.0,
                0.0
            ],
            [
                0.0,
                0.0
            ],
            [
                0.0,
                0.0
            ],
            [
                0.0,
                0.0
            ],
            [
                0.0,
                0.0
            ],
            [
                0.0,
                0.0
            ],
            [
                0.0,
                0.0
            ],
            [
                0.0,
                0.0
            ]
        ],
        "channel": 0
    },
    {
        "type": "Stim",
        "location": [
            32,
            244
        ],
        "radloc": [
            0,
            0
        ],
        "mean": [
            47.29801324503311,
            36.6953642384106,
            48.41059602649007,
            42.728476821192054,
            29.271523178807946,
            26.596026490066226,
            40.94039735099338,
            34.390728476821195
        ],
        "min": [
            5,
            5,
            7,
            8,
            7,
            5,
            10,
            9
        ],
        "max": [
            128,
            101,
            108,
            106,
            78,
            96,
            90,
            95
        ],
        "RawIntDen": [
            7142,
            5541,
            7310,
            6452,
            4420,
            4016,
            6182,
            5193
        ],
        "IntDen": [
            4682.631972511476,
            3632.940879261564,
            4792.780694351567,
            4230.2354363825325,
            2897.9604198404822,
            2633.0789697012165,
            4053.210704853815,
            3404.7756697356617
        ],
        "FlagUp": 0,
        "Times": [],
        "width": 0,
        "height": 0,
        "area": [
            0.6556471538100639,
            0.6556471538100639,
            0.6556471538100639,
            0.6556471538100639,
            0.6556471538100639,
            0.6556471538100639,
            0.6556471538100639,
            0.6556471538100639
        ],
        "distance": 0,
        "xpert": [
            [
                32.0,
                255.0
            ],
            [
                27.6,
                248.4
            ],
            [
                26.0,
                244.0
            ],
            [
                23.8,
                235.8
            ],
            [
                32.0,
                238.6
            ],
            [
                35.6,
                240.4
            ],
            [
                37.6,
                244.0
            ],
            [
                37.6,
                249.6
            ]
        ],
        "stack": 0,
        "shift": [
            [
                0.0,
                0.0
            ],
            [
                0.0,
                0.0
            ],
            [
                0.0,
                0.0
            ],
            [
                0.0,
                0.0
            ],
            [
                0.0,
                0.0
            ],
            [
                0.0,
                0.0
            ],
            [
                0.0,
                0.0
            ],
            [
                0.0,
                0.0
            ],
            [
                0.0,
                0.0
            ]
        ],
        "channel": 0
    },
    {
        "type": "Stim",
        "location": [
            36,
            209
        ],
        "radloc": [
            0,
            0
        ],
        "mean": [
            104.12857142857143,
            86.60714285714286,
            69.8,
            86.23571428571428,
            38.707142857142856,
            47.41428571428571,
            37.42857142857143,
            41.83571428571429
        ],
        "min": [
            25,
            29,
            19,
            15,
            9,
            21,
            8,
            11
        ],
        "max": [
            217,
            143,
            159,
            182,
            81,
            108,
            82,
            103
        ],
        "RawIntDen": [
            14578,
            12125,
            9772,
            12073,
            5419,
            6638,
            5240,
            5857
        ],
        "IntDen": [
            8861.744299033347,
            7370.602937699228,
            5940.250054201802,
            7338.992929224147,
            3294.1276139704837,
            4035.139158799792,
            3185.3162386428003,
            3560.3811468952063
        ],
        "FlagUp": 0,
        "Times": [],
        "width": 0,
        "height": 0,
        "area": [
            0.6078847783669467,
            0.6078847783669467,
            0.6078847783669467,
            0.6078847783669467,
            0.6078847783669467,
            0.6078847783669467,
            0.6078847783669467,
            0.6078847783669467
        ],
        "distance": 0,
        "xpert": [
            [
                36.0,
                219.8
            ],
            [
                31.6,
                213.4
            ],
            [
                30.2,
                209.0
            ],
            [
                30.8,
                203.8
            ],
            [
                36.0,
                202.2
            ],
            [
                40.6,
                204.4
            ],
            [
                42.2,
                209.0
            ],
            [
                41.0,
                214.0
            ]
        ],
        "stack": 0,
        "shift": [
            [
                0.0,
                0.0
            ],
            [
                0.0,
                0.0
            ],
            [
                0.0,
                0.0
            ],
            [
                0.0,
                0.0
            ],
            [
                0.0,
                0.0
            ],
            [
                0.0,
                0.0
            ],
            [
                0.0,
                0.0
            ],
            [
                0.0,
                0.0
            ],
            [
                0.0,
                0.0
            ]
        ],
        "channel": 0
    },
    {
        "type": "Stim",
        "location": [
            182,
            266
        ],
        "radloc": [
            0,
            0
        ],
        "mean": [
            99.75838926174497,
            91.81208053691275,
            73.26174496644295,
            77.89261744966443,
            60.12080536912752,
            50.79194630872483,
            52.02013422818792,
            49.83221476510067
        ],
        "min": [
            18,
            18,
            16,
            17,
            14,
            14,
            21,
            12
        ],
        "max": [
            220,
            186,
            163,
            163,
            149,
            107,
            86,
            106
        ],
        "RawIntDen": [
            14864,
            13680,
            10916,
            11606,
            8958,
            7568,
            7751,
            7425
        ],
        "IntDen": [
            9616.4593035807,
            8850.455010292248,
            7062.249041838463,
            7508.653570866361,
            5795.495320336107,
            4896.216631424834,
            5014.610876080059,
            4803.700910191516
        ],
        "FlagUp": 0,
        "Times": [],
        "width": 0,
        "height": 0,
        "area": [
            0.6469630855476789,
            0.6469630855476789,
            0.6469630855476789,
            0.6469630855476789,
            0.6469630855476789,
            0.6469630855476789,
            0.6469630855476789,
            0.6469630855476789
        ],
        "distance": 0,
        "xpert": [
            [
                182.0,
                272.2
            ],
            [
                177.8,
                270.2
            ],
            [
                176.4,
                266.0
            ],
            [
                175.0,
                259.0
            ],
            [
                182.0,
                259.0
            ],
            [
                189.2,
                258.8
            ],
            [
                189.2,
                266.0
            ],
            [
                186.2,
                270.2
            ]
        ],
        "stack": 0,
        "shift": [
            [
                0.0,
                0.0
            ],
            [
                0.0,
                0.0
            ],
            [
                0.0,
                0.0
            ],
            [
                0.0,
                0.0
            ],
            [
                0.0,
                0.0
            ],
            [
                0.0,
                0.0
            ],
            [
                0.0,
                0.0
            ],
            [
                0.0,
                0.0
            ],
            [
                0.0,
                0.0
            ]
        ],
        "channel": 0
    },
    {
        "type": "Stim",
        "location": [
            204,
            256
        ],
        "radloc": [
            0,
            0
        ],
        "mean": [
            123.93877551020408,
            84.08163265306122,
            89.11224489795919,
            81.43877551020408,
            55.63265306122449,
            46.43877551020408,
            54.90816326530612,
            32.142857142857146
        ],
        "min": [
            25,
            14,
            31,
            38,
            19,
            17,
            16,
            12
        ],
        "max": [
            236,
            173,
            167,
            135,
            143,
            87,
            166,
            85
        ],
        "RawIntDen": [
            12146,
            8240,
            8733,
            7981,
            5452,
            4551,
            5381,
            3150
        ],
        "IntDen": [
            5168.357962631454,
            3506.279401620548,
            3716.0604386349814,
            3396.069891302621,
            2319.931468159615,
            1936.538538443582,
            2289.719594674778,
            1340.3859362991172
        ],
        "FlagUp": 0,
        "Times": [],
        "width": 0,
        "height": 0,
        "area": [
            0.42551934485686266,
            0.42551934485686266,
            0.42551934485686266,
            0.42551934485686266,
            0.42551934485686266,
            0.42551934485686266,
            0.42551934485686266,
            0.42551934485686266
        ],
        "distance": 0,
        "xpert": [
            [
                204.0,
                261.6
            ],
            [
                199.4,
                260.6
            ],
            [
                197.4,
                256.0
            ],
            [
                199.8,
                251.8
            ],
            [
                204.0,
                251.8
            ],
            [
                208.2,
                251.8
            ],
            [
                210.0,
                256.0
            ],
            [
                208.0,
                260.0
            ]
        ],
        "stack": 0,
        "shift": [
            [
                0.0,
                0.0
            ],
            [
                0.0,
                0.0
            ],
            [
                0.0,
                0.0
            ],
            [
                0.0,
                0.0
            ],
            [
                0.0,
                0.0
            ],
            [
                0.0,
                0.0
            ],
            [
                0.0,
                0.0
            ],
            [
                0.0,
                0.0
            ],
            [
                0.0,
                0.0
            ]
        ],
        "channel": 0
    },
    {
        "type": "Stim",
        "location": [
            327,
            262
        ],
        "radloc": [
            0,
            0
        ],
        "mean": [
            19.58125,
            29.73125,
            33.2875,
            31.19375,
            19.1,
            18.1375,
            16.63125,
            15.11875
        ],
        "min": [
            5,
            7,
            11,
            10,
            6,
            8,
            5,
            5
        ],
        "max": [
            81,
            85,
            69,
            88,
            47,
            49,
            44,
            42
        ],
        "RawIntDen": [
            3133,
            4757,
            5326,
            4991,
            3056,
            2902,
            2661,
            2419
        ],
        "IntDen": [
            2176.5748692841644,
            3304.809017933217,
            3700.1078052369803,
            3467.3747758050636,
            2123.081008787873,
            2016.0932877952905,
            1848.6644516965086,
            1680.540890136736
        ],
        "FlagUp": 0,
        "Times": [],
        "width": 0,
        "height": 0,
        "area": [
            0.6947254609907961,
            0.6947254609907961,
            0.6947254609907961,
            0.6947254609907961,
            0.6947254609907961,
            0.6947254609907961,
            0.6947254609907961,
            0.6947254609907961
        ],
        "distance": 0,
        "xpert": [
            [
                327.0,
                268.6
            ],
            [
                322.4,
                266.6
            ],
            [
                321.0,
                262.0
            ],
            [
                319.4,
                254.4
            ],
            [
                327.0,
                252.6
            ],
            [
                332.6,
                256.4
            ],
            [
                332.8,
                262.0
            ],
            [
                332.0,
                267.0
            ]
        ],
        "stack": 0,
        "shift": [
            [
                0.0,
                0.0
            ],
            [
                0.0,
                0.0
            ],
            [
                0.0,
                0.0
            ],
            [
                0.0,
                0.0
            ],
            [
                0.0,
                0.0
            ],
            [
                0.0,
                0.0
            ],
            [
                0.0,
                0.0
            ],
            [
                0.0,
                0.0
            ],
            [
                0.0,
                0.0
            ]
        ],
        "channel": 0
    },
    {
        "type": "Stim",
        "location": [
            342,
            253
        ],
        "radloc": [
            0,
            0
        ],
        "mean": [
            95.5940594059406,
            51.46534653465346,
            49.76237623762376,
            51.21782178217822,
            42.07920792079208,
            38.07920792079208,
            29.00990099009901,
            30.207920792079207
        ],
        "min": [
            30,
            18,
            19,
            21,
            11,
            15,
            13,
            10
        ],
        "max": [
            172,
            114,
            98,
            103,
            88,
            80,
            53,
            62
        ],
        "RawIntDen": [
            9655,
            5198,
            5026,
            5173,
            4250,
            3846,
            2930,
            3051
        ],
        "IntDen": [
            4234.156293202999,
            2279.5592348077876,
            2204.129417880712,
            2268.5955986265267,
            1863.8181508143703,
            1686.6457901251924,
            1284.9381604437895,
            1338.0021595610926
        ],
        "FlagUp": 0,
        "Times": [],
        "width": 0,
        "height": 0,
        "area": [
            0.4385454472504401,
            0.4385454472504401,
            0.4385454472504401,
            0.4385454472504401,
            0.4385454472504401,
            0.4385454472504401,
            0.4385454472504401,
            0.4385454472504401
        ],
        "distance": 0,
        "xpert": [
            [
                342.0,
                258.6
            ],
            [
                336.6,
                258.4
            ],
            [
                335.6,
                253.0
            ],
            [
                337.4,
                248.4
            ],
            [
                342.0,
                248.2
            ],
            [
                346.4,
                248.6
            ],
            [
                347.6,
                253.0
            ],
            [
                345.6,
                256.6
            ]
        ],
        "stack": 0,
        "shift": [
            [
                0.0,
                0.0
            ],
            [
                0.0,
                0.0
            ],
            [
                0.0,
                0.0
            ],
            [
                0.0,
                0.0
            ],
            [
                0.0,
                0.0
            ],
            [
                0.0,
                0.0
            ],
            [
                0.0,
                0.0
            ],
            [
                0.0,
                0.0
            ],
            [
                0.0,
                0.0
            ]
        ],
        "channel": 0
    },
    {
        "type": "Stim",
        "location": [
            389,
            243
        ],
        "radloc": [
            0,
            0
        ],
        "mean": [
            166.9245283018868,
            138.37264150943398,
            127.7877358490566,
            124.77358490566037,
            117.77358490566037,
            100.89622641509433,
            90.27830188679245,
            92.05188679245283
        ],
        "min": [
            50,
            37,
            35,
            39,
            28,
            32,
            26,
            17
        ],
        "max": [
            255,
            254,
            255,
            248,
            239,
            230,
            167,
            183
        ],
        "RawIntDen": [
            35388,
            29335,
            27091,
            26452,
            24968,
            21390,
            19139,
            19515
        ],
        "IntDen": [
            32575.051612943542,
            27003.197102568633,
            24937.5698894047,
            24349.363209720315,
            22983.324535774114,
            19689.735334035897,
            17617.66454222127,
            17963.776766886887
        ],
        "FlagUp": 0,
        "Times": [],
        "width": 0,
        "height": 0,
        "area": [
            0.9205112358128049,
            0.9205112358128049,
            0.9205112358128049,
            0.9205112358128049,
            0.9205112358128049,
            0.9205112358128049,
            0.9205112358128049,
            0.9205112358128049
        ],
        "distance": 0,
        "xpert": [
            [
                389.0,
                249.0
            ],
            [
                383.8,
                248.2
            ],
            [
                373.4,
                243.0
            ],
            [
                383.0,
                237.0
            ],
            [
                389.0,
                235.2
            ],
            [
                395.4,
                236.6
            ],
            [
                396.8,
                243.0
            ],
            [
                394.6,
                248.6
            ]
        ],
        "stack": 0,
        "shift": [
            [
                0.0,
                0.0
            ],
            [
                0.0,
                0.0
            ],
            [
                0.0,
                0.0
            ],
            [
                0.0,
                0.0
            ],
            [
                0.0,
                0.0
            ],
            [
                0.0,
                0.0
            ],
            [
                0.0,
                0.0
            ],
            [
                0.0,
                0.0
            ],
            [
                0.0,
                0.0
            ]
        ],
        "channel": 0
    },
    {
        "type": "Stim",
        "location": [
            447,
            234
        ],
        "radloc": [
            0,
            0
        ],
        "mean": [
            162.35754189944134,
            130.18994413407822,
            91.21787709497207,
            96.0,
            64.37988826815642,
            59.625698324022345,
            51.55865921787709,
            58.74860335195531
        ],
        "min": [
            49,
            30,
            15,
            16,
            9,
            10,
            6,
            6
        ],
        "max": [
            255,
            252,
            182,
            244,
            161,
            134,
            148,
            162
        ],
        "RawIntDen": [
            29062,
            23304,
            16328,
            17184,
            11524,
            10673,
            9229,
            10516
        ],
        "IntDen": [
            22587.68706980812,
            18112.430647402394,
            12690.515259645825,
            13355.81909736366,
            8956.730637687315,
            8295.312920516895,
            7173.00130642279,
            8173.288735327994
        ],
        "FlagUp": 0,
        "Times": [],
        "width": 0,
        "height": 0,
        "area": [
            0.7772241094834532,
            0.7772241094834532,
            0.7772241094834532,
            0.7772241094834532,
            0.7772241094834532,
            0.7772241094834532,
            0.7772241094834532,
            0.7772241094834532
        ],
        "distance": 0,
        "xpert": [
            [
                447.0,
                241.2
            ],
            [
                442.4,
                238.6
            ],
            [
                440.2,
                234.0
            ],
            [
                440.6,
                227.6
            ],
            [
                447.0,
                224.6
            ],
            [
                453.4,
                227.6
            ],
            [
                454.6,
                234.0
            ],
            [
                452.8,
                239.8
            ]
        ],
        "stack": 0,
        "shift": [
            [
                0.0,
                0.0
            ],
            [
                0.0,
                0.0
            ],
            [
                0.0,
                0.0
            ],
            [
                0.0,
                0.0
            ],
            [
                0.0,
                0.0
            ],
            [
                0.0,
                0.0
            ],
            [
                0.0,
                0.0
            ],
            [
                0.0,
                0.0
            ],
            [
                0.0,
                0.0
            ]
        ],
        "channel": 0
    },
    {
        "type": "Stim",
        "location": [
            479,
            230
        ],
        "radloc": [
            0,
            0
        ],
        "mean": [
            108.34567901234568,
            108.98765432098766,
            92.46296296296296,
            116.85802469135803,
            72.05555555555556,
            63.41975308641975,
            48.160493827160494,
            47.32716049382716
        ],
        "min": [
            19,
            13,
            15,
            13,
            19,
            12,
            13,
            7
        ],
        "max": [
            235,
            212,
            194,
            235,
            207,
            170,
            122,
            156
        ],
        "RawIntDen": [
            17552,
            17656,
            14979,
            18931,
            11673,
            10274,
            7802,
            7667
        ],
        "IntDen": [
            12346.244057451835,
            12419.398648494165,
            10536.3713386834,
            13316.245798291971,
            8210.899434972383,
            7226.829503547183,
            5488.001147233319,
            5393.040860784139
        ],
        "FlagUp": 0,
        "Times": [],
        "width": 0,
        "height": 0,
        "area": [
            0.7034095292531811,
            0.7034095292531811,
            0.7034095292531811,
            0.7034095292531811,
            0.7034095292531811,
            0.7034095292531811,
            0.7034095292531811,
            0.7034095292531811
        ],
        "distance": 0,
        "xpert": [
            [
                479.0,
                240.2
            ],
            [
                473.0,
                236.0
            ],
            [
                471.6,
                230.0
            ],
            [
                474.8,
                225.8
            ],
            [
                479.0,
                223.8
            ],
            [
                485.2,
                223.8
            ],
            [
                485.8,
                230.0
            ],
            [
                483.6,
                234.6
            ]
        ],
        "stack": 0,
        "shift": [
            [
                0.0,
                0.0
            ],
            [
                0.0,
                0.0
            ],
            [
                0.0,
                0.0
            ],
            [
                0.0,
                0.0
            ],
            [
                0.0,
                0.0
            ],
            [
                0.0,
                0.0
            ],
            [
                0.0,
                0.0
            ],
            [
                0.0,
                0.0
            ],
            [
                0.0,
                0.0
            ]
        ],
        "channel": 0
    },
    {
        "type": "Spine",
        "location": [
            431,
            259
        ],
        "radloc": [
            0,
            0
        ],
        "mean": [
            44.80769230769231,
            40.246153846153845,
            43.80769230769231,
            55.89230769230769,
            33.54615384615385,
            34.99230769230769,
            44.91538461538462,
            38.36153846153846
        ],
        "min": [
            6,
            8,
            8,
            17,
            9,
            10,
            15,
            12
        ],
        "max": [
            156,
            146,
            114,
            118,
            78,
            92,
            89,
            77
        ],
        "RawIntDen": [
            5825,
            5232,
            5695,
            7266,
            4361,
            4549,
            5839,
            4987
        ],
        "IntDen": [
            3288.0053458455022,
            2953.2779346718744,
            3214.6249690283494,
            4101.398599641789,
            2461.6294099969505,
            2567.7487241632944,
            3295.9078479642726,
            2814.984147593394
        ],
        "FlagUp": 0,
        "Times": [],
        "width": 0,
        "height": 0,
        "area": [
            0.5644644370550219,
            0.5644644370550219,
            0.5644644370550219,
            0.5644644370550219,
            0.5644644370550219,
            0.5644644370550219,
            0.5644644370550219,
            0.5644644370550219
        ],
        "distance": -1.0815325316247633,
        "xpert": [
            [
                431.0,
                264.4
            ],
            [
                425.8,
                264.2
            ],
            [
                424.8,
                259.0
            ],
            [
                424.8,
                252.8
            ],
            [
                431.0,
                252.8
            ],
            [
                437.2,
                252.8
            ],
            [
                436.2,
                259.0
            ],
            [
                434.6,
                262.6
            ]
        ],
        "stack": 0,
        "shift": [
            [
                0.0,
                0.0
            ],
            [
                0.0,
                0.0
            ],
            [
                0.0,
                0.0
            ],
            [
                0.0,
                0.0
            ],
            [
                0.0,
                0.0
            ],
            [
                0.0,
                0.0
            ],
            [
                0.0,
                0.0
            ],
            [
                0.0,
                0.0
            ],
            [
                0.0,
                0.0
            ]
        ],
        "channel": 0
    },
    {
        "type": "Spine",
        "location": [
            286,
            258
        ],
        "radloc": [
            0,
            0
        ],
        "mean": [
            34.42857142857143,
            34.49107142857143,
            27.741071428571427,
            23.508928571428573,
            17.982142857142858,
            17.705357142857142,
            19.071428571428573,
            14.892857142857142
        ],
        "min": [
            7,
            10,
            11,
            7,
            7,
            9,
            5,
            6
        ],
        "max": [
            77,
            78,
            64,
            47,
            45,
            36,
            45,
            37
        ],
        "RawIntDen": [
            3856,
            3863,
            3107,
            2633,
            2014,
            1983,
            2136,
            1668
        ],
        "IntDen": [
            1875.202964306357,
            1878.607119065212,
            1510.9584051088825,
            1280.4484971521365,
            979.4239549048244,
            964.3484124013241,
            1038.7535092734383,
            811.1614482528536
        ],
        "FlagUp": 0,
        "Times": [],
        "width": 0,
        "height": 0,
        "area": [
            0.4863078226935573,
            0.4863078226935573,
            0.4863078226935573,
            0.4863078226935573,
            0.4863078226935573,
            0.4863078226935573,
            0.4863078226935573,
            0.4863078226935573
        ],
        "distance": -2.9697326581238164,
        "xpert": [
            [
                286.0,
                263.8
            ],
            [
                281.8,
                262.2
            ],
            [
                279.2,
                258.0
            ],
            [
                279.8,
                251.8
            ],
            [
                286.0,
                251.8
            ],
            [
                290.2,
                253.8
            ],
            [
                291.2,
                258.0
            ],
            [
                289.4,
                261.4
            ]
        ],
        "stack": 0,
        "shift": [
            [
                0.0,
                0.0
            ],
            [
                0.0,
                0.0
            ],
            [
                0.0,
                0.0
            ],
            [
                0.0,
                0.0
            ],
            [
                0.0,
                0.0
            ],
            [
                0.0,
                0.0
            ],
            [
                0.0,
                0.0
            ],
            [
                0.0,
                0.0
            ],
            [
                0.0,
                0.0
            ]
        ],
        "channel": 0
    },
    {
        "type": "Spine",
        "location": [
            200,
            244
        ],
        "radloc": [
            0,
            0
        ],
        "mean": [
            97.48167539267016,
            92.4869109947644,
            84.59685863874346,
            84.36125654450262,
            59.916230366492144,
            59.98429319371728,
            63.20942408376963,
            71.67539267015707
        ],
        "min": [
            20,
            19,
            30,
            11,
            9,
            12,
            11,
            16
        ],
        "max": [
            214,
            170,
            150,
            168,
            168,
            130,
            183,
            138
        ],
        "RawIntDen": [
            18619,
            17665,
            16158,
            16113,
            11444,
            11457,
            12073,
            13690
        ],
        "IntDen": [
            15441.267696336488,
            14650.088289155381,
            13400.290210935333,
            13362.970427577733,
            9490.83557209704,
            9501.616842844789,
            10012.483210584373,
            11353.507425900774
        ],
        "FlagUp": 0,
        "Times": [],
        "width": 0,
        "height": 0,
        "area": [
            0.829328519057763,
            0.829328519057763,
            0.829328519057763,
            0.829328519057763,
            0.829328519057763,
            0.829328519057763,
            0.829328519057763,
            0.829328519057763
        ],
        "distance": -0.26356,
        "xpert": [
            [
                200.0,
                250.6
            ],
            [
                191.4,
                252.6
            ],
            [
                191.8,
                244.0
            ],
            [
                194.0,
                238.0
            ],
            [
                200.0,
                238.0
            ],
            [
                205.4,
                238.6
            ],
            [
                209.4,
                244.0
            ],
            [
                205.2,
                249.2
            ]
        ],
        "stack": 0,
        "shift": [
            [
                0.0,
                0.0
            ],
            [
                0.0,
                0.0
            ],
            [
                0.0,
                0.0
            ],
            [
                0.0,
                0.0
            ],
            [
                0.0,
                0.0
            ],
            [
                0.0,
                0.0
            ],
            [
                0.0,
                0.0
            ],
            [
                0.0,
                0.0
            ],
            [
                0.0,
                0.0
            ]
        ],
        "channel": 0
    },
    {
        "type": "Spine",
        "location": [
            92,
            224
        ],
        "radloc": [
            0,
            0
        ],
        "mean": [
            96.95049504950495,
            78.01980198019803,
            67.97029702970298,
            66.51485148514851,
            61.62376237623762,
            51.98019801980198,
            60.87128712871287,
            48.306930693069305
        ],
        "min": [
            15,
            29,
            13,
            11,
            12,
            9,
            9,
            10
        ],
        "max": [
            193,
            169,
            168,
            175,
            145,
            134,
            132,
            156
        ],
        "RawIntDen": [
            9792,
            7880,
            6865,
            6718,
            6224,
            5250,
            6148,
            4879
        ],
        "IntDen": [
            4294.237019476309,
            3455.7381243334676,
            3010.614495374271,
            2946.1483146284563,
            2729.506863686739,
            2302.3635980648105,
            2696.1774096957056,
            2139.663237134897
        ],
        "FlagUp": 0,
        "Times": [],
        "width": 0,
        "height": 0,
        "area": [
            0.4385454472504401,
            0.4385454472504401,
            0.4385454472504401,
            0.4385454472504401,
            0.4385454472504401,
            0.4385454472504401,
            0.4385454472504401,
            0.4385454472504401
        ],
        "distance": -3.5649170303065456,
        "xpert": [
            [
                92.0,
                229.2
            ],
            [
                88.6,
                227.4
            ],
            [
                84.4,
                224.0
            ],
            [
                88.0,
                220.0
            ],
            [
                92.0,
                219.0
            ],
            [
                95.6,
                220.4
            ],
            [
                96.8,
                224.0
            ],
            [
                100.2,
                232.2
            ]
        ],
        "stack": 0,
        "shift": [
            [
                0.0,
                0.0
            ],
            [
                0.0,
                0.0
            ],
            [
                0.0,
                0.0
            ],
            [
                0.0,
                0.0
            ],
            [
                0.0,
                0.0
            ],
            [
                0.0,
                0.0
            ],
            [
                0.0,
                0.0
            ],
            [
                0.0,
                0.0
            ],
            [
                0.0,
                0.0
            ]
        ],
        "channel": 0
    },
    {
        "type": "Spine",
        "location": [
            68,
            222
        ],
        "radloc": [
            0,
            0
        ],
        "mean": [
            121.91358024691358,
            75.60493827160494,
            61.876543209876544,
            66.1604938271605,
            70.32098765432099,
            67.09876543209876,
            62.629629629629626,
            60.27160493827161
        ],
        "min": [
            46,
            19,
            10,
            11,
            14,
            27,
            34,
            24
        ],
        "max": [
            215,
            175,
            164,
            151,
            152,
            104,
            88,
            113
        ],
        "RawIntDen": [
            9875,
            6124,
            5012,
            5359,
            5696,
            5435,
            5073,
            4882
        ],
        "IntDen": [
            3473.0845506875817,
            2153.8399785732404,
            1762.7442803084718,
            1884.7858336338988,
            2003.3103393130598,
            1911.5153957455198,
            1784.1982709506938,
            1717.022660907015
        ],
        "FlagUp": 0,
        "Times": [],
        "width": 0,
        "height": 0,
        "area": [
            0.35170476462659056,
            0.35170476462659056,
            0.35170476462659056,
            0.35170476462659056,
            0.35170476462659056,
            0.35170476462659056,
            0.35170476462659056,
            0.35170476462659056
        ],
        "distance": -2.10848,
        "xpert": [
            [
                68.0,
                226.2
            ],
            [
                63.8,
                226.2
            ],
            [
                61.6,
                222.0
            ],
            [
                64.2,
                218.2
            ],
            [
                68.0,
                216.8
            ],
            [
                71.4,
                218.6
            ],
            [
                73.0,
                222.0
            ],
            [
                71.8,
                225.8
            ]
        ],
        "stack": 0,
        "shift": [
            [
                0.0,
                0.0
            ],
            [
                0.0,
                0.0
            ],
            [
                0.0,
                0.0
            ],
            [
                0.0,
                0.0
            ],
            [
                0.0,
                0.0
            ],
            [
                0.0,
                0.0
            ],
            [
                0.0,
                0.0
            ],
            [
                0.0,
                0.0
            ],
            [
                0.0,
                0.0
            ]
        ],
        "channel": 0
    }
]