[
    {
        "type": "Stim",
        "location": [
            67,
            264
        ],
        "radloc": [
            0,
            0
        ],
        "mean": [
            85.13815789473684,
            93.57894736842105,
            90.28289473684211,
            88.67105263157895,
            100.39473684210526,
            73.625,
            84.09868421052632,
            85.09210526315789
        ],
        "min": [
            15,
            18,
            17,
            12,
            28,
            11,
            19,
            22
        ],
        "max": [
            196,
            204,
            211,
            205,
            204,
            202,
            205,
            166
        ],
        "RawIntDen": [
            12941,
            14224,
            13723,
            13478,
            15260,
            11191,
            12783,
            12934
        ],
        "IntDen": [
            8540.920081147786,
            9387.686209276417,
            9057.031626117849,
            8895.33427507224,
            10071.435007983559,
            7385.9390022505895,
            8436.641789453068,
            8536.300156832198
        ],
        "FlagUp": 0,
        "Times": [],
        "width": 0,
        "height": 0,
        "area": [
            0.6599891879412554,
            0.6599891879412554,
            0.6599891879412554,
            0.6599891879412554,
            0.6599891879412554,
            0.6599891879412554,
            0.6599891879412554,
            0.6599891879412554
        ],
        "distance": 0,
        "xpert": [
            [
                67.0,
                271.0
            ],
            [
                62.0,
                269.0
            ],
            [
                60.4,
                264.0
            ],
            [
                60.0,
                257.0
            ],
            [
                67.0,
                257.0
            ],
            [
                72.4,
                258.6
            ],
            [
                73.2,
                264.0
            ],
            [
                72.4,
                269.4
            ]
        ],
        "stack": 0,
        "shift": [
            [
                0.0,
                0.0
            ],
            [
                0.0,
                0.0
            ],
            [
                0.0,
                0.0
            ],
            [
                0.0,
                0.0
            ],
            [
                0.0,
                0.0
            ],
            [
                0.0,
                0.0
            ],
            [
                0.0,
                0.0
            ],
            [
                0.0,
                0.0
            ],
            [
                0.0,
                0.0
            ]
        ],
        "channel": 0
    },
    {
        "type": "Stim",
        "location": [
            101,
            275
        ],
        "radloc": [
            0,
            0
        ],
        "mean": [
            101.21951219512195,
            113.92073170731707,
            87.0060975609756,
            84.59756097560975,
            82.90243902439025,
            88.85975609756098,
            84.25,
            102.46341463414635
        ],
        "min": [
            17,
            16,
            13,
            6,
            6,
            15,
            11,
            11
        ],
        "max": [
            213,
            255,
            218,
            236,
            236,
            242,
            230,
            231
        ],
        "RawIntDen": [
            16600,
            18683,
            14269,
            13874,
            13596,
            14573,
            13817,
            16804
        ],
        "IntDen": [
            11820.75371875838,
            13304.044682383303,
            10160.863542949597,
            9879.58657193095,
            9681.624551821622,
            10377.33999659433,
            9838.997236872563,
            11966.020812651555
        ],
        "FlagUp": 0,
        "Times": [],
        "width": 0,
        "height": 0,
        "area": [
            0.7120935975155651,
            0.7120935975155651,
            0.7120935975155651,
            0.7120935975155651,
            0.7120935975155651,
            0.7120935975155651,
            0.7120935975155651,
            0.7120935975155651
        ],
        "distance": 0,
        "xpert": [
            [
                101.0,
                284.0
            ],
            [
                95.0,
                281.0
            ],
            [
                93.2,
                275.0
            ],
            [
                95.4,
                269.4
            ],
            [
                101.0,
                268.0
            ],
            [
                106.0,
                270.0
            ],
            [
                107.0,
                275.0
            ],
            [
                106.6,
                280.6
            ]
        ],
        "stack": 0,
        "shift": [
            [
                0.0,
                0.0
            ],
            [
                0.0,
                0.0
            ],
            [
                0.0,
                0.0
            ],
            [
                0.0,
                0.0
            ],
            [
                0.0,
                0.0
            ],
            [
                0.0,
                0.0
            ],
            [
                0.0,
                0.0
            ],
            [
                0.0,
                0.0
            ],
            [
                0.0,
                0.0
            ]
        ],
        "channel": 0
    },
    {
        "type": "Stim",
        "location": [
            138,
            238
        ],
        "radloc": [
            0,
            0
        ],
        "mean": [
            122.97894736842105,
            138.50526315789475,
            127.8,
            129.46315789473684,
            117.92631578947369,
            92.69473684210526,
            112.37894736842105,
            88.6
        ],
        "min": [
            18,
            39,
            33,
            25,
            18,
            14,
            19,
            15
        ],
        "max": [
            244,
            237,
            237,
            242,
            233,
            222,
            237,
            203
        ],
        "RawIntDen": [
            11683,
            13158,
            12141,
            12299,
            11203,
            8806,
            10676,
            8417
        ],
        "IntDen": [
            4819.158551698554,
            5427.5860843319,
            5008.0804567467385,
            5073.254389055938,
            4621.161795316178,
            3632.4154931316843,
            4403.777856538027,
            3471.9556218134667
        ],
        "FlagUp": 0,
        "Times": [],
        "width": 0,
        "height": 0,
        "area": [
            0.4124932424632846,
            0.4124932424632846,
            0.4124932424632846,
            0.4124932424632846,
            0.4124932424632846,
            0.4124932424632846,
            0.4124932424632846,
            0.4124932424632846
        ],
        "distance": 0,
        "xpert": [
            [
                138.0,
                243.8
            ],
            [
                132.2,
                243.8
            ],
            [
                131.6,
                238.0
            ],
            [
                133.6,
                233.6
            ],
            [
                138.0,
                232.8
            ],
            [
                141.0,
                235.0
            ],
            [
                142.0,
                238.0
            ],
            [
                142.2,
                242.2
            ]
        ],
        "stack": 0,
        "shift": [
            [
                0.0,
                0.0
            ],
            [
                0.0,
                0.0
            ],
            [
                0.0,
                0.0
            ],
            [
                0.0,
                0.0
            ],
            [
                0.0,
                0.0
            ],
            [
                0.0,
                0.0
            ],
            [
                0.0,
                0.0
            ],
            [
                0.0,
                0.0
            ],
            [
                0.0,
                0.0
            ]
        ],
        "channel": 0
    },
    {
        "type": "Stim",
        "location": [
            138,
            268
        ],
        "radloc": [
            0,
            0
        ],
        "mean": [
            85.45378151260505,
            86.92436974789916,
            88.75630252100841,
            86.8655462184874,
            84.91596638655462,
            82.80672268907563,
            75.8655462184874,
            73.47058823529412
        ],
        "min": [
            13,
            14,
            12,
            13,
            17,
            9,
            9,
            7
        ],
        "max": [
            197,
            206,
            209,
            229,
            218,
            185,
            156,
            160
        ],
        "RawIntDen": [
            10169,
            10344,
            10562,
            10337,
            10105,
            9854,
            9028,
            8743
        ],
        "IntDen": [
            5254.343264531451,
            5344.766125313534,
            5457.407174744929,
            5341.14921088225,
            5221.274332588289,
            5091.582115123701,
            4664.786212232269,
            4517.526124672876
        ],
        "FlagUp": 0,
        "Times": [],
        "width": 0,
        "height": 0,
        "area": [
            0.5167020616119039,
            0.5167020616119039,
            0.5167020616119039,
            0.5167020616119039,
            0.5167020616119039,
            0.5167020616119039,
            0.5167020616119039,
            0.5167020616119039
        ],
        "distance": 0,
        "xpert": [
            [
                138.0,
                275.0
            ],
            [
                132.2,
                273.8
            ],
            [
                132.8,
                268.0
            ],
            [
                133.2,
                263.2
            ],
            [
                138.0,
                261.2
            ],
            [
                142.6,
                263.4
            ],
            [
                143.8,
                268.0
            ],
            [
                142.4,
                272.4
            ]
        ],
        "stack": 0,
        "shift": [
            [
                0.0,
                0.0
            ],
            [
                0.0,
                0.0
            ],
            [
                0.0,
                0.0
            ],
            [
                0.0,
                0.0
            ],
            [
                0.0,
                0.0
            ],
            [
                0.0,
                0.0
            ],
            [
                0.0,
                0.0
            ],
            [
                0.0,
                0.0
            ],
            [
                0.0,
                0.0
            ]
        ],
        "channel": 0
    },
    {
        "type": "Stim",
        "location": [
            170,
            238
        ],
        "radloc": [
            0,
            0
        ],
        "mean": [
            99.52459016393442,
            94.28688524590164,
            105.18852459016394,
            124.13934426229508,
            102.56557377049181,
            98.80327868852459,
            106.29508196721312,
            127.28688524590164
        ],
        "min": [
            9,
            9,
            11,
            24,
            13,
            15,
            18,
            39
        ],
        "max": [
            253,
            241,
            240,
            237,
            218,
            204,
            222,
            245
        ],
        "RawIntDen": [
            12142,
            11503,
            12833,
            15145,
            12513,
            12054,
            12968,
            15529
        ],
        "IntDen": [
            6431.959367354554,
            6093.463070555052,
            6798.001528682342,
            8022.733043863015,
            6628.488516200588,
            6385.343288922072,
            6869.514830823082,
            8226.148658841119
        ],
        "FlagUp": 0,
        "Times": [],
        "width": 0,
        "height": 0,
        "area": [
            0.5297281640054813,
            0.5297281640054813,
            0.5297281640054813,
            0.5297281640054813,
            0.5297281640054813,
            0.5297281640054813,
            0.5297281640054813,
            0.5297281640054813
        ],
        "distance": 0,
        "xpert": [
            [
                170.0,
                243.8
            ],
            [
                164.4,
                243.6
            ],
            [
                163.4,
                238.0
            ],
            [
                165.2,
                233.2
            ],
            [
                170.0,
                232.6
            ],
            [
                174.0,
                234.0
            ],
            [
                176.6,
                238.0
            ],
            [
                175.8,
                243.8
            ]
        ],
        "stack": 0,
        "shift": [
            [
                0.0,
                0.0
            ],
            [
                0.0,
                0.0
            ],
            [
                0.0,
                0.0
            ],
            [
                0.0,
                0.0
            ],
            [
                0.0,
                0.0
            ],
            [
                0.0,
                0.0
            ],
            [
                0.0,
                0.0
            ],
            [
                0.0,
                0.0
            ],
            [
                0.0,
                0.0
            ]
        ],
        "channel": 0
    },
    {
        "type": "Stim",
        "location": [
            179,
            264
        ],
        "radloc": [
            0,
            0
        ],
        "mean": [
            168.876,
            171.196,
            179.636,
            169.396,
            158.98,
            149.272,
            140.724,
            152.488
        ],
        "min": [
            26,
            33,
            52,
            29,
            32,
            24,
            25,
            34
        ],
        "max": [
            255,
            255,
            255,
            255,
            255,
            255,
            255,
            255
        ],
        "RawIntDen": [
            42219,
            42799,
            44909,
            42349,
            39745,
            37318,
            35181,
            38122
        ],
        "IntDen": [
            45829.08474620372,
            46458.67969522663,
            48749.10269943066,
            45970.200855467476,
            43143.53663606118,
            40509.00742696015,
            38189.27569237057,
            41381.75628732984
        ],
        "FlagUp": 0,
        "Times": [],
        "width": 0,
        "height": 0,
        "area": [
            1.0855085327981175,
            1.0855085327981175,
            1.0855085327981175,
            1.0855085327981175,
            1.0855085327981175,
            1.0855085327981175,
            1.0855085327981175,
            1.0855085327981175
        ],
        "distance": 0,
        "xpert": [
            [
                179.0,
                275.2
            ],
            [
                172.4,
                270.6
            ],
            [
                169.0,
                264.0
            ],
            [
                172.2,
                257.2
            ],
            [
                179.0,
                255.2
            ],
            [
                184.6,
                258.4
            ],
            [
                188.0,
                264.0
            ],
            [
                185.6,
                270.6
            ]
        ],
        "stack": 0,
        "shift": [
            [
                0.0,
                0.0
            ],
            [
                0.0,
                0.0
            ],
            [
                0.0,
                0.0
            ],
            [
                0.0,
                0.0
            ],
            [
                0.0,
                0.0
            ],
            [
                0.0,
                0.0
            ],
            [
                0.0,
                0.0
            ],
            [
                0.0,
                0.0
            ],
            [
                0.0,
                0.0
            ]
        ],
        "channel": 0
    },
    {
        "type": "Stim",
        "location": [
            333,
            262
        ],
        "radloc": [
            0,
            0
        ],
        "mean": [
            122.3917525773196,
            98.38144329896907,
            93.74226804123711,
            87.62886597938144,
            91.14432989690722,
            66.04123711340206,
            75.76288659793815,
            77.08247422680412
        ],
        "min": [
            43,
            22,
            33,
            19,
            18,
            14,
            23,
            25
        ],
        "max": [
            244,
            216,
            189,
            164,
            168,
            142,
            146,
            155
        ],
        "RawIntDen": [
            11872,
            9543,
            9093,
            8500,
            8841,
            6406,
            7349,
            7477
        ],
        "IntDen": [
            5000.217032935149,
            4019.295076255065,
            3829.7652864285137,
            3580.0071411681915,
            3723.628604125645,
            2698.0618525086393,
            3095.2320565229456,
            3149.1427522958315
        ],
        "FlagUp": 0,
        "Times": [],
        "width": 0,
        "height": 0,
        "area": [
            0.4211773107256696,
            0.4211773107256696,
            0.4211773107256696,
            0.4211773107256696,
            0.4211773107256696,
            0.4211773107256696,
            0.4211773107256696,
            0.4211773107256696
        ],
        "distance": 0,
        "xpert": [
            [
                333.0,
                267.8
            ],
            [
                328.6,
                266.4
            ],
            [
                327.6,
                262.0
            ],
            [
                328.6,
                257.6
            ],
            [
                333.0,
                255.6
            ],
            [
                337.8,
                257.2
            ],
            [
                338.0,
                262.0
            ],
            [
                336.8,
                265.8
            ]
        ],
        "stack": 0,
        "shift": [
            [
                0.0,
                0.0
            ],
            [
                0.0,
                0.0
            ],
            [
                0.0,
                0.0
            ],
            [
                0.0,
                0.0
            ],
            [
                0.0,
                0.0
            ],
            [
                0.0,
                0.0
            ],
            [
                0.0,
                0.0
            ],
            [
                0.0,
                0.0
            ],
            [
                0.0,
                0.0
            ]
        ],
        "channel": 0
    },
    {
        "type": "Spine",
        "location": [
            215,
            230
        ],
        "radloc": [
            0,
            0
        ],
        "mean": [
            90.33566433566433,
            80.00699300699301,
            71.53146853146853,
            76.7972027972028,
            73.7062937062937,
            56.40559440559441,
            66.95104895104895,
            79.58741258741259
        ],
        "min": [
            15,
            19,
            9,
            9,
            17,
            8,
            15,
            13
        ],
        "max": [
            229,
            196,
            201,
            212,
            170,
            144,
            154,
            169
        ],
        "RawIntDen": [
            12918,
            11441,
            10229,
            10982,
            10540,
            8066,
            9574,
            11381
        ],
        "IntDen": [
            8020.926757664439,
            7103.841386781146,
            6351.297399299392,
            6818.843292512066,
            6544.400683215915,
            5008.2671642143805,
            5944.600772401249,
            7066.5867339355145
        ],
        "FlagUp": 0,
        "Times": [],
        "width": 0,
        "height": 0,
        "area": [
            0.6209108807605231,
            0.6209108807605231,
            0.6209108807605231,
            0.6209108807605231,
            0.6209108807605231,
            0.6209108807605231,
            0.6209108807605231,
            0.6209108807605231
        ],
        "distance": -2.6596921020055926,
        "xpert": [
            [
                215.0,
                238.6
            ],
            [
                211.0,
                234.0
            ],
            [
                210.0,
                230.0
            ],
            [
                210.6,
                225.6
            ],
            [
                215.0,
                223.0
            ],
            [
                220.0,
                225.0
            ],
            [
                222.8,
                230.0
            ],
            [
                221.6,
                236.6
            ]
        ],
        "stack": 0,
        "shift": [
            [
                0.0,
                0.0
            ],
            [
                0.0,
                0.0
            ],
            [
                0.0,
                0.0
            ],
            [
                0.0,
                0.0
            ],
            [
                0.0,
                0.0
            ],
            [
                0.0,
                0.0
            ],
            [
                0.0,
                0.0
            ],
            [
                0.0,
                0.0
            ],
            [
                0.0,
                0.0
            ]
        ],
        "channel": 0
    },
    {
        "type": "Spine",
        "location": [
            280,
            236
        ],
        "radloc": [
            0,
            0
        ],
        "mean": [
            83.68518518518519,
            121.6574074074074,
            114.31481481481481,
            108.25925925925925,
            96.94444444444444,
            109.63888888888889,
            113.92592592592592,
            104.25925925925925
        ],
        "min": [
            7,
            22,
            20,
            12,
            19,
            23,
            34,
            18
        ],
        "max": [
            237,
            236,
            243,
            228,
            210,
            218,
            221,
            207
        ],
        "RawIntDen": [
            9038,
            13139,
            12346,
            11692,
            10470,
            11841,
            12304,
            11260
        ],
        "IntDen": [
            4238.276883593495,
            6161.398536571689,
            5789.529365439841,
            5482.842810685454,
            4909.798514187198,
            5552.7148239246035,
            5769.833898620752,
            5280.260866260539
        ],
        "FlagUp": 0,
        "Times": [],
        "width": 0,
        "height": 0,
        "area": [
            0.46893968616878673,
            0.46893968616878673,
            0.46893968616878673,
            0.46893968616878673,
            0.46893968616878673,
            0.46893968616878673,
            0.46893968616878673,
            0.46893968616878673
        ],
        "distance": -2.7640688606866717,
        "xpert": [
            [
                280.0,
                241.2
            ],
            [
                274.8,
                241.2
            ],
            [
                273.8,
                236.0
            ],
            [
                275.8,
                231.8
            ],
            [
                280.0,
                231.0
            ],
            [
                284.4,
                231.6
            ],
            [
                286.0,
                236.0
            ],
            [
                285.2,
                241.2
            ]
        ],
        "stack": 0,
        "shift": [
            [
                0.0,
                0.0
            ],
            [
                0.0,
                0.0
            ],
            [
                0.0,
                0.0
            ],
            [
                0.0,
                0.0
            ],
            [
                0.0,
                0.0
            ],
            [
                0.0,
                0.0
            ],
            [
                0.0,
                0.0
            ],
            [
                0.0,
                0.0
            ],
            [
                0.0,
                0.0
            ]
        ],
        "channel": 0
    },
    {
        "type": "Spine",
        "location": [
            337,
            252
        ],
        "radloc": [
            0,
            0
        ],
        "mean": [
            110.79207920792079,
            132.35643564356437,
            115.88118811881188,
            115.84158415841584,
            68.22772277227723,
            73.42574257425743,
            56.851485148514854,
            68.83168316831683
        ],
        "min": [
            30,
            30,
            41,
            44,
            17,
            17,
            14,
            16
        ],
        "max": [
            225,
            252,
            246,
            238,
            157,
            158,
            131,
            178
        ],
        "RawIntDen": [
            11190,
            13368,
            11704,
            11700,
            6891,
            7416,
            5742,
            6952
        ],
        "IntDen": [
            4907.3235547324175,
            5862.475538843874,
            5132.735914619144,
            5130.9817328301415,
            3022.016677002778,
            3252.253036809259,
            2518.1279581120234,
            3048.7679492850552
        ],
        "FlagUp": 0,
        "Times": [],
        "width": 0,
        "height": 0,
        "area": [
            0.4385454472504395,
            0.4385454472504395,
            0.4385454472504395,
            0.4385454472504395,
            0.4385454472504395,
            0.4385454472504395,
            0.4385454472504395,
            0.4385454472504395
        ],
        "distance": 0.6522777213733427,
        "xpert": [
            [
                337.0,
                258.0
            ],
            [
                332.2,
                256.8
            ],
            [
                330.8,
                252.0
            ],
            [
                333.0,
                248.0
            ],
            [
                337.0,
                244.8
            ],
            [
                340.4,
                248.6
            ],
            [
                342.0,
                252.0
            ],
            [
                341.6,
                256.6
            ]
        ],
        "stack": 0,
        "shift": [
            [
                0.0,
                0.0
            ],
            [
                0.0,
                0.0
            ],
            [
                0.0,
                0.0
            ],
            [
                0.0,
                0.0
            ],
            [
                0.0,
                0.0
            ],
            [
                0.0,
                0.0
            ],
            [
                0.0,
                0.0
            ],
            [
                0.0,
                0.0
            ],
            [
                0.0,
                0.0
            ]
        ],
        "channel": 0
    },
    {
        "type": "Spine",
        "location": [
            343,
            239
        ],
        "radloc": [
            0,
            0
        ],
        "mean": [
            109.54954954954955,
            117.990990990991,
            128.86486486486487,
            103.53153153153153,
            84.52252252252252,
            86.67567567567568,
            90.06306306306307,
            97.05405405405405
        ],
        "min": [
            15,
            26,
            24,
            16,
            15,
            14,
            13,
            8
        ],
        "max": [
            255,
            247,
            219,
            217,
            177,
            191,
            219,
            229
        ],
        "RawIntDen": [
            12160,
            13097,
            14304,
            11492,
            9382,
            9621,
            9997,
            10773
        ],
        "IntDen": [
            5860.703988918348,
            6312.305932801283,
            6894.038639596057,
            5538.750842158689,
            4521.803028292101,
            4636.992851758506,
            4818.2119882579545,
            5192.2174401823495
        ],
        "FlagUp": 0,
        "Times": [],
        "width": 0,
        "height": 0,
        "area": [
            0.48196578856236416,
            0.48196578856236416,
            0.48196578856236416,
            0.48196578856236416,
            0.48196578856236416,
            0.48196578856236416,
            0.48196578856236416,
            0.48196578856236416
        ],
        "distance": 1.537511771808594,
        "xpert": [
            [
                343.0,
                245.2
            ],
            [
                337.0,
                245.0
            ],
            [
                335.6,
                239.0
            ],
            [
                339.0,
                235.0
            ],
            [
                343.0,
                232.0
            ],
            [
                346.4,
                235.6
            ],
            [
                348.2,
                239.0
            ],
            [
                346.6,
                242.6
            ]
        ],
        "stack": 0,
        "shift": [
            [
                0.0,
                0.0
            ],
            [
                0.0,
                0.0
            ],
            [
                0.0,
                0.0
            ],
            [
                0.0,
                0.0
            ],
            [
                0.0,
                0.0
            ],
            [
                0.0,
                0.0
            ],
            [
                0.0,
                0.0
            ],
            [
                0.0,
                0.0
            ],
            [
                0.0,
                0.0
            ]
        ],
        "channel": 0
    },
    {
        "type": "Spine",
        "location": [
            119,
            241
        ],
        "radloc": [
            0,
            0
        ],
        "mean": [
            73.02941176470588,
            87.52941176470588,
            127.02941176470588,
            112.36274509803921,
            145.97058823529412,
            124.58823529411765,
            107.98039215686275,
            128.6764705882353
        ],
        "min": [
            7,
            10,
            24,
            15,
            34,
            31,
            20,
            35
        ],
        "max": [
            255,
            253,
            249,
            249,
            255,
            252,
            195,
            247
        ],
        "RawIntDen": [
            7449,
            8928,
            12957,
            11461,
            14889,
            12708,
            11014,
            13125
        ],
        "IntDen": [
            3299.068848811776,
            3954.09943377521,
            5738.493096261805,
            5075.933424114884,
            6594.1517102911175,
            5628.214113397778,
            4877.962719937294,
            5812.898193133919
        ],
        "FlagUp": 0,
        "Times": [],
        "width": 0,
        "height": 0,
        "area": [
            0.4428874813816319,
            0.4428874813816319,
            0.4428874813816319,
            0.4428874813816319,
            0.4428874813816319,
            0.4428874813816319,
            0.4428874813816319,
            0.4428874813816319
        ],
        "distance": -1.0895263290619082,
        "xpert": [
            [
                119.0,
                247.4
            ],
            [
                113.2,
                246.8
            ],
            [
                112.0,
                241.0
            ],
            [
                114.6,
                236.6
            ],
            [
                119.0,
                236.2
            ],
            [
                122.2,
                237.8
            ],
            [
                124.2,
                241.0
            ],
            [
                123.0,
                245.0
            ]
        ],
        "stack": 0,
        "shift": [
            [
                0.0,
                0.0
            ],
            [
                0.0,
                0.0
            ],
            [
                0.0,
                0.0
            ],
            [
                0.0,
                0.0
            ],
            [
                0.0,
                0.0
            ],
            [
                0.0,
                0.0
            ],
            [
                0.0,
                0.0
            ],
            [
                0.0,
                0.0
            ],
            [
                0.0,
                0.0
            ]
        ],
        "channel": 0
    },
    {
        "type": "Spine",
        "location": [
            105,
            242
        ],
        "radloc": [
            0,
            0
        ],
        "mean": [
            34.068627450980394,
            41.490196078431374,
            49.77450980392157,
            46.990196078431374,
            55.35294117647059,
            53.27450980392157,
            68.47058823529412,
            64.52941176470588
        ],
        "min": [
            8,
            9,
            6,
            14,
            14,
            11,
            20,
            19
        ],
        "max": [
            104,
            127,
            128,
            116,
            143,
            121,
            126,
            120
        ],
        "RawIntDen": [
            3475,
            4232,
            5077,
            4793,
            5646,
            5434,
            6984,
            6582
        ],
        "IntDen": [
            1539.033997801171,
            1874.2998212070663,
            2248.5397429745453,
            2122.7596982621617,
            2500.5427198806938,
            2406.650573827788,
            3093.1261699693173,
            2915.085402453901
        ],
        "FlagUp": 0,
        "Times": [],
        "width": 0,
        "height": 0,
        "area": [
            0.4428874813816319,
            0.4428874813816319,
            0.4428874813816319,
            0.4428874813816319,
            0.4428874813816319,
            0.4428874813816319,
            0.4428874813816319,
            0.4428874813816319
        ],
        "distance": -0.26356,
        "xpert": [
            [
                105.0,
                247.2
            ],
            [
                100.6,
                246.4
            ],
            [
                100.0,
                242.0
            ],
            [
                101.8,
                238.8
            ],
            [
                105.0,
                236.6
            ],
            [
                109.4,
                237.6
            ],
            [
                112.8,
                242.0
            ],
            [
                110.0,
                247.0
            ]
        ],
        "stack": 0,
        "shift": [
            [
                0.0,
                0.0
            ],
            [
                0.0,
                0.0
            ],
            [
                0.0,
                0.0
            ],
            [
                0.0,
                0.0
            ],
            [
                0.0,
                0.0
            ],
            [
                0.0,
                0.0
            ],
            [
                0.0,
                0.0
            ],
            [
                0.0,
                0.0
            ],
            [
                0.0,
                0.0
            ]
        ],
        "channel": 0
    },
    {
        "type": "Spine",
        "location": [
            78,
            262
        ],
        "radloc": [
            0,
            0
        ],
        "mean": [
            93.46206896551725,
            99.9103448275862,
            95.39310344827587,
            110.42758620689655,
            98.44827586206897,
            102.36551724137931,
            104.57931034482759,
            101.73793103448276
        ],
        "min": [
            20,
            16,
            15,
            17,
            12,
            11,
            17,
            14
        ],
        "max": [
            208,
            246,
            206,
            242,
            224,
            241,
            249,
            212
        ],
        "RawIntDen": [
            13552,
            14487,
            13832,
            16012,
            14275,
            14843,
            15164,
            14752
        ],
        "IntDen": [
            8532.270749158452,
            9120.94202649487,
            8708.557334884865,
            10081.074323754805,
            8987.467897302015,
            9345.077828347026,
            9547.177806983378,
            9287.78468798594
        ],
        "FlagUp": 0,
        "Times": [],
        "width": 0,
        "height": 0,
        "area": [
            0.6295949490229081,
            0.6295949490229081,
            0.6295949490229081,
            0.6295949490229081,
            0.6295949490229081,
            0.6295949490229081,
            0.6295949490229081,
            0.6295949490229081
        ],
        "distance": -0.72479,
        "xpert": [
            [
                78.0,
                270.6
            ],
            [
                72.8,
                267.2
            ],
            [
                71.8,
                262.0
            ],
            [
                72.2,
                256.2
            ],
            [
                78.0,
                255.8
            ],
            [
                83.2,
                256.8
            ],
            [
                84.6,
                262.0
            ],
            [
                83.0,
                267.0
            ]
        ],
        "stack": 0,
        "shift": [
            [
                0.0,
                0.0
            ],
            [
                0.0,
                0.0
            ],
            [
                0.0,
                0.0
            ],
            [
                0.0,
                0.0
            ],
            [
                0.0,
                0.0
            ],
            [
                0.0,
                0.0
            ],
            [
                0.0,
                0.0
            ],
            [
                0.0,
                0.0
            ],
            [
                0.0,
                0.0
            ]
        ],
        "channel": 0
    },
    {
        "type": "Spine",
        "location": [
            51,
            244
        ],
        "radloc": [
            0,
            0
        ],
        "mean": [
            37.01538461538462,
            38.43076923076923,
            61.215384615384615,
            98.63076923076923,
            85.27692307692308,
            80.52307692307693,
            43.353846153846156,
            51.83076923076923
        ],
        "min": [
            7,
            7,
            13,
            18,
            19,
            24,
            11,
            9
        ],
        "max": [
            172,
            159,
            184,
            241,
            241,
            225,
            151,
            171
        ],
        "RawIntDen": [
            2406,
            2498,
            3979,
            6411,
            5543,
            5234,
            2818,
            3369
        ],
        "IntDen": [
            679.0507177771904,
            705.0160818817213,
            1123.0019975209646,
            1809.39075297987,
            1564.413187297991,
            1477.2034317729901,
            795.3303918105247,
            950.8403442191831
        ],
        "FlagUp": 0,
        "Times": [],
        "width": 0,
        "height": 0,
        "area": [
            0.28223221852751057,
            0.28223221852751057,
            0.28223221852751057,
            0.28223221852751057,
            0.28223221852751057,
            0.28223221852751057,
            0.28223221852751057,
            0.28223221852751057
        ],
        "distance": 1.05424,
        "xpert": [
            [
                51.0,
                248.2
            ],
            [
                47.6,
                247.4
            ],
            [
                45.8,
                244.0
            ],
            [
                47.8,
                240.8
            ],
            [
                51.0,
                239.2
            ],
            [
                54.4,
                240.6
            ],
            [
                56.2,
                244.0
            ],
            [
                54.6,
                247.6
            ]
        ],
        "stack": 0,
        "shift": [
            [
                0.0,
                0.0
            ],
            [
                0.0,
                0.0
            ],
            [
                0.0,
                0.0
            ],
            [
                0.0,
                0.0
            ],
            [
                0.0,
                0.0
            ],
            [
                0.0,
                0.0
            ],
            [
                0.0,
                0.0
            ],
            [
                0.0,
                0.0
            ],
            [
                0.0,
                0.0
            ]
        ],
        "channel": 0
    },
    {
        "type": "Spine",
        "location": [
            372,
            189
        ],
        "radloc": [
            0,
            0
        ],
        "mean": [
            86.2089552238806,
            68.27611940298507,
            68.58955223880596,
            65.80597014925372,
            68.63432835820896,
            61.83582089552239,
            56.46268656716418,
            61.94776119402985
        ],
        "min": [
            17,
            8,
            8,
            10,
            6,
            7,
            10,
            7
        ],
        "max": [
            199,
            160,
            155,
            172,
            204,
            149,
            161,
            149
        ],
        "RawIntDen": [
            11552,
            9149,
            9191,
            8818,
            9197,
            8286,
            7566,
            8301
        ],
        "IntDen": [
            6721.329889993745,
            5323.186215681508,
            5347.623183771859,
            5130.599633826597,
            5351.114179213338,
            4821.064704682148,
            4402.145251704698,
            4829.792193285844
        ],
        "FlagUp": 0,
        "Times": [],
        "width": 0,
        "height": 0,
        "area": [
            0.581832573579791,
            0.581832573579791,
            0.581832573579791,
            0.581832573579791,
            0.581832573579791,
            0.581832573579791,
            0.581832573579791,
            0.581832573579791
        ],
        "distance": 4.619157594052434,
        "xpert": [
            [
                372.0,
                198.2
            ],
            [
                366.0,
                195.0
            ],
            [
                365.8,
                189.0
            ],
            [
                366.8,
                183.8
            ],
            [
                372.0,
                182.4
            ],
            [
                375.4,
                185.6
            ],
            [
                376.8,
                189.0
            ],
            [
                376.8,
                193.8
            ]
        ],
        "stack": 0,
        "shift": [
            [
                0.0,
                0.0
            ],
            [
                0.0,
                0.0
            ],
            [
                0.0,
                0.0
            ],
            [
                0.0,
                0.0
            ],
            [
                0.0,
                0.0
            ],
            [
                0.0,
                0.0
            ],
            [
                0.0,
                0.0
            ],
            [
                0.0,
                0.0
            ],
            [
                0.0,
                0.0
            ]
        ],
        "channel": 0
    }
]