[
    {
        "type": "Stim",
        "location": [
            42,
            228
        ],
        "radloc": [
            0,
            0
        ],
        "mean": [
            51.0,
            154.7983193277311,
            110.92436974789916,
            145.52100840336135,
            110.52100840336135,
            119.32773109243698,
            82.5798319327731,
            60.21848739495798
        ],
        "min": [
            8,
            38,
            24,
            46,
            18,
            14,
            8,
            9
        ],
        "max": [
            139,
            255,
            209,
            247,
            222,
            238,
            236,
            219
        ],
        "RawIntDen": [
            6069,
            18421,
            13200,
            17317,
            13152,
            14200,
            9827,
            7166
        ],
        "IntDen": [
            3135.864811922634,
            9518.16867695285,
            6820.467213277108,
            8947.72960093331,
            6795.665514319738,
            7337.169274889011,
            5077.631159460163,
            3702.6869735108908
        ],
        "FlagUp": 0,
        "Times": [],
        "width": 0,
        "height": 0,
        "area": [
            0.5167020616119021,
            0.5167020616119021,
            0.5167020616119021,
            0.5167020616119021,
            0.5167020616119021,
            0.5167020616119021,
            0.5167020616119021,
            0.5167020616119021
        ],
        "distance": 0,
        "xpert": [
            [
                42.0,
                234.6
            ],
            [
                35.0,
                235.0
            ],
            [
                36.8,
                228.0
            ],
            [
                38.8,
                224.8
            ],
            [
                42.0,
                223.0
            ],
            [
                46.0,
                224.0
            ],
            [
                48.4,
                228.0
            ],
            [
                48.8,
                234.8
            ]
        ],
        "stack": 0,
        "shift": [
            [
                0.0,
                0.0
            ],
            [
                0.0,
                0.0
            ],
            [
                0.0,
                0.0
            ],
            [
                0.0,
                0.0
            ],
            [
                0.0,
                0.0
            ],
            [
                0.0,
                0.0
            ],
            [
                0.0,
                0.0
            ],
            [
                0.0,
                0.0
            ],
            [
                0.0,
                0.0
            ]
        ],
        "channel": 0
    },
    {
        "type": "Stim",
        "location": [
            51,
            253
        ],
        "radloc": [
            0,
            0
        ],
        "mean": [
            129.05803571428572,
            144.41964285714286,
            131.375,
            141.51785714285714,
            98.22321428571429,
            136.20982142857142,
            141.79464285714286,
            131.82589285714286
        ],
        "min": [
            15,
            17,
            13,
            15,
            8,
            10,
            11,
            11
        ],
        "max": [
            254,
            255,
            255,
            255,
            255,
            255,
            255,
            255
        ],
        "RawIntDen": [
            28909,
            32350,
            29428,
            31700,
            22002,
            30511,
            31762,
            29529
        ],
        "IntDen": [
            28117.34569249596,
            31464.116128273006,
            28622.13321245187,
            30831.915958771384,
            21399.489429807192,
            29675.475956406113,
            30892.218128785385,
            28720.36739263597
        ],
        "FlagUp": 0,
        "Times": [],
        "width": 0,
        "height": 0,
        "area": [
            0.97261564538711,
            0.97261564538711,
            0.97261564538711,
            0.97261564538711,
            0.97261564538711,
            0.97261564538711,
            0.97261564538711,
            0.97261564538711
        ],
        "distance": 0,
        "xpert": [
            [
                51.0,
                262.0
            ],
            [
                44.4,
                259.6
            ],
            [
                40.8,
                253.0
            ],
            [
                44.8,
                246.8
            ],
            [
                51.0,
                246.2
            ],
            [
                57.4,
                246.6
            ],
            [
                60.2,
                253.0
            ],
            [
                57.4,
                259.4
            ]
        ],
        "stack": 0,
        "shift": [
            [
                0.0,
                0.0
            ],
            [
                0.0,
                0.0
            ],
            [
                0.0,
                0.0
            ],
            [
                0.0,
                0.0
            ],
            [
                0.0,
                0.0
            ],
            [
                0.0,
                0.0
            ],
            [
                0.0,
                0.0
            ],
            [
                0.0,
                0.0
            ],
            [
                0.0,
                0.0
            ]
        ],
        "channel": 0
    },
    {
        "type": "Stim",
        "location": [
            93,
            271
        ],
        "radloc": [
            0,
            0
        ],
        "mean": [
            136.23417721518987,
            107.53164556962025,
            95.62025316455696,
            99.84810126582279,
            125.40506329113924,
            141.36075949367088,
            80.67721518987342,
            69.10759493670886
        ],
        "min": [
            17,
            21,
            15,
            9,
            21,
            34,
            8,
            6
        ],
        "max": [
            255,
            251,
            253,
            255,
            255,
            255,
            198,
            189
        ],
        "RawIntDen": [
            21525,
            16990,
            15108,
            15776,
            19814,
            22335,
            12747,
            10919
        ],
        "IntDen": [
            14767.04097847898,
            11655.84326245565,
            10364.713361340786,
            10822.989011683363,
            13593.224155520675,
            15322.734506588991,
            8744.969633109016,
            7490.885967201486
        ],
        "FlagUp": 0,
        "Times": [],
        "width": 0,
        "height": 0,
        "area": [
            0.6860413927284079,
            0.6860413927284079,
            0.6860413927284079,
            0.6860413927284079,
            0.6860413927284079,
            0.6860413927284079,
            0.6860413927284079,
            0.6860413927284079
        ],
        "distance": 0,
        "xpert": [
            [
                93.0,
                277.4
            ],
            [
                87.0,
                277.0
            ],
            [
                86.0,
                271.0
            ],
            [
                84.0,
                262.0
            ],
            [
                93.0,
                265.4
            ],
            [
                98.0,
                266.0
            ],
            [
                101.0,
                271.0
            ],
            [
                98.6,
                276.6
            ]
        ],
        "stack": 0,
        "shift": [
            [
                0.0,
                0.0
            ],
            [
                0.0,
                0.0
            ],
            [
                0.0,
                0.0
            ],
            [
                0.0,
                0.0
            ],
            [
                0.0,
                0.0
            ],
            [
                0.0,
                0.0
            ],
            [
                0.0,
                0.0
            ],
            [
                0.0,
                0.0
            ],
            [
                0.0,
                0.0
            ]
        ],
        "channel": 0
    },
    {
        "type": "Stim",
        "location": [
            102,
            227
        ],
        "radloc": [
            0,
            0
        ],
        "mean": [
            135.03097345132744,
            149.26548672566372,
            161.50442477876106,
            161.23451327433628,
            156.97345132743362,
            143.33185840707964,
            129.16814159292036,
            111.32743362831859
        ],
        "min": [
            18,
            33,
            41,
            25,
            15,
            41,
            21,
            13
        ],
        "max": [
            255,
            255,
            255,
            255,
            255,
            255,
            255,
            233
        ],
        "RawIntDen": [
            30517,
            33734,
            36500,
            36439,
            35476,
            32393,
            29192,
            25160
        ],
        "IntDen": [
            29946.323361441635,
            33103.16454025206,
            35817.43954820656,
            35757.58026567395,
            34812.58864142948,
            31787.241624248087,
            28646.101240856053,
            24689.500795421292
        ],
        "FlagUp": 0,
        "Times": [],
        "width": 0,
        "height": 0,
        "area": [
            0.9812997136494949,
            0.9812997136494949,
            0.9812997136494949,
            0.9812997136494949,
            0.9812997136494949,
            0.9812997136494949,
            0.9812997136494949,
            0.9812997136494949
        ],
        "distance": 0,
        "xpert": [
            [
                102.0,
                236.2
            ],
            [
                96.6,
                232.4
            ],
            [
                93.0,
                227.0
            ],
            [
                90.4,
                215.4
            ],
            [
                102.0,
                220.6
            ],
            [
                106.6,
                222.4
            ],
            [
                108.6,
                227.0
            ],
            [
                109.8,
                234.8
            ]
        ],
        "stack": 0,
        "shift": [
            [
                0.0,
                0.0
            ],
            [
                0.0,
                0.0
            ],
            [
                0.0,
                0.0
            ],
            [
                0.0,
                0.0
            ],
            [
                0.0,
                0.0
            ],
            [
                0.0,
                0.0
            ],
            [
                0.0,
                0.0
            ],
            [
                0.0,
                0.0
            ],
            [
                0.0,
                0.0
            ]
        ],
        "channel": 0
    },
    {
        "type": "Stim",
        "location": [
            163,
            254
        ],
        "radloc": [
            0,
            0
        ],
        "mean": [
            134.43046357615893,
            125.49668874172185,
            127.13245033112582,
            136.80132450331126,
            121.83443708609272,
            98.6092715231788,
            88.24503311258277,
            91.64238410596026
        ],
        "min": [
            25,
            17,
            22,
            23,
            30,
            11,
            10,
            11
        ],
        "max": [
            255,
            246,
            255,
            255,
            242,
            207,
            239,
            248
        ],
        "RawIntDen": [
            20299,
            18950,
            19197,
            20657,
            18397,
            14890,
            13325,
            13838
        ],
        "IntDen": [
            13308.981575190423,
            12424.51356470065,
            12586.458411691736,
            13543.703256254425,
            12061.940688643686,
            9762.586120231805,
            8736.49832451906,
            9072.845314423621
        ],
        "FlagUp": 0,
        "Times": [],
        "width": 0,
        "height": 0,
        "area": [
            0.6556471538100608,
            0.6556471538100608,
            0.6556471538100608,
            0.6556471538100608,
            0.6556471538100608,
            0.6556471538100608,
            0.6556471538100608,
            0.6556471538100608
        ],
        "distance": 0,
        "xpert": [
            [
                163.0,
                260.8
            ],
            [
                158.0,
                259.0
            ],
            [
                157.0,
                254.0
            ],
            [
                158.0,
                249.0
            ],
            [
                163.0,
                247.2
            ],
            [
                168.6,
                248.4
            ],
            [
                171.0,
                254.0
            ],
            [
                169.6,
                260.6
            ]
        ],
        "stack": 0,
        "shift": [
            [
                0.0,
                0.0
            ],
            [
                0.0,
                0.0
            ],
            [
                0.0,
                0.0
            ],
            [
                0.0,
                0.0
            ],
            [
                0.0,
                0.0
            ],
            [
                0.0,
                0.0
            ],
            [
                0.0,
                0.0
            ],
            [
                0.0,
                0.0
            ],
            [
                0.0,
                0.0
            ]
        ],
        "channel": 0
    },
    {
        "type": "Stim",
        "location": [
            175,
            221
        ],
        "radloc": [
            0,
            0
        ],
        "mean": [
            106.55440414507773,
            138.98445595854923,
            113.80829015544042,
            153.5699481865285,
            105.5958549222798,
            140.25906735751295,
            123.96891191709845,
            111.93264248704664
        ],
        "min": [
            20,
            37,
            19,
            31,
            20,
            32,
            25,
            17
        ],
        "max": [
            242,
            253,
            228,
            255,
            223,
            252,
            252,
            242
        ],
        "RawIntDen": [
            20565,
            26824,
            21965,
            29639,
            20380,
            27070,
            23926,
            21603
        ],
        "IntDen": [
            17233.72885823876,
            22478.849642275538,
            18406.94648048696,
            24837.855075581745,
            17078.696529584533,
            22685.000738756295,
            20050.289164221762,
            18103.585923877068
        ],
        "FlagUp": 0,
        "Times": [],
        "width": 0,
        "height": 0,
        "area": [
            0.8380125873201438,
            0.8380125873201438,
            0.8380125873201438,
            0.8380125873201438,
            0.8380125873201438,
            0.8380125873201438,
            0.8380125873201438,
            0.8380125873201438
        ],
        "distance": 0,
        "xpert": [
            [
                175.0,
                230.2
            ],
            [
                169.6,
                226.4
            ],
            [
                170.2,
                221.0
            ],
            [
                171.0,
                217.0
            ],
            [
                175.0,
                209.0
            ],
            [
                181.6,
                214.4
            ],
            [
                182.8,
                221.0
            ],
            [
                181.4,
                227.4
            ]
        ],
        "stack": 0,
        "shift": [
            [
                0.0,
                0.0
            ],
            [
                0.0,
                0.0
            ],
            [
                0.0,
                0.0
            ],
            [
                0.0,
                0.0
            ],
            [
                0.0,
                0.0
            ],
            [
                0.0,
                0.0
            ],
            [
                0.0,
                0.0
            ],
            [
                0.0,
                0.0
            ],
            [
                0.0,
                0.0
            ]
        ],
        "channel": 0
    },
    {
        "type": "Stim",
        "location": [
            220,
            220
        ],
        "radloc": [
            0,
            0
        ],
        "mean": [
            45.75,
            39.88,
            38.83,
            42.09,
            50.41,
            39.66,
            40.57,
            43.92
        ],
        "min": [
            10,
            9,
            10,
            13,
            12,
            7,
            9,
            10
        ],
        "max": [
            120,
            122,
            87,
            95,
            100,
            96,
            92,
            100
        ],
        "RawIntDen": [
            4575,
            3988,
            3883,
            4209,
            5041,
            3966,
            4057,
            4392
        ],
        "IntDen": [
            1986.4806150205482,
            1731.6032115195512,
            1686.0118531420303,
            1827.5621658189043,
            2188.819405534117,
            1722.0507364309278,
            1761.563247024779,
            1907.0213904197262
        ],
        "FlagUp": 0,
        "Times": [],
        "width": 0,
        "height": 0,
        "area": [
            0.43420341311924554,
            0.43420341311924554,
            0.43420341311924554,
            0.43420341311924554,
            0.43420341311924554,
            0.43420341311924554,
            0.43420341311924554,
            0.43420341311924554
        ],
        "distance": 0,
        "xpert": [
            [
                220.0,
                227.2
            ],
            [
                215.4,
                224.6
            ],
            [
                214.4,
                220.0
            ],
            [
                216.4,
                216.4
            ],
            [
                220.0,
                214.8
            ],
            [
                223.4,
                216.6
            ],
            [
                224.8,
                220.0
            ],
            [
                226.0,
                226.0
            ]
        ],
        "stack": 0,
        "shift": [
            [
                0.0,
                0.0
            ],
            [
                0.0,
                0.0
            ],
            [
                0.0,
                0.0
            ],
            [
                0.0,
                0.0
            ],
            [
                0.0,
                0.0
            ],
            [
                0.0,
                0.0
            ],
            [
                0.0,
                0.0
            ],
            [
                0.0,
                0.0
            ],
            [
                0.0,
                0.0
            ]
        ],
        "channel": 0
    },
    {
        "type": "Stim",
        "location": [
            222,
            260
        ],
        "radloc": [
            0,
            0
        ],
        "mean": [
            87.96875,
            65.8125,
            72.48958333333333,
            70.5625,
            79.34375,
            40.645833333333336,
            47.510416666666664,
            53.697916666666664
        ],
        "min": [
            18,
            12,
            12,
            12,
            12,
            9,
            9,
            10
        ],
        "max": [
            214,
            192,
            200,
            191,
            210,
            131,
            134,
            158
        ],
        "RawIntDen": [
            8445,
            6318,
            6959,
            6774,
            7617,
            3902,
            4561,
            5155
        ],
        "IntDen": [
            3520.173910840347,
            2633.5652775238973,
            2900.7566898209566,
            2823.6421636509785,
            3175.0343018201215,
            1626.4912492716442,
            1901.1856965474037,
            2148.7858508445224
        ],
        "FlagUp": 0,
        "Times": [],
        "width": 0,
        "height": 0,
        "area": [
            0.4168352765944757,
            0.4168352765944757,
            0.4168352765944757,
            0.4168352765944757,
            0.4168352765944757,
            0.4168352765944757,
            0.4168352765944757,
            0.4168352765944757
        ],
        "distance": 0,
        "xpert": [
            [
                222.0,
                265.0
            ],
            [
                217.6,
                264.4
            ],
            [
                216.0,
                260.0
            ],
            [
                216.8,
                254.8
            ],
            [
                222.0,
                254.6
            ],
            [
                226.4,
                255.6
            ],
            [
                227.4,
                260.0
            ],
            [
                225.8,
                263.8
            ]
        ],
        "stack": 0,
        "shift": [
            [
                0.0,
                0.0
            ],
            [
                0.0,
                0.0
            ],
            [
                0.0,
                0.0
            ],
            [
                0.0,
                0.0
            ],
            [
                0.0,
                0.0
            ],
            [
                0.0,
                0.0
            ],
            [
                0.0,
                0.0
            ],
            [
                0.0,
                0.0
            ],
            [
                0.0,
                0.0
            ]
        ],
        "channel": 0
    },
    {
        "type": "Stim",
        "location": [
            301,
            258
        ],
        "radloc": [
            0,
            0
        ],
        "mean": [
            118.55357142857143,
            106.48214285714286,
            110.3452380952381,
            103.23809523809524,
            94.73809523809524,
            123.73809523809524,
            199.9345238095238,
            112.125
        ],
        "min": [
            11,
            13,
            16,
            12,
            12,
            19,
            61,
            14
        ],
        "max": [
            255,
            255,
            255,
            255,
            246,
            255,
            255,
            255
        ],
        "RawIntDen": [
            19917,
            17889,
            18538,
            17344,
            15916,
            20788,
            33589,
            18837
        ],
        "IntDen": [
            14528.689356881301,
            13049.340960247508,
            13522.761625639683,
            12651.784315195526,
            11610.112958985932,
            15164.05052723043,
            24501.890184680728,
            13740.870684117743
        ],
        "FlagUp": 0,
        "Times": [],
        "width": 0,
        "height": 0,
        "area": [
            0.7294617340403324,
            0.7294617340403324,
            0.7294617340403324,
            0.7294617340403324,
            0.7294617340403324,
            0.7294617340403324,
            0.7294617340403324,
            0.7294617340403324
        ],
        "distance": 0,
        "xpert": [
            [
                301.0,
                267.6
            ],
            [
                294.4,
                264.6
            ],
            [
                293.4,
                258.0
            ],
            [
                296.4,
                253.4
            ],
            [
                301.0,
                251.8
            ],
            [
                307.2,
                251.8
            ],
            [
                307.4,
                258.0
            ],
            [
                306.0,
                263.0
            ]
        ],
        "stack": 0,
        "shift": [
            [
                0.0,
                0.0
            ],
            [
                0.0,
                0.0
            ],
            [
                0.0,
                0.0
            ],
            [
                0.0,
                0.0
            ],
            [
                0.0,
                0.0
            ],
            [
                0.0,
                0.0
            ],
            [
                0.0,
                0.0
            ],
            [
                0.0,
                0.0
            ],
            [
                0.0,
                0.0
            ]
        ],
        "channel": 0
    },
    {
        "type": "Stim",
        "location": [
            320,
            214
        ],
        "radloc": [
            0,
            0
        ],
        "mean": [
            103.98630136986301,
            126.79908675799086,
            141.12328767123287,
            123.04109589041096,
            129.47488584474885,
            119.32876712328768,
            136.80365296803652,
            131.97716894977168
        ],
        "min": [
            13,
            20,
            21,
            13,
            10,
            16,
            25,
            26
        ],
        "max": [
            249,
            255,
            255,
            255,
            255,
            255,
            255,
            255
        ],
        "RawIntDen": [
            22773,
            27769,
            30906,
            26946,
            28355,
            26133,
            29960,
            28903
        ],
        "IntDen": [
            21654.970376052424,
            26405.694127809238,
            29388.68460204085,
            25623.098922105506,
            26962.924736001693,
            24850.012771149082,
            28489.128022945184,
            27484.02093615436
        ],
        "FlagUp": 0,
        "Times": [],
        "width": 0,
        "height": 0,
        "area": [
            0.9509054747311477,
            0.9509054747311477,
            0.9509054747311477,
            0.9509054747311477,
            0.9509054747311477,
            0.9509054747311477,
            0.9509054747311477,
            0.9509054747311477
        ],
        "distance": 0,
        "xpert": [
            [
                320.0,
                225.6
            ],
            [
                313.0,
                221.0
            ],
            [
                311.8,
                214.0
            ],
            [
                314.4,
                208.4
            ],
            [
                320.0,
                207.2
            ],
            [
                326.4,
                207.6
            ],
            [
                328.0,
                214.0
            ],
            [
                326.4,
                220.4
            ]
        ],
        "stack": 0,
        "shift": [
            [
                0.0,
                0.0
            ],
            [
                0.0,
                0.0
            ],
            [
                0.0,
                0.0
            ],
            [
                0.0,
                0.0
            ],
            [
                0.0,
                0.0
            ],
            [
                0.0,
                0.0
            ],
            [
                0.0,
                0.0
            ],
            [
                0.0,
                0.0
            ],
            [
                0.0,
                0.0
            ]
        ],
        "channel": 0
    },
    {
        "type": "Stim",
        "location": [
            365,
            244
        ],
        "radloc": [
            0,
            0
        ],
        "mean": [
            174.1125,
            127.2875,
            65.575,
            64.225,
            73.775,
            60.95,
            59.7125,
            66.6
        ],
        "min": [
            56,
            23,
            10,
            10,
            10,
            9,
            15,
            11
        ],
        "max": [
            255,
            255,
            244,
            228,
            213,
            218,
            161,
            155
        ],
        "RawIntDen": [
            13929,
            10183,
            5246,
            5138,
            5902,
            4876,
            4777,
            5328
        ],
        "IntDen": [
            4838.415473070377,
            3537.194684634622,
            1822.2648841788496,
            1784.7497092853469,
            2050.13483538383,
            1693.7406738955528,
            1659.3517635765086,
            1850.7486280794722
        ],
        "FlagUp": 0,
        "Times": [],
        "width": 0,
        "height": 0,
        "area": [
            0.3473627304953964,
            0.3473627304953964,
            0.3473627304953964,
            0.3473627304953964,
            0.3473627304953964,
            0.3473627304953964,
            0.3473627304953964,
            0.3473627304953964
        ],
        "distance": 0,
        "xpert": [
            [
                365.0,
                248.2
            ],
            [
                360.8,
                248.2
            ],
            [
                359.8,
                244.0
            ],
            [
                361.6,
                240.6
            ],
            [
                365.0,
                239.0
            ],
            [
                368.6,
                240.4
            ],
            [
                371.0,
                244.0
            ],
            [
                369.2,
                248.2
            ]
        ],
        "stack": 0,
        "shift": [
            [
                0.0,
                0.0
            ],
            [
                0.0,
                0.0
            ],
            [
                0.0,
                0.0
            ],
            [
                0.0,
                0.0
            ],
            [
                0.0,
                0.0
            ],
            [
                0.0,
                0.0
            ],
            [
                0.0,
                0.0
            ],
            [
                0.0,
                0.0
            ],
            [
                0.0,
                0.0
            ]
        ],
        "channel": 0
    },
    {
        "type": "Stim",
        "location": [
            386,
            243
        ],
        "radloc": [
            0,
            0
        ],
        "mean": [
            94.42857142857143,
            127.83035714285714,
            103.94642857142857,
            107.97321428571429,
            107.26785714285714,
            110.08928571428571,
            110.32142857142857,
            108.5625
        ],
        "min": [
            25,
            35,
            17,
            14,
            24,
            15,
            15,
            15
        ],
        "max": [
            193,
            250,
            195,
            226,
            223,
            255,
            247,
            246
        ],
        "RawIntDen": [
            10576,
            14317,
            11642,
            12093,
            12014,
            12330,
            12356,
            12159
        ],
        "IntDen": [
            5143.191532807037,
            6962.4690975036265,
            5661.595671798367,
            5880.920499833161,
            5842.502181840369,
            5996.175453811533,
            6008.8194572015655,
            5913.016816130935
        ],
        "FlagUp": 0,
        "Times": [],
        "width": 0,
        "height": 0,
        "area": [
            0.486307822693555,
            0.486307822693555,
            0.486307822693555,
            0.486307822693555,
            0.486307822693555,
            0.486307822693555,
            0.486307822693555,
            0.486307822693555
        ],
        "distance": 0,
        "xpert": [
            [
                386.0,
                248.8
            ],
            [
                382.8,
                246.2
            ],
            [
                381.0,
                243.0
            ],
            [
                382.4,
                239.4
            ],
            [
                386.0,
                236.2
            ],
            [
                391.2,
                237.8
            ],
            [
                393.0,
                243.0
            ],
            [
                392.2,
                249.2
            ]
        ],
        "stack": 0,
        "shift": [
            [
                0.0,
                0.0
            ],
            [
                0.0,
                0.0
            ],
            [
                0.0,
                0.0
            ],
            [
                0.0,
                0.0
            ],
            [
                0.0,
                0.0
            ],
            [
                0.0,
                0.0
            ],
            [
                0.0,
                0.0
            ],
            [
                0.0,
                0.0
            ],
            [
                0.0,
                0.0
            ]
        ],
        "channel": 0
    },
    {
        "type": "Stim",
        "location": [
            405,
            251
        ],
        "radloc": [
            0,
            0
        ],
        "mean": [
            148.68493150684932,
            96.13013698630137,
            126.27397260273973,
            153.71917808219177,
            152.36301369863014,
            130.96575342465752,
            121.58219178082192,
            110.82191780821918
        ],
        "min": [
            28,
            15,
            25,
            25,
            31,
            16,
            11,
            14
        ],
        "max": [
            255,
            216,
            243,
            255,
            255,
            255,
            255,
            247
        ],
        "RawIntDen": [
            21708,
            14035,
            18436,
            22443,
            22245,
            19121,
            17751,
            16180
        ],
        "IntDen": [
            13761.50403030917,
            8897.305558567772,
            11687.262221428959,
            14227.447712927431,
            14101.92819026292,
            12121.509054889517,
            11253.015387968402,
            10257.100387433313
        ],
        "FlagUp": 0,
        "Times": [],
        "width": 0,
        "height": 0,
        "area": [
            0.6339369831540984,
            0.6339369831540984,
            0.6339369831540984,
            0.6339369831540984,
            0.6339369831540984,
            0.6339369831540984,
            0.6339369831540984,
            0.6339369831540984
        ],
        "distance": 0,
        "xpert": [
            [
                405.0,
                256.2
            ],
            [
                401.4,
                254.6
            ],
            [
                398.4,
                251.0
            ],
            [
                397.4,
                243.4
            ],
            [
                405.0,
                243.2
            ],
            [
                410.0,
                246.0
            ],
            [
                412.2,
                251.0
            ],
            [
                410.6,
                256.6
            ]
        ],
        "stack": 0,
        "shift": [
            [
                0.0,
                0.0
            ],
            [
                0.0,
                0.0
            ],
            [
                0.0,
                0.0
            ],
            [
                0.0,
                0.0
            ],
            [
                0.0,
                0.0
            ],
            [
                0.0,
                0.0
            ],
            [
                0.0,
                0.0
            ],
            [
                0.0,
                0.0
            ],
            [
                0.0,
                0.0
            ]
        ],
        "channel": 0
    },
    {
        "type": "Stim",
        "location": [
            472,
            216
        ],
        "radloc": [
            0,
            0
        ],
        "mean": [
            52.51176470588236,
            134.22941176470587,
            62.51764705882353,
            80.09411764705882,
            65.32352941176471,
            56.311764705882354,
            56.911764705882355,
            47.05882352941177
        ],
        "min": [
            5,
            39,
            9,
            14,
            7,
            6,
            5,
            5
        ],
        "max": [
            175,
            254,
            168,
            172,
            168,
            139,
            149,
            124
        ],
        "RawIntDen": [
            8927,
            22819,
            10628,
            13616,
            11105,
            9573,
            9675,
            8000
        ],
        "IntDen": [
            6589.427577156358,
            16843.74906274571,
            7845.0135868732805,
            10050.5932441538,
            8197.109134571676,
            7066.2697654439135,
            7141.560637278791,
            5905.166418421739
        ],
        "FlagUp": 0,
        "Times": [],
        "width": 0,
        "height": 0,
        "area": [
            0.7381458023027174,
            0.7381458023027174,
            0.7381458023027174,
            0.7381458023027174,
            0.7381458023027174,
            0.7381458023027174,
            0.7381458023027174,
            0.7381458023027174
        ],
        "distance": 0,
        "xpert": [
            [
                472.0,
                229.4
            ],
            [
                466.6,
                221.4
            ],
            [
                464.4,
                216.0
            ],
            [
                467.8,
                211.8
            ],
            [
                472.0,
                210.6
            ],
            [
                475.8,
                212.2
            ],
            [
                478.0,
                216.0
            ],
            [
                478.6,
                222.6
            ]
        ],
        "stack": 0,
        "shift": [
            [
                0.0,
                0.0
            ],
            [
                0.0,
                0.0
            ],
            [
                0.0,
                0.0
            ],
            [
                0.0,
                0.0
            ],
            [
                0.0,
                0.0
            ],
            [
                0.0,
                0.0
            ],
            [
                0.0,
                0.0
            ],
            [
                0.0,
                0.0
            ],
            [
                0.0,
                0.0
            ]
        ],
        "channel": 0
    },
    {
        "type": "Spine",
        "location": [
            359,
            264
        ],
        "radloc": [
            0,
            0
        ],
        "mean": [
            34.46666666666667,
            28.68888888888889,
            39.455555555555556,
            49.833333333333336,
            51.077777777777776,
            97.67777777777778,
            69.73333333333333,
            36.55555555555556
        ],
        "min": [
            9,
            9,
            8,
            9,
            11,
            25,
            17,
            10
        ],
        "max": [
            163,
            120,
            157,
            225,
            239,
            235,
            226,
            188
        ],
        "RawIntDen": [
            3102,
            2582,
            3551,
            4485,
            4597,
            8791,
            6276,
            3290
        ],
        "IntDen": [
            1212.2090887463096,
            1009.0018914065028,
            1387.6706879877968,
            1752.6620770558345,
            1796.4297810982546,
            3435.3739842581585,
            2452.5545586627463,
            1285.676306246086
        ],
        "FlagUp": 0,
        "Times": [],
        "width": 0,
        "height": 0,
        "area": [
            0.39078307180732097,
            0.39078307180732097,
            0.39078307180732097,
            0.39078307180732097,
            0.39078307180732097,
            0.39078307180732097,
            0.39078307180732097,
            0.39078307180732097
        ],
        "distance": -0.39534,
        "xpert": [
            [
                359.0,
                269.2
            ],
            [
                355.6,
                267.4
            ],
            [
                354.4,
                264.0
            ],
            [
                355.0,
                260.0
            ],
            [
                359.0,
                257.0
            ],
            [
                365.0,
                258.0
            ],
            [
                363.6,
                264.0
            ],
            [
                362.2,
                267.2
            ]
        ],
        "stack": 0,
        "shift": [
            [
                0.0,
                0.0
            ],
            [
                0.0,
                0.0
            ],
            [
                0.0,
                0.0
            ],
            [
                0.0,
                0.0
            ],
            [
                0.0,
                0.0
            ],
            [
                0.0,
                0.0
            ],
            [
                0.0,
                0.0
            ],
            [
                0.0,
                0.0
            ],
            [
                0.0,
                0.0
            ]
        ],
        "channel": 0
    },
    {
        "type": "Spine",
        "location": [
            295,
            219
        ],
        "radloc": [
            0,
            0
        ],
        "mean": [
            83.27142857142857,
            68.73571428571428,
            60.66428571428571,
            64.60714285714286,
            63.292857142857144,
            55.792857142857144,
            50.614285714285714,
            62.58571428571429
        ],
        "min": [
            11,
            7,
            15,
            11,
            9,
            8,
            10,
            11
        ],
        "max": [
            196,
            191,
            131,
            166,
            156,
            131,
            139,
            141
        ],
        "RawIntDen": [
            11658,
            9623,
            8493,
            9045,
            8861,
            7811,
            7086,
            8762
        ],
        "IntDen": [
            7086.72074620183,
            5849.6752222251,
            5162.765422670453,
            5498.317820329006,
            5386.467021109488,
            4748.188003824197,
            4307.471539508163,
            5326.286428051161
        ],
        "FlagUp": 0,
        "Times": [],
        "width": 0,
        "height": 0,
        "area": [
            0.6078847783669438,
            0.6078847783669438,
            0.6078847783669438,
            0.6078847783669438,
            0.6078847783669438,
            0.6078847783669438,
            0.6078847783669438,
            0.6078847783669438
        ],
        "distance": -0.39534,
        "xpert": [
            [
                295.0,
                226.8
            ],
            [
                286.2,
                227.8
            ],
            [
                288.8,
                219.0
            ],
            [
                291.4,
                215.4
            ],
            [
                295.0,
                213.6
            ],
            [
                298.4,
                215.6
            ],
            [
                300.8,
                219.0
            ],
            [
                301.0,
                225.0
            ]
        ],
        "stack": 0,
        "shift": [
            [
                0.0,
                0.0
            ],
            [
                0.0,
                0.0
            ],
            [
                0.0,
                0.0
            ],
            [
                0.0,
                0.0
            ],
            [
                0.0,
                0.0
            ],
            [
                0.0,
                0.0
            ],
            [
                0.0,
                0.0
            ],
            [
                0.0,
                0.0
            ],
            [
                0.0,
                0.0
            ]
        ],
        "channel": 0
    },
    {
        "type": "Spine",
        "location": [
            332,
            203
        ],
        "radloc": [
            0,
            0
        ],
        "mean": [
            60.31460674157304,
            52.157303370786515,
            71.61797752808988,
            34.752808988764045,
            32.561797752808985,
            48.640449438202246,
            27.325842696629213,
            39.04494382022472
        ],
        "min": [
            8,
            13,
            21,
            6,
            6,
            7,
            6,
            6
        ],
        "max": [
            136,
            113,
            146,
            89,
            84,
            115,
            90,
            91
        ],
        "RawIntDen": [
            5368,
            4642,
            6374,
            3093,
            2898,
            4329,
            2432,
            3475
        ],
        "IntDen": [
            2074.415490245458,
            1793.8592968925886,
            2463.1751741476432,
            1195.2621295322656,
            1119.9061271854205,
            1672.9032520999604,
            939.8246036283446,
            1342.8826059245466
        ],
        "FlagUp": 0,
        "Times": [],
        "width": 0,
        "height": 0,
        "area": [
            0.38644103767612853,
            0.38644103767612853,
            0.38644103767612853,
            0.38644103767612853,
            0.38644103767612853,
            0.38644103767612853,
            0.38644103767612853,
            0.38644103767612853
        ],
        "distance": -0.79068,
        "xpert": [
            [
                332.0,
                210.0
            ],
            [
                325.6,
                209.4
            ],
            [
                327.2,
                203.0
            ],
            [
                328.8,
                199.8
            ],
            [
                332.0,
                198.2
            ],
            [
                335.0,
                200.0
            ],
            [
                336.2,
                203.0
            ],
            [
                336.0,
                207.0
            ]
        ],
        "stack": 0,
        "shift": [
            [
                0.0,
                0.0
            ],
            [
                0.0,
                0.0
            ],
            [
                0.0,
                0.0
            ],
            [
                0.0,
                0.0
            ],
            [
                0.0,
                0.0
            ],
            [
                0.0,
                0.0
            ],
            [
                0.0,
                0.0
            ],
            [
                0.0,
                0.0
            ],
            [
                0.0,
                0.0
            ]
        ],
        "channel": 0
    },
    {
        "type": "Spine",
        "location": [
            323,
            239
        ],
        "radloc": [
            0,
            0
        ],
        "mean": [
            102.864,
            111.0,
            133.48,
            166.36,
            145.488,
            131.192,
            102.632,
            102.92
        ],
        "min": [
            24,
            22,
            23,
            51,
            38,
            14,
            13,
            11
        ],
        "max": [
            219,
            249,
            255,
            255,
            255,
            255,
            243,
            232
        ],
        "RawIntDen": [
            12858,
            13875,
            16685,
            20795,
            18186,
            16399,
            12829,
            12865
        ],
        "IntDen": [
            6978.734357359073,
            7530.715446286915,
            9055.854934868265,
            11286.574969768388,
            9870.529088733248,
            8900.627214678134,
            6962.994483633501,
            6982.533637223867
        ],
        "FlagUp": 0,
        "Times": [],
        "width": 0,
        "height": 0,
        "area": [
            0.5427542663990569,
            0.5427542663990569,
            0.5427542663990569,
            0.5427542663990569,
            0.5427542663990569,
            0.5427542663990569,
            0.5427542663990569,
            0.5427542663990569
        ],
        "distance": -0.19767,
        "xpert": [
            [
                323.0,
                243.8
            ],
            [
                318.2,
                243.8
            ],
            [
                313.4,
                239.0
            ],
            [
                316.6,
                232.6
            ],
            [
                323.0,
                233.2
            ],
            [
                326.4,
                235.6
            ],
            [
                328.2,
                239.0
            ],
            [
                327.8,
                243.8
            ]
        ],
        "stack": 0,
        "shift": [
            [
                0.0,
                0.0
            ],
            [
                0.0,
                0.0
            ],
            [
                0.0,
                0.0
            ],
            [
                0.0,
                0.0
            ],
            [
                0.0,
                0.0
            ],
            [
                0.0,
                0.0
            ],
            [
                0.0,
                0.0
            ],
            [
                0.0,
                0.0
            ],
            [
                0.0,
                0.0
            ]
        ],
        "channel": 0
    },
    {
        "type": "Spine",
        "location": [
            189,
            224
        ],
        "radloc": [
            0,
            0
        ],
        "mean": [
            58.58522727272727,
            62.51136363636363,
            95.06818181818181,
            74.97727272727273,
            100.06818181818181,
            81.9090909090909,
            65.8125,
            68.81818181818181
        ],
        "min": [
            6,
            8,
            12,
            9,
            18,
            11,
            7,
            7
        ],
        "max": [
            169,
            170,
            241,
            189,
            249,
            215,
            159,
            164
        ],
        "RawIntDen": [
            10311,
            11002,
            16732,
            13196,
            17612,
            14416,
            11583,
            12112
        ],
        "IntDen": [
            7879.645651103671,
            8407.706474002773,
            12786.56105462774,
            10084.356901557952,
            13459.055300866828,
            11016.678470207597,
            8851.705516121989,
            9255.96626187253
        ],
        "FlagUp": 0,
        "Times": [],
        "width": 0,
        "height": 0,
        "area": [
            0.7641980070898721,
            0.7641980070898721,
            0.7641980070898721,
            0.7641980070898721,
            0.7641980070898721,
            0.7641980070898721,
            0.7641980070898721,
            0.7641980070898721
        ],
        "distance": -0.9224600000000001,
        "xpert": [
            [
                189.0,
                233.0
            ],
            [
                182.0,
                231.0
            ],
            [
                181.2,
                224.0
            ],
            [
                183.0,
                218.0
            ],
            [
                189.0,
                217.2
            ],
            [
                192.6,
                220.4
            ],
            [
                195.4,
                224.0
            ],
            [
                195.4,
                230.4
            ]
        ],
        "stack": 0,
        "shift": [
            [
                0.0,
                0.0
            ],
            [
                0.0,
                0.0
            ],
            [
                0.0,
                0.0
            ],
            [
                0.0,
                0.0
            ],
            [
                0.0,
                0.0
            ],
            [
                0.0,
                0.0
            ],
            [
                0.0,
                0.0
            ],
            [
                0.0,
                0.0
            ],
            [
                0.0,
                0.0
            ]
        ],
        "channel": 0
    },
    {
        "type": "Spine",
        "location": [
            160,
            217
        ],
        "radloc": [
            0,
            0
        ],
        "mean": [
            117.37719298245614,
            83.13157894736842,
            89.02631578947368,
            117.03508771929825,
            103.79824561403508,
            87.92105263157895,
            75.85087719298245,
            68.0701754385965
        ],
        "min": [
            23,
            14,
            12,
            29,
            26,
            23,
            28,
            10
        ],
        "max": [
            235,
            192,
            230,
            224,
            248,
            188,
            146,
            143
        ],
        "RawIntDen": [
            13381,
            9477,
            10149,
            13342,
            11833,
            10023,
            8647,
            7760
        ],
        "IntDen": [
            6623.486492881431,
            4691.038150589442,
            5023.672701311834,
            6604.18180913415,
            5857.2390456816365,
            4961.3037230513855,
            4280.194881096012,
            3841.1370738180935
        ],
        "FlagUp": 0,
        "Times": [],
        "width": 0,
        "height": 0,
        "area": [
            0.4949918909559399,
            0.4949918909559399,
            0.4949918909559399,
            0.4949918909559399,
            0.4949918909559399,
            0.4949918909559399,
            0.4949918909559399,
            0.4949918909559399
        ],
        "distance": -0.19767,
        "xpert": [
            [
                160.0,
                222.8
            ],
            [
                152.2,
                224.8
            ],
            [
                153.6,
                217.0
            ],
            [
                155.6,
                212.6
            ],
            [
                160.0,
                211.8
            ],
            [
                164.2,
                212.8
            ],
            [
                165.2,
                217.0
            ],
            [
                163.6,
                220.6
            ]
        ],
        "stack": 0,
        "shift": [
            [
                0.0,
                0.0
            ],
            [
                0.0,
                0.0
            ],
            [
                0.0,
                0.0
            ],
            [
                0.0,
                0.0
            ],
            [
                0.0,
                0.0
            ],
            [
                0.0,
                0.0
            ],
            [
                0.0,
                0.0
            ],
            [
                0.0,
                0.0
            ],
            [
                0.0,
                0.0
            ]
        ],
        "channel": 0
    },
    {
        "type": "Spine",
        "location": [
            128,
            232
        ],
        "radloc": [
            0,
            0
        ],
        "mean": [
            42.17894736842105,
            44.136842105263156,
            41.62105263157895,
            52.90526315789474,
            52.38947368421053,
            63.22105263157895,
            58.49473684210526,
            90.43157894736842
        ],
        "min": [
            6,
            7,
            7,
            6,
            5,
            7,
            8,
            19
        ],
        "max": [
            215,
            194,
            188,
            209,
            199,
            215,
            216,
            240
        ],
        "RawIntDen": [
            4007,
            4193,
            3954,
            5026,
            4977,
            6006,
            5557,
            8591
        ],
        "IntDen": [
            1652.860422550376,
            1729.5841656485466,
            1630.9982806998219,
            2073.1910366204615,
            2052.9788677397605,
            2477.434414234479,
            2292.224948368465,
            3543.729446002066
        ],
        "FlagUp": 0,
        "Times": [],
        "width": 0,
        "height": 0,
        "area": [
            0.4124932424632832,
            0.4124932424632832,
            0.4124932424632832,
            0.4124932424632832,
            0.4124932424632832,
            0.4124932424632832,
            0.4124932424632832,
            0.4124932424632832
        ],
        "distance": -1.9049080680037274,
        "xpert": [
            [
                128.0,
                238.4
            ],
            [
                122.6,
                237.4
            ],
            [
                123.0,
                232.0
            ],
            [
                124.6,
                228.6
            ],
            [
                128.0,
                227.0
            ],
            [
                132.0,
                228.0
            ],
            [
                133.0,
                232.0
            ],
            [
                133.0,
                237.0
            ]
        ],
        "stack": 0,
        "shift": [
            [
                0.0,
                0.0
            ],
            [
                0.0,
                0.0
            ],
            [
                0.0,
                0.0
            ],
            [
                0.0,
                0.0
            ],
            [
                0.0,
                0.0
            ],
            [
                0.0,
                0.0
            ],
            [
                0.0,
                0.0
            ],
            [
                0.0,
                0.0
            ],
            [
                0.0,
                0.0
            ]
        ],
        "channel": 0
    }
]