[
    {
        "type": "Stim",
        "location": [
            233,
            136
        ],
        "radloc": [
            0,
            0
        ],
        "mean": [
            45.99342105263158,
            41.776315789473685,
            39.75657894736842,
            64.75657894736842,
            49.42763157894737,
            54.86184210526316,
            57.0921052631579,
            48.60526315789474
        ],
        "min": [
            8,
            6,
            5,
            6,
            8,
            12,
            13,
            15
        ],
        "max": [
            122,
            127,
            131,
            168,
            132,
            138,
            150,
            110
        ],
        "RawIntDen": [
            6991,
            6350,
            6043,
            9843,
            7513,
            8339,
            8678,
            7388
        ],
        "IntDen": [
            4628.824992000001,
            4204.4112000000005,
            4001.1428160000005,
            6517.168416,
            4974.447456000001,
            5521.351968000001,
            5745.807936000001,
            4891.683456000001
        ],
        "FlagUp": 0,
        "Times": [],
        "width": 0,
        "height": 0,
        "area": [
            0.662112,
            0.662112,
            0.662112,
            0.662112,
            0.662112,
            0.662112,
            0.662112,
            0.662112
        ],
        "distance": 0,
        "xpert": [
            [
                233.0,
                145.2
            ],
            [
                227.8,
                141.2
            ],
            [
                227.8,
                136.0
            ],
            [
                228.6,
                131.6
            ],
            [
                233.0,
                127.4
            ],
            [
                238.2,
                130.8
            ],
            [
                239.8,
                136.0
            ],
            [
                238.6,
                141.6
            ]
        ],
        "stack": 0,
        "shift": [
            [
                0.0,
                0.0
            ],
            [
                0.0,
                0.0
            ],
            [
                0.0,
                0.0
            ],
            [
                0.0,
                0.0
            ],
            [
                0.0,
                0.0
            ],
            [
                0.0,
                0.0
            ],
            [
                0.0,
                0.0
            ],
            [
                0.0,
                0.0
            ],
            [
                0.0,
                0.0
            ]
        ],
        "channel": 0
    },
    {
        "type": "Spine",
        "location": [
            260,
            105
        ],
        "radloc": [
            0,
            0
        ],
        "mean": [
            163.95652173913044,
            123.6304347826087,
            101.1086956521739,
            88.51086956521739,
            76.46739130434783,
            60.66304347826087,
            57.70652173913044,
            61.19565217391305
        ],
        "min": [
            56,
            41,
            35,
            31,
            24,
            10,
            13,
            11
        ],
        "max": [
            255,
            245,
            193,
            168,
            167,
            137,
            144,
            185
        ],
        "RawIntDen": [
            15084,
            11374,
            9302,
            8143,
            7035,
            5581,
            5309,
            5630
        ],
        "IntDen": [
            6044.943168000001,
            4558.1532480000005,
            3727.7951040000003,
            3263.3235360000003,
            2819.2903200000005,
            2236.5969120000004,
            2127.592368,
            2256.23376
        ],
        "FlagUp": 0,
        "Times": [],
        "width": 0,
        "height": 0,
        "area": [
            0.40075200000000005,
            0.40075200000000005,
            0.40075200000000005,
            0.40075200000000005,
            0.40075200000000005,
            0.40075200000000005,
            0.40075200000000005,
            0.40075200000000005
        ],
        "distance": 1.7790300000000001,
        "xpert": [
            [
                260.0,
                109.2
            ],
            [
                255.8,
                109.2
            ],
            [
                254.2,
                105.0
            ],
            [
                256.2,
                101.2
            ],
            [
                260.0,
                100.0
            ],
            [
                264.2,
                100.8
            ],
            [
                267.0,
                105.0
            ],
            [
                264.2,
                109.2
            ]
        ],
        "stack": 0,
        "shift": [
            [
                0.0,
                0.0
            ],
            [
                0.0,
                0.0
            ],
            [
                0.0,
                0.0
            ],
            [
                0.0,
                0.0
            ],
            [
                0.0,
                0.0
            ],
            [
                0.0,
                0.0
            ],
            [
                0.0,
                0.0
            ],
            [
                0.0,
                0.0
            ],
            [
                0.0,
                0.0
            ]
        ],
        "channel": 0
    },
    {
        "type": "Spine",
        "location": [
            209,
            104
        ],
        "radloc": [
            0,
            0
        ],
        "mean": [
            100.05714285714286,
            82.97142857142858,
            91.96190476190476,
            97.53333333333333,
            74.68571428571428,
            53.17142857142857,
            56.371428571428574,
            43.17142857142857
        ],
        "min": [
            16,
            16,
            32,
            33,
            16,
            9,
            11,
            7
        ],
        "max": [
            207,
            171,
            197,
            214,
            196,
            166,
            144,
            141
        ],
        "RawIntDen": [
            10506,
            8712,
            9656,
            10241,
            7842,
            5583,
            5919,
            4533
        ],
        "IntDen": [
            4805.234280000001,
            3984.6945600000004,
            4416.46128,
            4684.02858,
            3586.7739600000004,
            2553.55254,
            2707.2322200000003,
            2073.3035400000003
        ],
        "FlagUp": 0,
        "Times": [],
        "width": 0,
        "height": 0,
        "area": [
            0.45738000000000006,
            0.45738000000000006,
            0.45738000000000006,
            0.45738000000000006,
            0.45738000000000006,
            0.45738000000000006,
            0.45738000000000006,
            0.45738000000000006
        ],
        "distance": 1.58136,
        "xpert": [
            [
                209.0,
                108.8
            ],
            [
                204.2,
                108.8
            ],
            [
                202.4,
                104.0
            ],
            [
                204.2,
                99.2
            ],
            [
                209.0,
                98.4
            ],
            [
                213.6,
                99.4
            ],
            [
                215.0,
                104.0
            ],
            [
                213.2,
                108.2
            ]
        ],
        "stack": 0,
        "shift": [
            [
                0.0,
                0.0
            ],
            [
                0.0,
                0.0
            ],
            [
                0.0,
                0.0
            ],
            [
                0.0,
                0.0
            ],
            [
                0.0,
                0.0
            ],
            [
                0.0,
                0.0
            ],
            [
                0.0,
                0.0
            ],
            [
                0.0,
                0.0
            ],
            [
                0.0,
                0.0
            ]
        ],
        "channel": 0
    },
    {
        "type": "Spine",
        "location": [
            194,
            100
        ],
        "radloc": [
            0,
            0
        ],
        "mean": [
            80.08904109589041,
            89.91780821917808,
            77.24657534246575,
            70.91095890410959,
            69.44520547945206,
            76.56849315068493,
            67.21917808219177,
            68.96575342465754
        ],
        "min": [
            26,
            20,
            19,
            25,
            21,
            18,
            18,
            13
        ],
        "max": [
            178,
            196,
            161,
            154,
            155,
            170,
            150,
            169
        ],
        "RawIntDen": [
            11693,
            13128,
            11278,
            10353,
            10139,
            11179,
            9814,
            10069
        ],
        "IntDen": [
            7436.4673680000005,
            8349.092928000002,
            7172.537328000001,
            6584.2595280000005,
            6448.160664000001,
            7109.575704000001,
            6241.4684640000005,
            6403.642344000001
        ],
        "FlagUp": 0,
        "Times": [],
        "width": 0,
        "height": 0,
        "area": [
            0.6359760000000001,
            0.6359760000000001,
            0.6359760000000001,
            0.6359760000000001,
            0.6359760000000001,
            0.6359760000000001,
            0.6359760000000001,
            0.6359760000000001
        ],
        "distance": 2.56971,
        "xpert": [
            [
                194.0,
                106.8
            ],
            [
                187.4,
                106.6
            ],
            [
                187.8,
                100.0
            ],
            [
                188.6,
                94.6
            ],
            [
                194.0,
                93.8
            ],
            [
                198.6,
                95.4
            ],
            [
                201.0,
                100.0
            ],
            [
                200.0,
                106.0
            ]
        ],
        "stack": 0,
        "shift": [
            [
                0.0,
                0.0
            ],
            [
                0.0,
                0.0
            ],
            [
                0.0,
                0.0
            ],
            [
                0.0,
                0.0
            ],
            [
                0.0,
                0.0
            ],
            [
                0.0,
                0.0
            ],
            [
                0.0,
                0.0
            ],
            [
                0.0,
                0.0
            ],
            [
                0.0,
                0.0
            ]
        ],
        "channel": 0
    },
    {
        "type": "Spine",
        "location": [
            183,
            92
        ],
        "radloc": [
            0,
            0
        ],
        "mean": [
            90.76136363636364,
            90.8465909090909,
            94.6590909090909,
            74.2840909090909,
            100.86363636363636,
            90.80681818181819,
            84.38636363636364,
            75.2215909090909
        ],
        "min": [
            11,
            15,
            15,
            13,
            22,
            17,
            8,
            8
        ],
        "max": [
            237,
            205,
            209,
            164,
            207,
            197,
            216,
            201
        ],
        "RawIntDen": [
            15974,
            15989,
            16660,
            13074,
            17752,
            15982,
            14852,
            13239
        ],
        "IntDen": [
            12246.562944000001,
            12258.062784000002,
            12772.48896,
            10023.260544,
            13609.677312000002,
            12252.696192000001,
            11386.374912000001,
            10149.758784000001
        ],
        "FlagUp": 0,
        "Times": [],
        "width": 0,
        "height": 0,
        "area": [
            0.7666560000000001,
            0.7666560000000001,
            0.7666560000000001,
            0.7666560000000001,
            0.7666560000000001,
            0.7666560000000001,
            0.7666560000000001,
            0.7666560000000001
        ],
        "distance": 3.2945,
        "xpert": [
            [
                183.0,
                99.2
            ],
            [
                175.6,
                99.4
            ],
            [
                174.0,
                92.0
            ],
            [
                177.8,
                86.8
            ],
            [
                183.0,
                85.4
            ],
            [
                189.4,
                85.6
            ],
            [
                189.6,
                92.0
            ],
            [
                187.6,
                96.6
            ]
        ],
        "stack": 0,
        "shift": [
            [
                0.0,
                0.0
            ],
            [
                0.0,
                0.0
            ],
            [
                0.0,
                0.0
            ],
            [
                0.0,
                0.0
            ],
            [
                0.0,
                0.0
            ],
            [
                0.0,
                0.0
            ],
            [
                0.0,
                0.0
            ],
            [
                0.0,
                0.0
            ],
            [
                0.0,
                0.0
            ]
        ],
        "channel": 0
    },
    {
        "type": "Spine",
        "location": [
            171,
            147
        ],
        "radloc": [
            0,
            0
        ],
        "mean": [
            26.62962962962963,
            28.77777777777778,
            30.67283950617284,
            35.2962962962963,
            38.72839506172839,
            33.660493827160494,
            44.129629629629626,
            39.80246913580247
        ],
        "min": [
            6,
            6,
            5,
            6,
            8,
            8,
            10,
            7
        ],
        "max": [
            71,
            80,
            81,
            85,
            104,
            101,
            124,
            92
        ],
        "RawIntDen": [
            4314,
            4662,
            4969,
            5718,
            6274,
            5453,
            7149,
            6448
        ],
        "IntDen": [
            3044.269008,
            3289.842864,
            3506.4841680000004,
            4035.0324960000003,
            4427.386128,
            3848.0294160000003,
            5044.849128000001,
            4550.1730560000005
        ],
        "FlagUp": 0,
        "Times": [],
        "width": 0,
        "height": 0,
        "area": [
            0.7056720000000001,
            0.7056720000000001,
            0.7056720000000001,
            0.7056720000000001,
            0.7056720000000001,
            0.7056720000000001,
            0.7056720000000001,
            0.7056720000000001
        ],
        "distance": 4.08518,
        "xpert": [
            [
                171.0,
                153.8
            ],
            [
                164.6,
                153.4
            ],
            [
                162.2,
                147.0
            ],
            [
                165.8,
                141.8
            ],
            [
                171.0,
                138.2
            ],
            [
                176.0,
                142.0
            ],
            [
                176.8,
                147.0
            ],
            [
                175.6,
                151.6
            ]
        ],
        "stack": 0,
        "shift": [
            [
                0.0,
                0.0
            ],
            [
                0.0,
                0.0
            ],
            [
                0.0,
                0.0
            ],
            [
                0.0,
                0.0
            ],
            [
                0.0,
                0.0
            ],
            [
                0.0,
                0.0
            ],
            [
                0.0,
                0.0
            ],
            [
                0.0,
                0.0
            ],
            [
                0.0,
                0.0
            ]
        ],
        "channel": 0
    },
    {
        "type": "Spine",
        "location": [
            100,
            104
        ],
        "radloc": [
            0,
            0
        ],
        "mean": [
            128.29166666666666,
            89.07291666666667,
            95.97395833333333,
            95.27083333333333,
            80.47395833333333,
            77.234375,
            76.02604166666667,
            68.30208333333333
        ],
        "min": [
            46,
            30,
            34,
            20,
            10,
            13,
            9,
            14
        ],
        "max": [
            231,
            189,
            161,
            193,
            176,
            172,
            172,
            160
        ],
        "RawIntDen": [
            24632,
            17102,
            18427,
            18292,
            15451,
            14829,
            14597,
            13114
        ],
        "IntDen": [
            20601.022464,
            14303.291904000002,
            15411.458304000002,
            15298.550784000001,
            12922.474752000002,
            12402.263808000002,
            12208.230144000001,
            10967.920128000002
        ],
        "FlagUp": 0,
        "Times": [],
        "width": 0,
        "height": 0,
        "area": [
            0.8363520000000001,
            0.8363520000000001,
            0.8363520000000001,
            0.8363520000000001,
            0.8363520000000001,
            0.8363520000000001,
            0.8363520000000001,
            0.8363520000000001
        ],
        "distance": 8.872540126499052,
        "xpert": [
            [
                100.0,
                112.6
            ],
            [
                93.4,
                110.6
            ],
            [
                91.8,
                104.0
            ],
            [
                94.0,
                98.0
            ],
            [
                100.0,
                97.8
            ],
            [
                105.0,
                99.0
            ],
            [
                107.8,
                104.0
            ],
            [
                107.0,
                111.0
            ]
        ],
        "stack": 0,
        "shift": [
            [
                0.0,
                0.0
            ],
            [
                0.0,
                0.0
            ],
            [
                0.0,
                0.0
            ],
            [
                0.0,
                0.0
            ],
            [
                0.0,
                0.0
            ],
            [
                0.0,
                0.0
            ],
            [
                0.0,
                0.0
            ],
            [
                0.0,
                0.0
            ],
            [
                0.0,
                0.0
            ]
        ],
        "channel": 0
    },
    {
        "type": "Spine",
        "location": [
            85,
            104
        ],
        "radloc": [
            0,
            0
        ],
        "mean": [
            136.22685185185185,
            120.92592592592592,
            108.39814814814815,
            109.70370370370371,
            101.26388888888889,
            79.36111111111111,
            72.23148148148148,
            69.85185185185185
        ],
        "min": [
            42,
            47,
            42,
            33,
            21,
            12,
            14,
            13
        ],
        "max": [
            232,
            198,
            229,
            202,
            238,
            180,
            178,
            155
        ],
        "RawIntDen": [
            29425,
            26120,
            23414,
            23696,
            21873,
            17142,
            15602,
            15088
        ],
        "IntDen": [
            27685.864800000003,
            24576.203520000003,
            22030.138944000002,
            22295.471616000003,
            20580.218208000002,
            16128.839232000002,
            14679.859392000002,
            14196.238848
        ],
        "FlagUp": 0,
        "Times": [],
        "width": 0,
        "height": 0,
        "area": [
            0.9408960000000001,
            0.9408960000000001,
            0.9408960000000001,
            0.9408960000000001,
            0.9408960000000001,
            0.9408960000000001,
            0.9408960000000001,
            0.9408960000000001
        ],
        "distance": 9.860890126499052,
        "xpert": [
            [
                85.0,
                116.0
            ],
            [
                75.0,
                114.0
            ],
            [
                79.4,
                104.0
            ],
            [
                81.0,
                100.0
            ],
            [
                85.0,
                98.6
            ],
            [
                90.0,
                99.0
            ],
            [
                93.0,
                104.0
            ],
            [
                92.4,
                111.4
            ]
        ],
        "stack": 0,
        "shift": [
            [
                0.0,
                0.0
            ],
            [
                0.0,
                0.0
            ],
            [
                0.0,
                0.0
            ],
            [
                0.0,
                0.0
            ],
            [
                0.0,
                0.0
            ],
            [
                0.0,
                0.0
            ],
            [
                0.0,
                0.0
            ],
            [
                0.0,
                0.0
            ],
            [
                0.0,
                0.0
            ]
        ],
        "channel": 0
    },
    {
        "type": "Spine",
        "location": [
            88,
            132
        ],
        "radloc": [
            0,
            0
        ],
        "mean": [
            20.253968253968253,
            25.841269841269842,
            25.1984126984127,
            29.015873015873016,
            46.13492063492063,
            63.0,
            33.65873015873016,
            38.11904761904762
        ],
        "min": [
            6,
            6,
            5,
            6,
            10,
            17,
            12,
            12
        ],
        "max": [
            75,
            81,
            62,
            72,
            92,
            132,
            69,
            86
        ],
        "RawIntDen": [
            2552,
            3256,
            3175,
            3656,
            5813,
            7938,
            4241,
            4803
        ],
        "IntDen": [
            1400.6805120000001,
            1787.0751360000002,
            1742.6178000000002,
            2006.6175360000002,
            3190.499928,
            4356.818928000001,
            2327.6982960000005,
            2636.155368
        ],
        "FlagUp": 0,
        "Times": [],
        "width": 0,
        "height": 0,
        "area": [
            0.548856,
            0.548856,
            0.548856,
            0.548856,
            0.548856,
            0.548856,
            0.548856,
            0.548856
        ],
        "distance": 9.663220126499052,
        "xpert": [
            [
                88.0,
                138.0
            ],
            [
                83.4,
                136.6
            ],
            [
                79.2,
                132.0
            ],
            [
                81.6,
                125.6
            ],
            [
                88.0,
                126.6
            ],
            [
                91.8,
                128.2
            ],
            [
                93.6,
                132.0
            ],
            [
                92.4,
                136.4
            ]
        ],
        "stack": 0,
        "shift": [
            [
                0.0,
                0.0
            ],
            [
                0.0,
                0.0
            ],
            [
                0.0,
                0.0
            ],
            [
                0.0,
                0.0
            ],
            [
                0.0,
                0.0
            ],
            [
                0.0,
                0.0
            ],
            [
                0.0,
                0.0
            ],
            [
                0.0,
                0.0
            ],
            [
                0.0,
                0.0
            ]
        ],
        "channel": 0
    },
    {
        "type": "Spine",
        "location": [
            63,
            118
        ],
        "radloc": [
            0,
            0
        ],
        "mean": [
            110.26976744186047,
            123.22325581395349,
            123.84651162790698,
            117.32558139534883,
            107.63255813953488,
            98.53953488372093,
            107.93953488372092,
            107.0093023255814
        ],
        "min": [
            19,
            26,
            26,
            32,
            34,
            24,
            31,
            39
        ],
        "max": [
            255,
            255,
            252,
            250,
            226,
            219,
            213,
            227
        ],
        "RawIntDen": [
            23708,
            26493,
            26627,
            25225,
            23141,
            21186,
            23207,
            23007
        ],
        "IntDen": [
            22203.49032,
            24811.754220000003,
            24937.250580000004,
            23624.221500000003,
            21672.47214,
            19841.536440000003,
            21734.28378,
            21546.97578
        ],
        "FlagUp": 0,
        "Times": [],
        "width": 0,
        "height": 0,
        "area": [
            0.9365400000000002,
            0.9365400000000002,
            0.9365400000000002,
            0.9365400000000002,
            0.9365400000000002,
            0.9365400000000002,
            0.9365400000000002,
            0.9365400000000002
        ],
        "distance": 11.337762658123816,
        "xpert": [
            [
                63.0,
                125.2
            ],
            [
                58.6,
                122.4
            ],
            [
                55.6,
                118.0
            ],
            [
                56.8,
                111.8
            ],
            [
                63.0,
                112.0
            ],
            [
                69.2,
                111.8
            ],
            [
                77.6,
                118.0
            ],
            [
                70.8,
                125.8
            ]
        ],
        "stack": 0,
        "shift": [
            [
                0.0,
                0.0
            ],
            [
                0.0,
                0.0
            ],
            [
                0.0,
                0.0
            ],
            [
                0.0,
                0.0
            ],
            [
                0.0,
                0.0
            ],
            [
                0.0,
                0.0
            ],
            [
                0.0,
                0.0
            ],
            [
                0.0,
                0.0
            ],
            [
                0.0,
                0.0
            ]
        ],
        "channel": 0
    },
    {
        "type": "Spine",
        "location": [
            302,
            109
        ],
        "radloc": [
            0,
            0
        ],
        "mean": [
            159.90066225165563,
            136.0066225165563,
            117.91390728476821,
            110.39735099337749,
            77.54304635761589,
            73.41059602649007,
            58.42384105960265,
            54.37748344370861
        ],
        "min": [
            54,
            36,
            30,
            22,
            13,
            17,
            14,
            10
        ],
        "max": [
            253,
            253,
            236,
            237,
            245,
            186,
            200,
            193
        ],
        "RawIntDen": [
            24145,
            20537,
            17805,
            16670,
            11709,
            11085,
            8822,
            8211
        ],
        "IntDen": [
            15881.518620000003,
            13508.334972000002,
            11711.345580000001,
            10964.79252,
            7701.665004000001,
            7291.225260000001,
            5802.723432000001,
            5400.834516000001
        ],
        "FlagUp": 0,
        "Times": [],
        "width": 0,
        "height": 0,
        "area": [
            0.6577560000000001,
            0.6577560000000001,
            0.6577560000000001,
            0.6577560000000001,
            0.6577560000000001,
            0.6577560000000001,
            0.6577560000000001,
            0.6577560000000001
        ],
        "distance": 4.737457721373342,
        "xpert": [
            [
                302.0,
                114.8
            ],
            [
                296.2,
                114.8
            ],
            [
                296.4,
                109.0
            ],
            [
                297.4,
                104.4
            ],
            [
                302.0,
                102.2
            ],
            [
                307.4,
                103.6
            ],
            [
                312.8,
                109.0
            ],
            [
                307.8,
                114.8
            ]
        ],
        "stack": 0,
        "shift": [
            [
                0.0,
                0.0
            ],
            [
                0.0,
                0.0
            ],
            [
                0.0,
                0.0
            ],
            [
                0.0,
                0.0
            ],
            [
                0.0,
                0.0
            ],
            [
                0.0,
                0.0
            ],
            [
                0.0,
                0.0
            ],
            [
                0.0,
                0.0
            ],
            [
                0.0,
                0.0
            ]
        ],
        "channel": 0
    },
    {
        "type": "Spine",
        "location": [
            340,
            129
        ],
        "radloc": [
            0,
            0
        ],
        "mean": [
            138.41847826086956,
            110.125,
            82.06521739130434,
            82.625,
            77.57065217391305,
            69.03804347826087,
            67.89673913043478,
            55.76086956521739
        ],
        "min": [
            12,
            26,
            19,
            21,
            15,
            13,
            17,
            14
        ],
        "max": [
            255,
            237,
            175,
            184,
            220,
            173,
            181,
            142
        ],
        "RawIntDen": [
            25469,
            20263,
            15100,
            15203,
            14273,
            12703,
            12493,
            10260
        ],
        "IntDen": [
            20413.505376,
            16240.875552000001,
            12102.710400000002,
            12185.265312000001,
            11439.866592000002,
            10181.505312000001,
            10013.189472000002,
            8223.431040000001
        ],
        "FlagUp": 0,
        "Times": [],
        "width": 0,
        "height": 0,
        "area": [
            0.8015040000000001,
            0.8015040000000001,
            0.8015040000000001,
            0.8015040000000001,
            0.8015040000000001,
            0.8015040000000001,
            0.8015040000000001,
            0.8015040000000001
        ],
        "distance": 7.241277721373342,
        "xpert": [
            [
                340.0,
                138.6
            ],
            [
                333.2,
                135.8
            ],
            [
                332.4,
                129.0
            ],
            [
                334.4,
                123.4
            ],
            [
                340.0,
                123.4
            ],
            [
                345.8,
                123.2
            ],
            [
                348.2,
                129.0
            ],
            [
                345.6,
                134.6
            ]
        ],
        "stack": 0,
        "shift": [
            [
                0.0,
                0.0
            ],
            [
                0.0,
                0.0
            ],
            [
                0.0,
                0.0
            ],
            [
                0.0,
                0.0
            ],
            [
                0.0,
                0.0
            ],
            [
                0.0,
                0.0
            ],
            [
                0.0,
                0.0
            ],
            [
                0.0,
                0.0
            ],
            [
                0.0,
                0.0
            ]
        ],
        "channel": 0
    },
    {
        "type": "Spine",
        "location": [
            343,
            91
        ],
        "radloc": [
            0,
            0
        ],
        "mean": [
            61.17560975609756,
            47.79024390243902,
            44.03414634146341,
            52.08780487804878,
            52.62439024390244,
            35.53658536585366,
            27.931707317073172,
            30.195121951219512
        ],
        "min": [
            14,
            18,
            19,
            16,
            12,
            10,
            8,
            8
        ],
        "max": [
            136,
            120,
            103,
            131,
            142,
            88,
            73,
            86
        ],
        "RawIntDen": [
            12541,
            9797,
            9027,
            10678,
            10788,
            7285,
            5726,
            6190
        ],
        "IntDen": [
            11198.862180000002,
            8748.525060000002,
            8060.9304600000005,
            9535.240440000001,
            9633.468240000002,
            6505.359300000001,
            5113.203480000001,
            5527.546200000001
        ],
        "FlagUp": 0,
        "Times": [],
        "width": 0,
        "height": 0,
        "area": [
            0.8929800000000001,
            0.8929800000000001,
            0.8929800000000001,
            0.8929800000000001,
            0.8929800000000001,
            0.8929800000000001,
            0.8929800000000001,
            0.8929800000000001
        ],
        "distance": 8.150518762140198,
        "xpert": [
            [
                343.0,
                102.6
            ],
            [
                337.4,
                96.6
            ],
            [
                335.2,
                91.0
            ],
            [
                337.4,
                85.4
            ],
            [
                343.0,
                82.6
            ],
            [
                348.6,
                85.4
            ],
            [
                349.2,
                91.0
            ],
            [
                351.0,
                99.0
            ]
        ],
        "stack": 0,
        "shift": [
            [
                0.0,
                0.0
            ],
            [
                0.0,
                0.0
            ],
            [
                0.0,
                0.0
            ],
            [
                0.0,
                0.0
            ],
            [
                0.0,
                0.0
            ],
            [
                0.0,
                0.0
            ],
            [
                0.0,
                0.0
            ],
            [
                0.0,
                0.0
            ],
            [
                0.0,
                0.0
            ]
        ],
        "channel": 0
    },
    {
        "type": "Spine",
        "location": [
            374,
            126
        ],
        "radloc": [
            0,
            0
        ],
        "mean": [
            75.1340782122905,
            73.44692737430168,
            70.58659217877096,
            60.927374301675975,
            68.6927374301676,
            57.815642458100555,
            58.36871508379888,
            68.41340782122904
        ],
        "min": [
            7,
            9,
            10,
            14,
            18,
            9,
            15,
            19
        ],
        "max": [
            212,
            195,
            180,
            142,
            181,
            164,
            164,
            167
        ],
        "RawIntDen": [
            13449,
            13147,
            12635,
            10906,
            12296,
            10349,
            10448,
            12246
        ],
        "IntDen": [
            10486.508076000002,
            10251.031428000002,
            9851.812740000001,
            8503.669944000001,
            9587.486304000002,
            8069.363676000001,
            8146.5563520000005,
            9548.500104
        ],
        "FlagUp": 0,
        "Times": [],
        "width": 0,
        "height": 0,
        "area": [
            0.7797240000000001,
            0.7797240000000001,
            0.7797240000000001,
            0.7797240000000001,
            0.7797240000000001,
            0.7797240000000001,
            0.7797240000000001,
            0.7797240000000001
        ],
        "distance": 9.470908016852983,
        "xpert": [
            [
                374.0,
                136.0
            ],
            [
                367.8,
                132.2
            ],
            [
                366.2,
                126.0
            ],
            [
                367.8,
                119.8
            ],
            [
                374.0,
                119.6
            ],
            [
                378.0,
                122.0
            ],
            [
                380.2,
                126.0
            ],
            [
                380.4,
                132.4
            ]
        ],
        "stack": 0,
        "shift": [
            [
                0.0,
                0.0
            ],
            [
                0.0,
                0.0
            ],
            [
                0.0,
                0.0
            ],
            [
                0.0,
                0.0
            ],
            [
                0.0,
                0.0
            ],
            [
                0.0,
                0.0
            ],
            [
                0.0,
                0.0
            ],
            [
                0.0,
                0.0
            ],
            [
                0.0,
                0.0
            ]
        ],
        "channel": 0
    },
    {
        "type": "Spine",
        "location": [
            374,
            82
        ],
        "radloc": [
            0,
            0
        ],
        "mean": [
            95.75877192982456,
            73.65789473684211,
            77.95175438596492,
            77.29824561403508,
            55.89035087719298,
            50.171052631578945,
            53.6359649122807,
            50.41228070175438
        ],
        "min": [
            20,
            14,
            21,
            20,
            13,
            10,
            11,
            10
        ],
        "max": [
            205,
            145,
            159,
            168,
            128,
            116,
            115,
            123
        ],
        "RawIntDen": [
            21833,
            16794,
            17773,
            17624,
            12743,
            11439,
            12229,
            11494
        ],
        "IntDen": [
            21683.836944000002,
            16679.263392,
            17651.574864000002,
            17503.592832000002,
            12655.939824000001,
            11360.848752000002,
            12145.451472,
            11415.472992
        ],
        "FlagUp": 0,
        "Times": [],
        "width": 0,
        "height": 0,
        "area": [
            0.9931680000000002,
            0.9931680000000002,
            0.9931680000000002,
            0.9931680000000002,
            0.9931680000000002,
            0.9931680000000002,
            0.9931680000000002,
            0.9931680000000002
        ],
        "distance": 9.672585442746685,
        "xpert": [
            [
                374.0,
                92.2
            ],
            [
                368.2,
                87.8
            ],
            [
                365.2,
                82.0
            ],
            [
                368.6,
                76.6
            ],
            [
                374.0,
                76.2
            ],
            [
                380.4,
                75.6
            ],
            [
                384.6,
                82.0
            ],
            [
                382.0,
                90.0
            ]
        ],
        "stack": 0,
        "shift": [
            [
                0.0,
                0.0
            ],
            [
                0.0,
                0.0
            ],
            [
                0.0,
                0.0
            ],
            [
                0.0,
                0.0
            ],
            [
                0.0,
                0.0
            ],
            [
                0.0,
                0.0
            ],
            [
                0.0,
                0.0
            ],
            [
                0.0,
                0.0
            ],
            [
                0.0,
                0.0
            ]
        ],
        "channel": 0
    },
    {
        "type": "Spine",
        "location": [
            397,
            95
        ],
        "radloc": [
            0,
            0
        ],
        "mean": [
            155.13846153846154,
            77.66923076923077,
            80.07692307692308,
            88.72307692307692,
            44.84615384615385,
            49.684615384615384,
            40.42307692307692,
            36.73076923076923
        ],
        "min": [
            57,
            24,
            17,
            22,
            11,
            13,
            9,
            10
        ],
        "max": [
            255,
            161,
            192,
            227,
            128,
            147,
            134,
            118
        ],
        "RawIntDen": [
            20168,
            10097,
            10410,
            11534,
            5830,
            6459,
            5255,
            4775
        ],
        "IntDen": [
            11420.735040000001,
            5717.729160000001,
            5894.974800000001,
            6531.4735200000005,
            3301.4124,
            3657.6025200000004,
            2975.8014000000003,
            2703.9870000000005
        ],
        "FlagUp": 0,
        "Times": [],
        "width": 0,
        "height": 0,
        "area": [
            0.5662800000000001,
            0.5662800000000001,
            0.5662800000000001,
            0.5662800000000001,
            0.5662800000000001,
            0.5662800000000001,
            0.5662800000000001,
            0.5662800000000001
        ],
        "distance": 11.188055442746688,
        "xpert": [
            [
                397.0,
                101.0
            ],
            [
                392.2,
                99.8
            ],
            [
                388.4,
                95.0
            ],
            [
                391.2,
                89.2
            ],
            [
                397.0,
                88.0
            ],
            [
                401.6,
                90.4
            ],
            [
                402.2,
                95.0
            ],
            [
                401.0,
                99.0
            ]
        ],
        "stack": 0,
        "shift": [
            [
                0.0,
                0.0
            ],
            [
                0.0,
                0.0
            ],
            [
                0.0,
                0.0
            ],
            [
                0.0,
                0.0
            ],
            [
                0.0,
                0.0
            ],
            [
                0.0,
                0.0
            ],
            [
                0.0,
                0.0
            ],
            [
                0.0,
                0.0
            ],
            [
                0.0,
                0.0
            ]
        ],
        "channel": 0
    },
    {
        "type": "Spine",
        "location": [
            412,
            88
        ],
        "radloc": [
            0,
            0
        ],
        "mean": [
            93.69064748201438,
            80.71942446043165,
            55.41726618705036,
            43.9568345323741,
            52.46762589928058,
            30.165467625899282,
            30.1294964028777,
            38.10791366906475
        ],
        "min": [
            32,
            28,
            18,
            16,
            15,
            10,
            10,
            10
        ],
        "max": [
            191,
            185,
            125,
            95,
            116,
            68,
            80,
            109
        ],
        "RawIntDen": [
            13023,
            11220,
            7703,
            6110,
            7293,
            4193,
            4188,
            5297
        ],
        "IntDen": [
            7885.218132000001,
            6793.53048,
            4664.043252,
            3699.5072400000004,
            4415.794812,
            2538.794412,
            2535.7669920000003,
            3207.2487480000004
        ],
        "FlagUp": 0,
        "Times": [],
        "width": 0,
        "height": 0,
        "area": [
            0.605484,
            0.605484,
            0.605484,
            0.605484,
            0.605484,
            0.605484,
            0.605484,
            0.605484
        ],
        "distance": 13.603375569245744,
        "xpert": [
            [
                412.0,
                94.8
            ],
            [
                407.0,
                93.0
            ],
            [
                406.6,
                88.0
            ],
            [
                407.2,
                83.2
            ],
            [
                412.0,
                80.0
            ],
            [
                418.2,
                81.8
            ],
            [
                417.8,
                88.0
            ],
            [
                418.0,
                94.0
            ]
        ],
        "stack": 0,
        "shift": [
            [
                0.0,
                0.0
            ],
            [
                0.0,
                0.0
            ],
            [
                0.0,
                0.0
            ],
            [
                0.0,
                0.0
            ],
            [
                0.0,
                0.0
            ],
            [
                0.0,
                0.0
            ],
            [
                0.0,
                0.0
            ],
            [
                0.0,
                0.0
            ],
            [
                0.0,
                0.0
            ]
        ],
        "channel": 0
    }
]