[
    {
        "type": "Stim",
        "location": [
            486,
            231
        ],
        "radloc": [
            0,
            0
        ],
        "mean": [
            30.619718309859156,
            28.47887323943662,
            31.408450704225352,
            33.774647887323944,
            44.985915492957744,
            59.84507042253521,
            53.40845070422535,
            45.225352112676056
        ],
        "min": [
            10,
            9,
            9,
            8,
            9,
            13,
            10,
            10
        ],
        "max": [
            79,
            99,
            100,
            95,
            119,
            143,
            132,
            111
        ],
        "RawIntDen": [
            2174,
            2022,
            2230,
            2398,
            3194,
            4249,
            3792,
            3211
        ],
        "IntDen": [
            670.21033628608,
            623.351103942251,
            687.4742639917012,
            739.2660471085647,
            984.6604480670375,
            1309.9005146640081,
            1169.0145332092065,
            989.9012832633867
        ],
        "FlagUp": 0,
        "Times": [],
        "width": 0,
        "height": 0,
        "area": [
            0.3082844233146642,
            0.3082844233146642,
            0.3082844233146642,
            0.3082844233146642,
            0.3082844233146642,
            0.3082844233146642,
            0.3082844233146642,
            0.3082844233146642
        ],
        "distance": 0,
        "xpert": [
            [
                486.0,
                235.8
            ],
            [
                481.8,
                235.2
            ],
            [
                481.0,
                231.0
            ],
            [
                482.4,
                227.4
            ],
            [
                486.0,
                226.2
            ],
            [
                489.4,
                227.6
            ],
            [
                491.0,
                231.0
            ],
            [
                489.6,
                234.6
            ]
        ],
        "stack": 0,
        "shift": [
            [
                0.0,
                0.0
            ],
            [
                0.0,
                0.0
            ],
            [
                0.0,
                0.0
            ],
            [
                0.0,
                0.0
            ],
            [
                0.0,
                0.0
            ],
            [
                0.0,
                0.0
            ],
            [
                0.0,
                0.0
            ],
            [
                0.0,
                0.0
            ],
            [
                0.0,
                0.0
            ]
        ],
        "channel": 0
    },
    {
        "type": "Stim",
        "location": [
            466,
            257
        ],
        "radloc": [
            0,
            0
        ],
        "mean": [
            51.611570247933884,
            44.80165289256198,
            50.29752066115702,
            53.31404958677686,
            45.51239669421488,
            38.19834710743802,
            39.446280991735534,
            43.48760330578512
        ],
        "min": [
            17,
            15,
            19,
            11,
            8,
            7,
            6,
            7
        ],
        "max": [
            105,
            100,
            91,
            103,
            91,
            109,
            121,
            95
        ],
        "RawIntDen": [
            6245,
            5421,
            6086,
            6451,
            5507,
            4622,
            4773,
            5262
        ],
        "IntDen": [
            3281.0363810649214,
            2848.118210048509,
            3197.49998641491,
            3389.2659238190245,
            2893.3014172176977,
            2428.3346922789538,
            2507.667997889971,
            2764.5818153984974
        ],
        "FlagUp": 0,
        "Times": [],
        "width": 0,
        "height": 0,
        "area": [
            0.5253861298742869,
            0.5253861298742869,
            0.5253861298742869,
            0.5253861298742869,
            0.5253861298742869,
            0.5253861298742869,
            0.5253861298742869,
            0.5253861298742869
        ],
        "distance": 0,
        "xpert": [
            [
                466.0,
                262.4
            ],
            [
                461.0,
                262.0
            ],
            [
                459.2,
                257.0
            ],
            [
                460.2,
                251.2
            ],
            [
                466.0,
                249.0
            ],
            [
                470.4,
                252.6
            ],
            [
                471.2,
                257.0
            ],
            [
                469.2,
                260.2
            ]
        ],
        "stack": 0,
        "shift": [
            [
                0.0,
                0.0
            ],
            [
                0.0,
                0.0
            ],
            [
                0.0,
                0.0
            ],
            [
                0.0,
                0.0
            ],
            [
                0.0,
                0.0
            ],
            [
                0.0,
                0.0
            ],
            [
                0.0,
                0.0
            ],
            [
                0.0,
                0.0
            ],
            [
                0.0,
                0.0
            ]
        ],
        "channel": 0
    },
    {
        "type": "Stim",
        "location": [
            454,
            256
        ],
        "radloc": [
            0,
            0
        ],
        "mean": [
            37.07746478873239,
            34.190140845070424,
            37.58450704225352,
            42.640845070422536,
            29.366197183098592,
            28.049295774647888,
            22.485915492957748,
            28.330985915492956
        ],
        "min": [
            8,
            8,
            12,
            14,
            7,
            5,
            3,
            5
        ],
        "max": [
            97,
            76,
            81,
            87,
            67,
            118,
            83,
            89
        ],
        "RawIntDen": [
            5265,
            4855,
            5337,
            6055,
            4170,
            3983,
            3193,
            4023
        ],
        "IntDen": [
            3246.234977503414,
            2993.4417503853892,
            3290.6279344607256,
            3733.3243663405833,
            2571.092090444299,
            2455.793716124615,
            1968.7043272874455,
            2480.4564699897883
        ],
        "FlagUp": 0,
        "Times": [],
        "width": 0,
        "height": 0,
        "area": [
            0.6165688466293284,
            0.6165688466293284,
            0.6165688466293284,
            0.6165688466293284,
            0.6165688466293284,
            0.6165688466293284,
            0.6165688466293284,
            0.6165688466293284
        ],
        "distance": 0,
        "xpert": [
            [
                454.0,
                261.8
            ],
            [
                449.8,
                260.2
            ],
            [
                448.0,
                256.0
            ],
            [
                446.8,
                248.8
            ],
            [
                454.0,
                248.8
            ],
            [
                459.6,
                250.4
            ],
            [
                460.6,
                256.0
            ],
            [
                458.6,
                260.6
            ]
        ],
        "stack": 0,
        "shift": [
            [
                0.0,
                0.0
            ],
            [
                0.0,
                0.0
            ],
            [
                0.0,
                0.0
            ],
            [
                0.0,
                0.0
            ],
            [
                0.0,
                0.0
            ],
            [
                0.0,
                0.0
            ],
            [
                0.0,
                0.0
            ],
            [
                0.0,
                0.0
            ],
            [
                0.0,
                0.0
            ]
        ],
        "channel": 0
    },
    {
        "type": "Stim",
        "location": [
            449,
            227
        ],
        "radloc": [
            0,
            0
        ],
        "mean": [
            19.508333333333333,
            21.983333333333334,
            24.183333333333334,
            25.0,
            30.95,
            42.983333333333334,
            39.25,
            41.208333333333336
        ],
        "min": [
            5,
            6,
            6,
            6,
            10,
            15,
            10,
            13
        ],
        "max": [
            48,
            48,
            56,
            54,
            60,
            95,
            92,
            89
        ],
        "RawIntDen": [
            2341,
            2638,
            2902,
            3000,
            3714,
            5158,
            4710,
            4945
        ],
        "IntDen": [
            1219.764228134584,
            1374.514324570283,
            1512.06996584646,
            1563.1322872292833,
            1935.1577715898527,
            2687.545445842881,
            2454.1176909499745,
            2576.5630534496017
        ],
        "FlagUp": 0,
        "Times": [],
        "width": 0,
        "height": 0,
        "area": [
            0.5210440957430944,
            0.5210440957430944,
            0.5210440957430944,
            0.5210440957430944,
            0.5210440957430944,
            0.5210440957430944,
            0.5210440957430944,
            0.5210440957430944
        ],
        "distance": 0,
        "xpert": [
            [
                449.0,
                234.8
            ],
            [
                443.0,
                233.0
            ],
            [
                443.8,
                227.0
            ],
            [
                443.6,
                221.6
            ],
            [
                449.0,
                221.4
            ],
            [
                452.4,
                223.6
            ],
            [
                454.6,
                227.0
            ],
            [
                455.0,
                233.0
            ]
        ],
        "stack": 0,
        "shift": [
            [
                0.0,
                0.0
            ],
            [
                0.0,
                0.0
            ],
            [
                0.0,
                0.0
            ],
            [
                0.0,
                0.0
            ],
            [
                0.0,
                0.0
            ],
            [
                0.0,
                0.0
            ],
            [
                0.0,
                0.0
            ],
            [
                0.0,
                0.0
            ],
            [
                0.0,
                0.0
            ]
        ],
        "channel": 0
    },
    {
        "type": "Stim",
        "location": [
            425,
            222
        ],
        "radloc": [
            0,
            0
        ],
        "mean": [
            52.354838709677416,
            50.26451612903226,
            57.696774193548386,
            68.67096774193548,
            77.92258064516129,
            105.58709677419355,
            110.0,
            104.09677419354838
        ],
        "min": [
            11,
            7,
            8,
            9,
            15,
            19,
            21,
            15
        ],
        "max": [
            142,
            139,
            128,
            161,
            171,
            226,
            218,
            209
        ],
        "RawIntDen": [
            8115,
            7791,
            8943,
            10644,
            12078,
            16366,
            17050,
            16135
        ],
        "IntDen": [
            5461.519081067147,
            5243.462126998663,
            6018.7757414643875,
            7163.574750323934,
            8128.67867666408,
            11014.568241619832,
            11474.910700208857,
            10859.101709552486
        ],
        "FlagUp": 0,
        "Times": [],
        "width": 0,
        "height": 0,
        "area": [
            0.6730152903348303,
            0.6730152903348303,
            0.6730152903348303,
            0.6730152903348303,
            0.6730152903348303,
            0.6730152903348303,
            0.6730152903348303,
            0.6730152903348303
        ],
        "distance": 0,
        "xpert": [
            [
                425.0,
                231.2
            ],
            [
                415.8,
                231.2
            ],
            [
                417.2,
                222.0
            ],
            [
                420.6,
                217.6
            ],
            [
                425.0,
                216.8
            ],
            [
                428.8,
                218.2
            ],
            [
                430.0,
                222.0
            ],
            [
                428.4,
                225.4
            ]
        ],
        "stack": 0,
        "shift": [
            [
                0.0,
                0.0
            ],
            [
                0.0,
                0.0
            ],
            [
                0.0,
                0.0
            ],
            [
                0.0,
                0.0
            ],
            [
                0.0,
                0.0
            ],
            [
                0.0,
                0.0
            ],
            [
                0.0,
                0.0
            ],
            [
                0.0,
                0.0
            ],
            [
                0.0,
                0.0
            ]
        ],
        "channel": 0
    },
    {
        "type": "Stim",
        "location": [
            411,
            215
        ],
        "radloc": [
            0,
            0
        ],
        "mean": [
            36.79710144927536,
            37.60144927536232,
            53.44202898550725,
            55.58695652173913,
            60.69565217391305,
            76.65942028985508,
            90.94927536231884,
            90.42753623188406
        ],
        "min": [
            8,
            7,
            7,
            9,
            13,
            13,
            38,
            16
        ],
        "max": [
            99,
            111,
            117,
            119,
            131,
            163,
            171,
            181
        ],
        "RawIntDen": [
            5078,
            5189,
            7375,
            7671,
            8376,
            10579,
            12551,
            12479
        ],
        "IntDen": [
            3042.7412059109483,
            3109.2524847325544,
            4419.105237021119,
            4596.468647212068,
            5018.905147835782,
            6338.944312196125,
            7520.568112522315,
            7477.425661394786
        ],
        "FlagUp": 0,
        "Times": [],
        "width": 0,
        "height": 0,
        "area": [
            0.5992007101045586,
            0.5992007101045586,
            0.5992007101045586,
            0.5992007101045586,
            0.5992007101045586,
            0.5992007101045586,
            0.5992007101045586,
            0.5992007101045586
        ],
        "distance": 0,
        "xpert": [
            [
                411.0,
                224.8
            ],
            [
                406.0,
                220.0
            ],
            [
                405.0,
                215.0
            ],
            [
                406.2,
                210.2
            ],
            [
                411.0,
                209.6
            ],
            [
                414.6,
                211.4
            ],
            [
                417.2,
                215.0
            ],
            [
                417.2,
                221.2
            ]
        ],
        "stack": 0,
        "shift": [
            [
                0.0,
                0.0
            ],
            [
                0.0,
                0.0
            ],
            [
                0.0,
                0.0
            ],
            [
                0.0,
                0.0
            ],
            [
                0.0,
                0.0
            ],
            [
                0.0,
                0.0
            ],
            [
                0.0,
                0.0
            ],
            [
                0.0,
                0.0
            ],
            [
                0.0,
                0.0
            ]
        ],
        "channel": 0
    },
    {
        "type": "Stim",
        "location": [
            384,
            212
        ],
        "radloc": [
            0,
            0
        ],
        "mean": [
            35.66386554621849,
            38.91596638655462,
            44.680672268907564,
            44.81512605042017,
            44.87394957983193,
            56.21008403361345,
            55.15966386554622,
            59.46218487394958
        ],
        "min": [
            7,
            9,
            9,
            13,
            19,
            18,
            17,
            19
        ],
        "max": [
            84,
            80,
            90,
            90,
            120,
            113,
            104,
            147
        ],
        "RawIntDen": [
            4244,
            4631,
            5317,
            5333,
            5340,
            6689,
            6564,
            7076
        ],
        "IntDen": [
            2192.883549480912,
            2392.847247324718,
            2747.3048615904827,
            2755.5720945762732,
            2759.1890090075563,
            3456.220090122012,
            3391.6323324205246,
            3656.1837879658183
        ],
        "FlagUp": 0,
        "Times": [],
        "width": 0,
        "height": 0,
        "area": [
            0.5167020616119019,
            0.5167020616119019,
            0.5167020616119019,
            0.5167020616119019,
            0.5167020616119019,
            0.5167020616119019,
            0.5167020616119019,
            0.5167020616119019
        ],
        "distance": 0,
        "xpert": [
            [
                384.0,
                222.0
            ],
            [
                379.8,
                216.2
            ],
            [
                378.6,
                212.0
            ],
            [
                379.2,
                207.2
            ],
            [
                384.0,
                205.8
            ],
            [
                388.4,
                207.6
            ],
            [
                390.2,
                212.0
            ],
            [
                388.0,
                216.0
            ]
        ],
        "stack": 0,
        "shift": [
            [
                0.0,
                0.0
            ],
            [
                0.0,
                0.0
            ],
            [
                0.0,
                0.0
            ],
            [
                0.0,
                0.0
            ],
            [
                0.0,
                0.0
            ],
            [
                0.0,
                0.0
            ],
            [
                0.0,
                0.0
            ],
            [
                0.0,
                0.0
            ],
            [
                0.0,
                0.0
            ]
        ],
        "channel": 0
    },
    {
        "type": "Stim",
        "location": [
            351,
            223
        ],
        "radloc": [
            0,
            0
        ],
        "mean": [
            71.66666666666667,
            85.62745098039215,
            85.24509803921569,
            106.59803921568627,
            116.42156862745098,
            94.51960784313725,
            109.82352941176471,
            90.80392156862744
        ],
        "min": [
            14,
            17,
            14,
            20,
            26,
            15,
            22,
            17
        ],
        "max": [
            159,
            215,
            215,
            217,
            237,
            220,
            242,
            191
        ],
        "RawIntDen": [
            7310,
            8734,
            8695,
            10873,
            11875,
            9641,
            11202,
            9262
        ],
        "IntDen": [
            3237.507488899717,
            3868.179262387159,
            3850.906650613275,
            4815.515585062466,
            5259.288841406859,
            4269.8782080002975,
            4961.225566437022,
            4102.023852556659
        ],
        "FlagUp": 0,
        "Times": [],
        "width": 0,
        "height": 0,
        "area": [
            0.44288748138163025,
            0.44288748138163025,
            0.44288748138163025,
            0.44288748138163025,
            0.44288748138163025,
            0.44288748138163025,
            0.44288748138163025,
            0.44288748138163025
        ],
        "distance": 0,
        "xpert": [
            [
                351.0,
                228.8
            ],
            [
                346.4,
                227.6
            ],
            [
                345.4,
                223.0
            ],
            [
                347.0,
                219.0
            ],
            [
                351.0,
                218.0
            ],
            [
                354.6,
                219.4
            ],
            [
                357.6,
                223.0
            ],
            [
                356.8,
                228.8
            ]
        ],
        "stack": 0,
        "shift": [
            [
                0.0,
                0.0
            ],
            [
                0.0,
                0.0
            ],
            [
                0.0,
                0.0
            ],
            [
                0.0,
                0.0
            ],
            [
                0.0,
                0.0
            ],
            [
                0.0,
                0.0
            ],
            [
                0.0,
                0.0
            ],
            [
                0.0,
                0.0
            ],
            [
                0.0,
                0.0
            ]
        ],
        "channel": 0
    },
    {
        "type": "Stim",
        "location": [
            327,
            218
        ],
        "radloc": [
            0,
            0
        ],
        "mean": [
            64.25694444444444,
            74.35416666666667,
            79.67361111111111,
            92.65277777777777,
            83.39583333333333,
            102.04861111111111,
            85.97222222222223,
            92.3125
        ],
        "min": [
            26,
            26,
            19,
            36,
            25,
            38,
            15,
            12
        ],
        "max": [
            118,
            144,
            165,
            174,
            164,
            188,
            221,
            223
        ],
        "RawIntDen": [
            9253,
            10707,
            11473,
            13342,
            12009,
            14695,
            12380,
            13293
        ],
        "IntDen": [
            5785.465221493023,
            6694.582959745574,
            7173.526692552627,
            8342.124390485238,
            7508.662254934585,
            9188.091584333726,
            7740.631086359411,
            8311.486997655546
        ],
        "FlagUp": 0,
        "Times": [],
        "width": 0,
        "height": 0,
        "area": [
            0.6252529148917133,
            0.6252529148917133,
            0.6252529148917133,
            0.6252529148917133,
            0.6252529148917133,
            0.6252529148917133,
            0.6252529148917133,
            0.6252529148917133
        ],
        "distance": 0,
        "xpert": [
            [
                327.0,
                226.2
            ],
            [
                321.2,
                223.8
            ],
            [
                319.2,
                218.0
            ],
            [
                322.4,
                213.4
            ],
            [
                327.0,
                212.6
            ],
            [
                330.8,
                214.2
            ],
            [
                332.8,
                218.0
            ],
            [
                333.4,
                224.4
            ]
        ],
        "stack": 0,
        "shift": [
            [
                0.0,
                0.0
            ],
            [
                0.0,
                0.0
            ],
            [
                0.0,
                0.0
            ],
            [
                0.0,
                0.0
            ],
            [
                0.0,
                0.0
            ],
            [
                0.0,
                0.0
            ],
            [
                0.0,
                0.0
            ],
            [
                0.0,
                0.0
            ],
            [
                0.0,
                0.0
            ]
        ],
        "channel": 0
    },
    {
        "type": "Stim",
        "location": [
            319,
            254
        ],
        "radloc": [
            0,
            0
        ],
        "mean": [
            40.152542372881356,
            37.66949152542373,
            42.5,
            46.889830508474574,
            66.09322033898304,
            79.36440677966101,
            66.78813559322033,
            62.99152542372882
        ],
        "min": [
            11,
            11,
            8,
            10,
            14,
            20,
            14,
            25
        ],
        "max": [
            84,
            81,
            92,
            104,
            149,
            147,
            127,
            118
        ],
        "RawIntDen": [
            4738,
            4445,
            5015,
            5533,
            7799,
            9365,
            7881,
            7433
        ],
        "IntDen": [
            2427.5618102036015,
            2277.4403221517537,
            2569.485537815758,
            2834.8880320507656,
            3995.8958543220533,
            4798.251657356845,
            4037.9093765754715,
            3808.3720842641137
        ],
        "FlagUp": 0,
        "Times": [],
        "width": 0,
        "height": 0,
        "area": [
            0.5123600274807095,
            0.5123600274807095,
            0.5123600274807095,
            0.5123600274807095,
            0.5123600274807095,
            0.5123600274807095,
            0.5123600274807095,
            0.5123600274807095
        ],
        "distance": 0,
        "xpert": [
            [
                319.0,
                260.0
            ],
            [
                315.0,
                258.0
            ],
            [
                312.6,
                254.0
            ],
            [
                312.0,
                247.0
            ],
            [
                319.0,
                246.6
            ],
            [
                322.6,
                250.4
            ],
            [
                324.0,
                254.0
            ],
            [
                323.0,
                258.0
            ]
        ],
        "stack": 0,
        "shift": [
            [
                0.0,
                0.0
            ],
            [
                0.0,
                0.0
            ],
            [
                0.0,
                0.0
            ],
            [
                0.0,
                0.0
            ],
            [
                0.0,
                0.0
            ],
            [
                0.0,
                0.0
            ],
            [
                0.0,
                0.0
            ],
            [
                0.0,
                0.0
            ],
            [
                0.0,
                0.0
            ]
        ],
        "channel": 0
    },
    {
        "type": "Stim",
        "location": [
            285,
            263
        ],
        "radloc": [
            0,
            0
        ],
        "mean": [
            37.53174603174603,
            47.55555555555556,
            46.98412698412698,
            52.69047619047619,
            65.44444444444444,
            68.08730158730158,
            70.73809523809524,
            76.0
        ],
        "min": [
            6,
            6,
            6,
            6,
            7,
            12,
            14,
            20
        ],
        "max": [
            99,
            113,
            97,
            106,
            152,
            157,
            157,
            138
        ],
        "RawIntDen": [
            4729,
            5992,
            5920,
            6639,
            8246,
            8579,
            8913,
            9576
        ],
        "IntDen": [
            2587.218405207548,
            3278.2010327772527,
            3238.8100991390747,
            3632.172339220324,
            4511.3560941724345,
            4693.539162249007,
            4876.26932662611,
            5238.994173877666
        ],
        "FlagUp": 0,
        "Times": [],
        "width": 0,
        "height": 0,
        "area": [
            0.5470963005302492,
            0.5470963005302492,
            0.5470963005302492,
            0.5470963005302492,
            0.5470963005302492,
            0.5470963005302492,
            0.5470963005302492,
            0.5470963005302492
        ],
        "distance": 0,
        "xpert": [
            [
                285.0,
                269.0
            ],
            [
                280.8,
                267.2
            ],
            [
                279.2,
                263.0
            ],
            [
                279.0,
                257.0
            ],
            [
                285.0,
                254.2
            ],
            [
                289.0,
                259.0
            ],
            [
                291.0,
                263.0
            ],
            [
                290.6,
                268.6
            ]
        ],
        "stack": 0,
        "shift": [
            [
                0.0,
                0.0
            ],
            [
                0.0,
                0.0
            ],
            [
                0.0,
                0.0
            ],
            [
                0.0,
                0.0
            ],
            [
                0.0,
                0.0
            ],
            [
                0.0,
                0.0
            ],
            [
                0.0,
                0.0
            ],
            [
                0.0,
                0.0
            ],
            [
                0.0,
                0.0
            ]
        ],
        "channel": 0
    },
    {
        "type": "Stim",
        "location": [
            260,
            222
        ],
        "radloc": [
            0,
            0
        ],
        "mean": [
            60.435064935064936,
            65.09740259740259,
            56.298701298701296,
            61.59090909090909,
            58.58441558441559,
            66.45454545454545,
            61.5,
            55.55194805194805
        ],
        "min": [
            14,
            14,
            14,
            10,
            16,
            14,
            8,
            7
        ],
        "max": [
            122,
            143,
            117,
            143,
            147,
            144,
            141,
            137
        ],
        "RawIntDen": [
            9307,
            10025,
            8670,
            9485,
            9022,
            10234,
            9471,
            8555
        ],
        "IntDen": [
            6223.341995487257,
            6703.4493934414695,
            5797.39713128554,
            6342.365835091505,
            6032.77011746922,
            6843.202103988029,
            6333.004409504654,
            5720.499706822122
        ],
        "FlagUp": 0,
        "Times": [],
        "width": 0,
        "height": 0,
        "area": [
            0.6686732562036378,
            0.6686732562036378,
            0.6686732562036378,
            0.6686732562036378,
            0.6686732562036378,
            0.6686732562036378,
            0.6686732562036378,
            0.6686732562036378
        ],
        "distance": 0,
        "xpert": [
            [
                260.0,
                233.2
            ],
            [
                252.2,
                229.8
            ],
            [
                254.8,
                222.0
            ],
            [
                256.0,
                218.0
            ],
            [
                260.0,
                215.4
            ],
            [
                263.6,
                218.4
            ],
            [
                264.8,
                222.0
            ],
            [
                266.0,
                228.0
            ]
        ],
        "stack": 0,
        "shift": [
            [
                0.0,
                0.0
            ],
            [
                0.0,
                0.0
            ],
            [
                0.0,
                0.0
            ],
            [
                0.0,
                0.0
            ],
            [
                0.0,
                0.0
            ],
            [
                0.0,
                0.0
            ],
            [
                0.0,
                0.0
            ],
            [
                0.0,
                0.0
            ],
            [
                0.0,
                0.0
            ]
        ],
        "channel": 0
    },
    {
        "type": "Stim",
        "location": [
            251,
            262
        ],
        "radloc": [
            0,
            0
        ],
        "mean": [
            29.273333333333333,
            32.56666666666667,
            37.45333333333333,
            43.3,
            46.78666666666667,
            61.92,
            52.52,
            49.20666666666666
        ],
        "min": [
            8,
            6,
            7,
            9,
            8,
            17,
            11,
            11
        ],
        "max": [
            82,
            94,
            102,
            124,
            131,
            157,
            140,
            105
        ],
        "RawIntDen": [
            4391,
            4885,
            5618,
            6495,
            7018,
            9288,
            7878,
            7381
        ],
        "IntDen": [
            2859.8807805099095,
            3181.6255096312702,
            3659.0321623558807,
            4230.226752314248,
            4570.859329906296,
            6049.321951577326,
            5130.981732830122,
            4807.2830883497245
        ],
        "FlagUp": 0,
        "Times": [],
        "width": 0,
        "height": 0,
        "area": [
            0.6513051196788681,
            0.6513051196788681,
            0.6513051196788681,
            0.6513051196788681,
            0.6513051196788681,
            0.6513051196788681,
            0.6513051196788681,
            0.6513051196788681
        ],
        "distance": 0,
        "xpert": [
            [
                251.0,
                269.2
            ],
            [
                246.6,
                266.4
            ],
            [
                243.8,
                262.0
            ],
            [
                245.8,
                256.8
            ],
            [
                251.0,
                253.2
            ],
            [
                258.4,
                254.6
            ],
            [
                256.2,
                262.0
            ],
            [
                255.0,
                266.0
            ]
        ],
        "stack": 0,
        "shift": [
            [
                0.0,
                0.0
            ],
            [
                0.0,
                0.0
            ],
            [
                0.0,
                0.0
            ],
            [
                0.0,
                0.0
            ],
            [
                0.0,
                0.0
            ],
            [
                0.0,
                0.0
            ],
            [
                0.0,
                0.0
            ],
            [
                0.0,
                0.0
            ],
            [
                0.0,
                0.0
            ]
        ],
        "channel": 0
    },
    {
        "type": "Stim",
        "location": [
            234,
            257
        ],
        "radloc": [
            0,
            0
        ],
        "mean": [
            76.02051282051282,
            75.44102564102565,
            80.75384615384615,
            91.94871794871794,
            106.07692307692308,
            124.95384615384616,
            128.43076923076924,
            116.82564102564102
        ],
        "min": [
            18,
            21,
            25,
            24,
            32,
            37,
            42,
            38
        ],
        "max": [
            150,
            159,
            136,
            196,
            192,
            240,
            226,
            224
        ],
        "RawIntDen": [
            14824,
            14711,
            15747,
            17930,
            20685,
            24366,
            25044,
            22781
        ],
        "IntDen": [
            12551.4312223554,
            12455.754500274576,
            13332.932235458075,
            15181.271034594734,
            17513.9203207246,
            20630.610709923887,
            21204.67104240884,
            19288.59651082558
        ],
        "FlagUp": 0,
        "Times": [],
        "width": 0,
        "height": 0,
        "area": [
            0.8466966555825284,
            0.8466966555825284,
            0.8466966555825284,
            0.8466966555825284,
            0.8466966555825284,
            0.8466966555825284,
            0.8466966555825284,
            0.8466966555825284
        ],
        "distance": 0,
        "xpert": [
            [
                234.0,
                265.6
            ],
            [
                228.2,
                262.8
            ],
            [
                225.2,
                257.0
            ],
            [
                227.8,
                250.8
            ],
            [
                234.0,
                250.8
            ],
            [
                240.2,
                250.8
            ],
            [
                242.6,
                257.0
            ],
            [
                239.4,
                262.4
            ]
        ],
        "stack": 0,
        "shift": [
            [
                0.0,
                0.0
            ],
            [
                0.0,
                0.0
            ],
            [
                0.0,
                0.0
            ],
            [
                0.0,
                0.0
            ],
            [
                0.0,
                0.0
            ],
            [
                0.0,
                0.0
            ],
            [
                0.0,
                0.0
            ],
            [
                0.0,
                0.0
            ],
            [
                0.0,
                0.0
            ]
        ],
        "channel": 0
    },
    {
        "type": "Stim",
        "location": [
            210,
            259
        ],
        "radloc": [
            0,
            0
        ],
        "mean": [
            47.81118881118881,
            45.27972027972028,
            48.66433566433567,
            52.26573426573427,
            45.95104895104895,
            58.41958041958042,
            67.54545454545455,
            68.86713286713287
        ],
        "min": [
            7,
            10,
            12,
            13,
            8,
            13,
            7,
            8
        ],
        "max": [
            130,
            106,
            111,
            123,
            101,
            114,
            192,
            158
        ],
        "RawIntDen": [
            6837,
            6475,
            6959,
            7474,
            6571,
            8354,
            9659,
            9848
        ],
        "IntDen": [
            4245.167691759681,
            4020.3979529243725,
            4320.918819212465,
            4640.6879228041325,
            4080.0053974773823,
            5187.089497873391,
            5997.378197265871,
            6114.730353729609
        ],
        "FlagUp": 0,
        "Times": [],
        "width": 0,
        "height": 0,
        "area": [
            0.6209108807605208,
            0.6209108807605208,
            0.6209108807605208,
            0.6209108807605208,
            0.6209108807605208,
            0.6209108807605208,
            0.6209108807605208,
            0.6209108807605208
        ],
        "distance": 0,
        "xpert": [
            [
                210.0,
                265.2
            ],
            [
                202.8,
                266.2
            ],
            [
                202.8,
                259.0
            ],
            [
                205.4,
                254.4
            ],
            [
                210.0,
                251.8
            ],
            [
                216.0,
                253.0
            ],
            [
                215.2,
                259.0
            ],
            [
                214.0,
                263.0
            ]
        ],
        "stack": 0,
        "shift": [
            [
                0.0,
                0.0
            ],
            [
                0.0,
                0.0
            ],
            [
                0.0,
                0.0
            ],
            [
                0.0,
                0.0
            ],
            [
                0.0,
                0.0
            ],
            [
                0.0,
                0.0
            ],
            [
                0.0,
                0.0
            ],
            [
                0.0,
                0.0
            ],
            [
                0.0,
                0.0
            ]
        ],
        "channel": 0
    },
    {
        "type": "Spine",
        "location": [
            223,
            230
        ],
        "radloc": [
            0,
            0
        ],
        "mean": [
            117.16778523489933,
            120.71812080536913,
            87.43624161073825,
            91.73825503355705,
            104.57718120805369,
            118.86577181208054,
            141.09395973154363,
            137.86577181208054
        ],
        "min": [
            23,
            20,
            17,
            12,
            17,
            23,
            16,
            14
        ],
        "max": [
            225,
            244,
            183,
            217,
            238,
            231,
            255,
            255
        ],
        "RawIntDen": [
            17458,
            17987,
            13028,
            13669,
            15582,
            17711,
            21023,
            20542
        ],
        "IntDen": [
            11294.68154749132,
            11636.92501974604,
            8428.635078515117,
            8843.338416351176,
            10080.97879900388,
            11458.363208134882,
            13601.104947468782,
            13289.915703320352
        ],
        "FlagUp": 0,
        "Times": [],
        "width": 0,
        "height": 0,
        "area": [
            0.6469630855476756,
            0.6469630855476756,
            0.6469630855476756,
            0.6469630855476756,
            0.6469630855476756,
            0.6469630855476756,
            0.6469630855476756,
            0.6469630855476756
        ],
        "distance": -0.72479,
        "xpert": [
            [
                223.0,
                238.0
            ],
            [
                216.8,
                236.2
            ],
            [
                214.8,
                230.0
            ],
            [
                217.0,
                224.0
            ],
            [
                223.0,
                224.2
            ],
            [
                226.4,
                226.6
            ],
            [
                229.0,
                230.0
            ],
            [
                229.0,
                236.0
            ]
        ],
        "stack": 0,
        "shift": [
            [
                0.0,
                0.0
            ],
            [
                0.0,
                0.0
            ],
            [
                0.0,
                0.0
            ],
            [
                0.0,
                0.0
            ],
            [
                0.0,
                0.0
            ],
            [
                0.0,
                0.0
            ],
            [
                0.0,
                0.0
            ],
            [
                0.0,
                0.0
            ],
            [
                0.0,
                0.0
            ]
        ],
        "channel": 0
    },
    {
        "type": "Spine",
        "location": [
            354,
            243
        ],
        "radloc": [
            0,
            0
        ],
        "mean": [
            51.2952380952381,
            61.98095238095238,
            45.885714285714286,
            45.457142857142856,
            58.8,
            86.6952380952381,
            78.63809523809523,
            98.9047619047619
        ],
        "min": [
            10,
            11,
            10,
            10,
            11,
            22,
            29,
            31
        ],
        "max": [
            136,
            149,
            119,
            96,
            139,
            177,
            179,
            179
        ],
        "RawIntDen": [
            5386,
            6508,
            4818,
            4773,
            6174,
            9103,
            8257,
            10385
        ],
        "IntDen": [
            2455.550562213268,
            2967.085603209051,
            2196.5916466289505,
            2176.0755353590657,
            2814.8104662281316,
            4150.181353105715,
            3764.478461231889,
            4734.662567505531
        ],
        "FlagUp": 0,
        "Times": [],
        "width": 0,
        "height": 0,
        "area": [
            0.45591358377520763,
            0.45591358377520763,
            0.45591358377520763,
            0.45591358377520763,
            0.45591358377520763,
            0.45591358377520763,
            0.45591358377520763,
            0.45591358377520763
        ],
        "distance": -0.19767,
        "xpert": [
            [
                354.0,
                248.8
            ],
            [
                349.4,
                247.6
            ],
            [
                348.6,
                243.0
            ],
            [
                348.2,
                237.2
            ],
            [
                354.0,
                237.2
            ],
            [
                359.2,
                237.8
            ],
            [
                359.0,
                243.0
            ],
            [
                357.4,
                246.4
            ]
        ],
        "stack": 0,
        "shift": [
            [
                0.0,
                0.0
            ],
            [
                0.0,
                0.0
            ],
            [
                0.0,
                0.0
            ],
            [
                0.0,
                0.0
            ],
            [
                0.0,
                0.0
            ],
            [
                0.0,
                0.0
            ],
            [
                0.0,
                0.0
            ],
            [
                0.0,
                0.0
            ],
            [
                0.0,
                0.0
            ]
        ],
        "channel": 0
    },
    {
        "type": "Spine",
        "location": [
            408,
            245
        ],
        "radloc": [
            0,
            0
        ],
        "mean": [
            92.1938775510204,
            92.65306122448979,
            96.33673469387755,
            117.21428571428571,
            81.10204081632654,
            107.23469387755102,
            130.19387755102042,
            106.05102040816327
        ],
        "min": [
            19,
            30,
            37,
            26,
            15,
            11,
            14,
            16
        ],
        "max": [
            168,
            148,
            158,
            206,
            226,
            237,
            254,
            236
        ],
        "RawIntDen": [
            9035,
            9080,
            9441,
            11487,
            7948,
            10509,
            12759,
            10393
        ],
        "IntDen": [
            3844.567280781734,
            3863.715651300293,
            4017.3281347936195,
            4887.940714370756,
            3382.0277529223267,
            4471.782795100747,
            5429.201321028682,
            4422.42255109735
        ],
        "FlagUp": 0,
        "Times": [],
        "width": 0,
        "height": 0,
        "area": [
            0.42551934485686044,
            0.42551934485686044,
            0.42551934485686044,
            0.42551934485686044,
            0.42551934485686044,
            0.42551934485686044,
            0.42551934485686044,
            0.42551934485686044
        ],
        "distance": -0.19767,
        "xpert": [
            [
                408.0,
                250.4
            ],
            [
                403.8,
                249.2
            ],
            [
                401.0,
                245.0
            ],
            [
                403.8,
                240.8
            ],
            [
                408.0,
                240.8
            ],
            [
                412.2,
                240.8
            ],
            [
                414.4,
                245.0
            ],
            [
                412.2,
                249.2
            ]
        ],
        "stack": 0,
        "shift": [
            [
                0.0,
                0.0
            ],
            [
                0.0,
                0.0
            ],
            [
                0.0,
                0.0
            ],
            [
                0.0,
                0.0
            ],
            [
                0.0,
                0.0
            ],
            [
                0.0,
                0.0
            ],
            [
                0.0,
                0.0
            ],
            [
                0.0,
                0.0
            ],
            [
                0.0,
                0.0
            ]
        ],
        "channel": 0
    },
    {
        "type": "Spine",
        "location": [
            195,
            235
        ],
        "radloc": [
            0,
            0
        ],
        "mean": [
            54.94615384615385,
            51.323076923076925,
            42.40769230769231,
            43.13076923076923,
            45.86153846153846,
            57.90769230769231,
            61.46923076923077,
            62.54615384615385
        ],
        "min": [
            11,
            11,
            11,
            7,
            9,
            13,
            11,
            11
        ],
        "max": [
            127,
            105,
            93,
            112,
            107,
            133,
            146,
            148
        ],
        "RawIntDen": [
            7143,
            6672,
            5513,
            5607,
            5962,
            7528,
            7991,
            8131
        ],
        "IntDen": [
            4031.9694738840003,
            3766.1067240310863,
            3111.8924414843195,
            3164.9520985674912,
            3365.336973722023,
            4249.288282150183,
            4510.635316506657,
            4589.660337694359
        ],
        "FlagUp": 0,
        "Times": [],
        "width": 0,
        "height": 0,
        "area": [
            0.5644644370550189,
            0.5644644370550189,
            0.5644644370550189,
            0.5644644370550189,
            0.5644644370550189,
            0.5644644370550189,
            0.5644644370550189,
            0.5644644370550189
        ],
        "distance": 0.9883500000000001,
        "xpert": [
            [
                195.0,
                241.2
            ],
            [
                189.2,
                240.8
            ],
            [
                188.0,
                235.0
            ],
            [
                189.6,
                229.6
            ],
            [
                195.0,
                228.4
            ],
            [
                200.0,
                230.0
            ],
            [
                201.0,
                235.0
            ],
            [
                199.4,
                239.4
            ]
        ],
        "stack": 0,
        "shift": [
            [
                0.0,
                0.0
            ],
            [
                0.0,
                0.0
            ],
            [
                0.0,
                0.0
            ],
            [
                0.0,
                0.0
            ],
            [
                0.0,
                0.0
            ],
            [
                0.0,
                0.0
            ],
            [
                0.0,
                0.0
            ],
            [
                0.0,
                0.0
            ],
            [
                0.0,
                0.0
            ]
        ],
        "channel": 0
    },
    {
        "type": "Spine",
        "location": [
            174,
            239
        ],
        "radloc": [
            0,
            0
        ],
        "mean": [
            46.385245901639344,
            59.09836065573771,
            61.84426229508197,
            61.77049180327869,
            56.90163934426229,
            66.36065573770492,
            55.89344262295082,
            72.07377049180327
        ],
        "min": [
            13,
            9,
            12,
            12,
            12,
            15,
            7,
            10
        ],
        "max": [
            89,
            120,
            149,
            128,
            113,
            129,
            124,
            154
        ],
        "RawIntDen": [
            5659,
            7210,
            7545,
            7536,
            6942,
            8096,
            6819,
            8793
        ],
        "IntDen": [
            2997.7316801070074,
            3819.340062479506,
            3996.7989974213415,
            3992.0314439452923,
            3677.372914526037,
            4288.67921578836,
            3612.2163503533634,
            4657.89974610018
        ],
        "FlagUp": 0,
        "Times": [],
        "width": 0,
        "height": 0,
        "area": [
            0.5297281640054793,
            0.5297281640054793,
            0.5297281640054793,
            0.5297281640054793,
            0.5297281640054793,
            0.5297281640054793,
            0.5297281640054793,
            0.5297281640054793
        ],
        "distance": 2.37204,
        "xpert": [
            [
                174.0,
                243.2
            ],
            [
                169.8,
                243.2
            ],
            [
                166.6,
                239.0
            ],
            [
                168.4,
                233.4
            ],
            [
                174.0,
                232.8
            ],
            [
                179.0,
                234.0
            ],
            [
                181.4,
                239.0
            ],
            [
                178.2,
                243.2
            ]
        ],
        "stack": 0,
        "shift": [
            [
                0.0,
                0.0
            ],
            [
                0.0,
                0.0
            ],
            [
                0.0,
                0.0
            ],
            [
                0.0,
                0.0
            ],
            [
                0.0,
                0.0
            ],
            [
                0.0,
                0.0
            ],
            [
                0.0,
                0.0
            ],
            [
                0.0,
                0.0
            ],
            [
                0.0,
                0.0
            ]
        ],
        "channel": 0
    },
    {
        "type": "Spine",
        "location": [
            179,
            260
        ],
        "radloc": [
            0,
            0
        ],
        "mean": [
            69.86764705882354,
            54.779411764705884,
            57.52205882352941,
            61.24264705882353,
            81.81617647058823,
            79.1029411764706,
            81.5220588235294,
            66.81617647058823
        ],
        "min": [
            9,
            8,
            10,
            9,
            12,
            9,
            14,
            12
        ],
        "max": [
            200,
            165,
            162,
            174,
            209,
            192,
            198,
            168
        ],
        "RawIntDen": [
            9502,
            7450,
            7823,
            8329,
            11127,
            10758,
            11087,
            9087
        ],
        "IntDen": [
            5611.089130784334,
            4399.348981724193,
            4619.611689131325,
            4918.413109903465,
            6570.678673777867,
            6352.778032938104,
            6547.05800810418,
            5366.024724419832
        ],
        "FlagUp": 0,
        "Times": [],
        "width": 0,
        "height": 0,
        "area": [
            0.5905166418421737,
            0.5905166418421737,
            0.5905166418421737,
            0.5905166418421737,
            0.5905166418421737,
            0.5905166418421737,
            0.5905166418421737,
            0.5905166418421737
        ],
        "distance": 2.04259,
        "xpert": [
            [
                179.0,
                265.6
            ],
            [
                175.0,
                264.0
            ],
            [
                173.4,
                260.0
            ],
            [
                172.0,
                253.0
            ],
            [
                179.0,
                252.2
            ],
            [
                185.8,
                253.2
            ],
            [
                184.4,
                260.0
            ],
            [
                183.0,
                264.0
            ]
        ],
        "stack": 0,
        "shift": [
            [
                0.0,
                0.0
            ],
            [
                0.0,
                0.0
            ],
            [
                0.0,
                0.0
            ],
            [
                0.0,
                0.0
            ],
            [
                0.0,
                0.0
            ],
            [
                0.0,
                0.0
            ],
            [
                0.0,
                0.0
            ],
            [
                0.0,
                0.0
            ],
            [
                0.0,
                0.0
            ]
        ],
        "channel": 0
    },
    {
        "type": "Spine",
        "location": [
            141,
            253
        ],
        "radloc": [
            0,
            0
        ],
        "mean": [
            115.41721854304636,
            117.02649006622516,
            102.49006622516556,
            119.29139072847683,
            96.35099337748345,
            107.39735099337749,
            89.71523178807946,
            100.67549668874172
        ],
        "min": [
            20,
            14,
            18,
            20,
            17,
            14,
            16,
            20
        ],
        "max": [
            238,
            248,
            210,
            244,
            210,
            246,
            222,
            223
        ],
        "RawIntDen": [
            17428,
            17671,
            15476,
            18013,
            14549,
            16217,
            13547,
            15202
        ],
        "IntDen": [
            11426.618596601735,
            11585.940854977578,
            10146.795352364496,
            11810.17218158062,
            9539.01044078257,
            10632.629893337751,
            8882.051992664889,
            9967.148032220539
        ],
        "FlagUp": 0,
        "Times": [],
        "width": 0,
        "height": 0,
        "area": [
            0.6556471538100604,
            0.6556471538100604,
            0.6556471538100604,
            0.6556471538100604,
            0.6556471538100604,
            0.6556471538100604,
            0.6556471538100604,
            0.6556471538100604
        ],
        "distance": 4.846627847872397,
        "xpert": [
            [
                141.0,
                265.4
            ],
            [
                135.6,
                258.4
            ],
            [
                134.8,
                253.0
            ],
            [
                137.0,
                249.0
            ],
            [
                141.0,
                247.6
            ],
            [
                144.4,
                249.6
            ],
            [
                146.0,
                253.0
            ],
            [
                147.8,
                259.8
            ]
        ],
        "stack": 0,
        "shift": [
            [
                0.0,
                0.0
            ],
            [
                0.0,
                0.0
            ],
            [
                0.0,
                0.0
            ],
            [
                0.0,
                0.0
            ],
            [
                0.0,
                0.0
            ],
            [
                0.0,
                0.0
            ],
            [
                0.0,
                0.0
            ],
            [
                0.0,
                0.0
            ],
            [
                0.0,
                0.0
            ]
        ],
        "channel": 0
    }
]