[
    {
        "type": "Stim",
        "location": [
            29,
            270
        ],
        "radloc": [
            0,
            0
        ],
        "mean": [
            46.68032786885246,
            59.05327868852459,
            50.35245901639344,
            101.50819672131148,
            91.42213114754098,
            65.84426229508196,
            56.07786885245902,
            47.700819672131146
        ],
        "min": [
            5,
            5,
            5,
            11,
            8,
            8,
            6,
            5
        ],
        "max": [
            177,
            173,
            174,
            199,
            220,
            163,
            195,
            213
        ],
        "RawIntDen": [
            11390,
            14409,
            12286,
            24768,
            22307,
            16066,
            13683,
            11639
        ],
        "IntDen": [
            12067.207576044824,
            15265.706230309908,
            13016.480445942643,
            26240.614332175435,
            23633.292308940465,
            17021.22536582407,
            14496.540936173953,
            12331.012201719552
        ],
        "FlagUp": 0,
        "Times": [],
        "width": 0,
        "height": 0,
        "area": [
            1.059456328010959,
            1.059456328010959,
            1.059456328010959,
            1.059456328010959,
            1.059456328010959,
            1.059456328010959,
            1.059456328010959,
            1.059456328010959
        ],
        "distance": 0,
        "xpert": [
            [
                29.0,
                280.2
            ],
            [
                22.2,
                276.8
            ],
            [
                20.4,
                270.0
            ],
            [
                22.0,
                263.0
            ],
            [
                29.0,
                260.6
            ],
            [
                33.6,
                265.4
            ],
            [
                38.2,
                270.0
            ],
            [
                36.2,
                277.2
            ]
        ],
        "stack": 0,
        "shift": [
            [
                0.0,
                0.0
            ],
            [
                0.0,
                0.0
            ],
            [
                0.0,
                0.0
            ],
            [
                0.0,
                0.0
            ],
            [
                0.0,
                0.0
            ],
            [
                0.0,
                0.0
            ],
            [
                0.0,
                0.0
            ],
            [
                0.0,
                0.0
            ],
            [
                0.0,
                0.0
            ]
        ],
        "channel": 0
    },
    {
        "type": "Stim",
        "location": [
            60,
            232
        ],
        "radloc": [
            0,
            0
        ],
        "mean": [
            67.43870967741935,
            79.20645161290322,
            74.83870967741936,
            144.73548387096776,
            122.3225806451613,
            109.0,
            102.70322580645161,
            93.98064516129033
        ],
        "min": [
            6,
            8,
            7,
            25,
            28,
            22,
            13,
            15
        ],
        "max": [
            190,
            207,
            214,
            246,
            248,
            235,
            190,
            194
        ],
        "RawIntDen": [
            10453,
            12277,
            11600,
            22434,
            18960,
            16895,
            15919,
            14567
        ],
        "IntDen": [
            7035.028829869983,
            8262.608719440716,
            7806.977367884035,
            15098.425023371588,
            12760.369904748388,
            11370.593330206962,
            10713.730406840168,
            9803.813734307476
        ],
        "FlagUp": 0,
        "Times": [],
        "width": 0,
        "height": 0,
        "area": [
            0.6730152903348305,
            0.6730152903348305,
            0.6730152903348305,
            0.6730152903348305,
            0.6730152903348305,
            0.6730152903348305,
            0.6730152903348305,
            0.6730152903348305
        ],
        "distance": 0,
        "xpert": [
            [
                60.0,
                240.2
            ],
            [
                53.6,
                238.4
            ],
            [
                54.8,
                232.0
            ],
            [
                56.8,
                228.8
            ],
            [
                60.0,
                226.0
            ],
            [
                66.2,
                225.8
            ],
            [
                68.6,
                232.0
            ],
            [
                65.6,
                237.6
            ]
        ],
        "stack": 0,
        "shift": [
            [
                0.0,
                0.0
            ],
            [
                0.0,
                0.0
            ],
            [
                0.0,
                0.0
            ],
            [
                0.0,
                0.0
            ],
            [
                0.0,
                0.0
            ],
            [
                0.0,
                0.0
            ],
            [
                0.0,
                0.0
            ],
            [
                0.0,
                0.0
            ],
            [
                0.0,
                0.0
            ]
        ],
        "channel": 0
    },
    {
        "type": "Stim",
        "location": [
            78,
            266
        ],
        "radloc": [
            0,
            0
        ],
        "mean": [
            49.59090909090909,
            45.92857142857143,
            41.44155844155844,
            42.27272727272727,
            60.51298701298701,
            60.22077922077922,
            59.532467532467535,
            79.62337662337663
        ],
        "min": [
            10,
            9,
            9,
            8,
            9,
            11,
            14,
            21
        ],
        "max": [
            133,
            122,
            100,
            116,
            174,
            164,
            126,
            152
        ],
        "RawIntDen": [
            7637,
            7073,
            6382,
            6510,
            9319,
            9274,
            9168,
            12262
        ],
        "IntDen": [
            5106.657657627185,
            4729.525941128332,
            4267.472721091618,
            4353.062897885684,
            6231.3660745617035,
            6201.27577803254,
            6130.396412874954,
            8199.27146756901
        ],
        "FlagUp": 0,
        "Times": [],
        "width": 0,
        "height": 0,
        "area": [
            0.668673256203638,
            0.668673256203638,
            0.668673256203638,
            0.668673256203638,
            0.668673256203638,
            0.668673256203638,
            0.668673256203638,
            0.668673256203638
        ],
        "distance": 0,
        "xpert": [
            [
                78.0,
                271.6
            ],
            [
                72.0,
                272.0
            ],
            [
                67.8,
                266.0
            ],
            [
                71.6,
                259.6
            ],
            [
                78.0,
                259.8
            ],
            [
                83.4,
                260.6
            ],
            [
                83.8,
                266.0
            ],
            [
                82.0,
                270.0
            ]
        ],
        "stack": 0,
        "shift": [
            [
                0.0,
                0.0
            ],
            [
                0.0,
                0.0
            ],
            [
                0.0,
                0.0
            ],
            [
                0.0,
                0.0
            ],
            [
                0.0,
                0.0
            ],
            [
                0.0,
                0.0
            ],
            [
                0.0,
                0.0
            ],
            [
                0.0,
                0.0
            ],
            [
                0.0,
                0.0
            ]
        ],
        "channel": 0
    },
    {
        "type": "Stim",
        "location": [
            110,
            239
        ],
        "radloc": [
            0,
            0
        ],
        "mean": [
            42.61764705882353,
            35.03431372549019,
            46.990196078431374,
            161.51960784313727,
            89.56372549019608,
            112.95588235294117,
            72.45588235294117,
            82.8578431372549
        ],
        "min": [
            7,
            6,
            7,
            54,
            11,
            14,
            8,
            14
        ],
        "max": [
            184,
            137,
            162,
            255,
            239,
            255,
            181,
            197
        ],
        "RawIntDen": [
            8694,
            7147,
            9586,
            32950,
            18271,
            23043,
            14781,
            16903
        ],
        "IntDen": [
            7700.92752626379,
            6330.633658869026,
            8491.038793048618,
            29186.285023049444,
            16183.994344647539,
            20410.91246695382,
            13092.63972460376,
            14972.254195587398
        ],
        "FlagUp": 0,
        "Times": [],
        "width": 0,
        "height": 0,
        "area": [
            0.8857749627632608,
            0.8857749627632608,
            0.8857749627632608,
            0.8857749627632608,
            0.8857749627632608,
            0.8857749627632608,
            0.8857749627632608,
            0.8857749627632608
        ],
        "distance": 0,
        "xpert": [
            [
                110.0,
                247.8
            ],
            [
                104.6,
                244.4
            ],
            [
                100.0,
                239.0
            ],
            [
                103.2,
                232.2
            ],
            [
                110.0,
                231.2
            ],
            [
                116.0,
                233.0
            ],
            [
                117.0,
                239.0
            ],
            [
                116.2,
                245.2
            ]
        ],
        "stack": 0,
        "shift": [
            [
                0.0,
                0.0
            ],
            [
                0.0,
                0.0
            ],
            [
                0.0,
                0.0
            ],
            [
                0.0,
                0.0
            ],
            [
                0.0,
                0.0
            ],
            [
                0.0,
                0.0
            ],
            [
                0.0,
                0.0
            ],
            [
                0.0,
                0.0
            ],
            [
                0.0,
                0.0
            ]
        ],
        "channel": 0
    },
    {
        "type": "Stim",
        "location": [
            146,
            230
        ],
        "radloc": [
            0,
            0
        ],
        "mean": [
            47.748936170212765,
            46.91489361702128,
            41.41276595744681,
            107.05531914893616,
            61.05531914893617,
            59.47234042553192,
            60.17872340425532,
            61.51063829787234
        ],
        "min": [
            8,
            7,
            6,
            13,
            10,
            10,
            10,
            8
        ],
        "max": [
            152,
            138,
            131,
            221,
            171,
            170,
            144,
            180
        ],
        "RawIntDen": [
            11221,
            11025,
            9732,
            25158,
            14348,
            13976,
            14142,
            14455
        ],
        "IntDen": [
            11449.661771735977,
            11249.667679653252,
            9930.318898719768,
            25670.67024804685,
            14640.383842872096,
            14260.803219123252,
            14430.18597058107,
            14749.56429110093
        ],
        "FlagUp": 0,
        "Times": [],
        "width": 0,
        "height": 0,
        "area": [
            1.0203780208302269,
            1.0203780208302269,
            1.0203780208302269,
            1.0203780208302269,
            1.0203780208302269,
            1.0203780208302269,
            1.0203780208302269,
            1.0203780208302269
        ],
        "distance": 0,
        "xpert": [
            [
                146.0,
                238.6
            ],
            [
                138.2,
                237.8
            ],
            [
                136.6,
                230.0
            ],
            [
                139.0,
                223.0
            ],
            [
                146.0,
                220.0
            ],
            [
                151.0,
                225.0
            ],
            [
                154.2,
                230.0
            ],
            [
                152.0,
                236.0
            ]
        ],
        "stack": 0,
        "shift": [
            [
                0.0,
                0.0
            ],
            [
                0.0,
                0.0
            ],
            [
                0.0,
                0.0
            ],
            [
                0.0,
                0.0
            ],
            [
                0.0,
                0.0
            ],
            [
                0.0,
                0.0
            ],
            [
                0.0,
                0.0
            ],
            [
                0.0,
                0.0
            ],
            [
                0.0,
                0.0
            ]
        ],
        "channel": 0
    },
    {
        "type": "Stim",
        "location": [
            180,
            239
        ],
        "radloc": [
            0,
            0
        ],
        "mean": [
            119.72081218274111,
            100.85786802030456,
            96.71065989847716,
            170.58375634517768,
            123.18781725888324,
            99.60406091370558,
            98.42639593908629,
            97.50761421319797
        ],
        "min": [
            13,
            23,
            15,
            52,
            18,
            11,
            9,
            13
        ],
        "max": [
            255,
            250,
            236,
            255,
            255,
            255,
            254,
            251
        ],
        "RawIntDen": [
            23585,
            19869,
            19052,
            33605,
            24268,
            19622,
            19390,
            19209
        ],
        "IntDen": [
            20174.15437188229,
            16995.55960207459,
            16296.713550693295,
            28745.069224808325,
            20758.379406268366,
            16784.280563284898,
            16585.832235352875,
            16431.008324336948
        ],
        "FlagUp": 0,
        "Times": [],
        "width": 0,
        "height": 0,
        "area": [
            0.8553807238449137,
            0.8553807238449137,
            0.8553807238449137,
            0.8553807238449137,
            0.8553807238449137,
            0.8553807238449137,
            0.8553807238449137,
            0.8553807238449137
        ],
        "distance": 0,
        "xpert": [
            [
                180.0,
                245.8
            ],
            [
                173.2,
                245.8
            ],
            [
                169.2,
                239.0
            ],
            [
                173.6,
                232.6
            ],
            [
                180.0,
                232.2
            ],
            [
                185.2,
                233.8
            ],
            [
                187.2,
                239.0
            ],
            [
                186.8,
                245.8
            ]
        ],
        "stack": 0,
        "shift": [
            [
                0.0,
                0.0
            ],
            [
                0.0,
                0.0
            ],
            [
                0.0,
                0.0
            ],
            [
                0.0,
                0.0
            ],
            [
                0.0,
                0.0
            ],
            [
                0.0,
                0.0
            ],
            [
                0.0,
                0.0
            ],
            [
                0.0,
                0.0
            ],
            [
                0.0,
                0.0
            ]
        ],
        "channel": 0
    },
    {
        "type": "Stim",
        "location": [
            182,
            272
        ],
        "radloc": [
            0,
            0
        ],
        "mean": [
            44.94736842105263,
            46.203007518796994,
            61.87218045112782,
            118.1203007518797,
            157.39097744360902,
            66.43609022556392,
            74.51127819548873,
            79.11278195488721
        ],
        "min": [
            5,
            6,
            6,
            25,
            53,
            10,
            14,
            8
        ],
        "max": [
            158,
            166,
            173,
            215,
            252,
            153,
            165,
            164
        ],
        "RawIntDen": [
            5978,
            6145,
            8229,
            15710,
            20933,
            8836,
            9910,
            10522
        ],
        "IntDen": [
            3452.23844482371,
            3548.6793649116257,
            4752.169649122501,
            9072.376374737452,
            12088.60946227747,
            5102.706406567799,
            5722.9312459355915,
            6076.355456078133
        ],
        "FlagUp": 0,
        "Times": [],
        "width": 0,
        "height": 0,
        "area": [
            0.5774905394485965,
            0.5774905394485965,
            0.5774905394485965,
            0.5774905394485965,
            0.5774905394485965,
            0.5774905394485965,
            0.5774905394485965,
            0.5774905394485965
        ],
        "distance": 0,
        "xpert": [
            [
                182.0,
                278.2
            ],
            [
                175.4,
                278.6
            ],
            [
                171.6,
                272.0
            ],
            [
                177.0,
                267.0
            ],
            [
                182.0,
                267.2
            ],
            [
                185.4,
                268.6
            ],
            [
                187.2,
                272.0
            ],
            [
                186.2,
                276.2
            ]
        ],
        "stack": 0,
        "shift": [
            [
                0.0,
                0.0
            ],
            [
                0.0,
                0.0
            ],
            [
                0.0,
                0.0
            ],
            [
                0.0,
                0.0
            ],
            [
                0.0,
                0.0
            ],
            [
                0.0,
                0.0
            ],
            [
                0.0,
                0.0
            ],
            [
                0.0,
                0.0
            ],
            [
                0.0,
                0.0
            ]
        ],
        "channel": 0
    },
    {
        "type": "Spine",
        "location": [
            143,
            274
        ],
        "radloc": [
            0,
            0
        ],
        "mean": [
            71.68852459016394,
            72.88524590163935,
            74.48633879781421,
            71.94535519125684,
            78.84699453551913,
            91.37704918032787,
            93.69945355191257,
            105.44808743169399
        ],
        "min": [
            7,
            6,
            6,
            7,
            7,
            15,
            17,
            22
        ],
        "max": [
            222,
            206,
            201,
            211,
            210,
            223,
            198,
            217
        ],
        "RawIntDen": [
            13119,
            13338,
            13631,
            13166,
            14429,
            16722,
            17147,
            19297
        ],
        "IntDen": [
            10424.255675381828,
            10598.271377257628,
            10831.086905338037,
            10461.601510944216,
            11465.171517652596,
            13287.171537749444,
            13624.873242302936,
            15333.246571220609
        ],
        "FlagUp": 0,
        "Times": [],
        "width": 0,
        "height": 0,
        "area": [
            0.7945922460082193,
            0.7945922460082193,
            0.7945922460082193,
            0.7945922460082193,
            0.7945922460082193,
            0.7945922460082193,
            0.7945922460082193,
            0.7945922460082193
        ],
        "distance": -0.19767,
        "xpert": [
            [
                143.0,
                285.0
            ],
            [
                137.4,
                279.6
            ],
            [
                136.0,
                274.0
            ],
            [
                136.0,
                267.0
            ],
            [
                143.0,
                264.8
            ],
            [
                147.2,
                269.8
            ],
            [
                148.2,
                274.0
            ],
            [
                148.0,
                279.0
            ]
        ],
        "stack": 0,
        "shift": [
            [
                0.0,
                0.0
            ],
            [
                0.0,
                0.0
            ],
            [
                0.0,
                0.0
            ],
            [
                0.0,
                0.0
            ],
            [
                0.0,
                0.0
            ],
            [
                0.0,
                0.0
            ],
            [
                0.0,
                0.0
            ],
            [
                0.0,
                0.0
            ],
            [
                0.0,
                0.0
            ]
        ],
        "channel": 0
    },
    {
        "type": "Spine",
        "location": [
            129,
            314
        ],
        "radloc": [
            0,
            0
        ],
        "mean": [
            30.96153846153846,
            37.03076923076923,
            42.784615384615385,
            27.446153846153845,
            34.73076923076923,
            46.2,
            71.55384615384615,
            67.61538461538461
        ],
        "min": [
            2,
            4,
            4,
            4,
            4,
            6,
            14,
            6
        ],
        "max": [
            94,
            120,
            113,
            88,
            103,
            120,
            196,
            191
        ],
        "RawIntDen": [
            4025,
            4814,
            5562,
            3568,
            4515,
            6006,
            9302,
            8790
        ],
        "IntDen": [
            2271.969359146452,
            2717.3317999828623,
            3139.5511989000165,
            2014.0091114123084,
            2548.5569333034114,
            3390.1734089524452,
            5250.648193485788,
            4961.642401713619
        ],
        "FlagUp": 0,
        "Times": [],
        "width": 0,
        "height": 0,
        "area": [
            0.5644644370550191,
            0.5644644370550191,
            0.5644644370550191,
            0.5644644370550191,
            0.5644644370550191,
            0.5644644370550191,
            0.5644644370550191,
            0.5644644370550191
        ],
        "distance": -1.25191,
        "xpert": [
            [
                129.0,
                320.8
            ],
            [
                123.4,
                319.6
            ],
            [
                122.2,
                314.0
            ],
            [
                123.6,
                308.6
            ],
            [
                129.0,
                304.8
            ],
            [
                134.0,
                309.0
            ],
            [
                133.4,
                314.0
            ],
            [
                132.0,
                317.0
            ]
        ],
        "stack": 0,
        "shift": [
            [
                0.0,
                0.0
            ],
            [
                0.0,
                0.0
            ],
            [
                0.0,
                0.0
            ],
            [
                0.0,
                0.0
            ],
            [
                0.0,
                0.0
            ],
            [
                0.0,
                0.0
            ],
            [
                0.0,
                0.0
            ],
            [
                0.0,
                0.0
            ],
            [
                0.0,
                0.0
            ]
        ],
        "channel": 0
    },
    {
        "type": "Spine",
        "location": [
            98,
            273
        ],
        "radloc": [
            0,
            0
        ],
        "mean": [
            93.56363636363636,
            70.85909090909091,
            73.56818181818181,
            108.22272727272727,
            87.33636363636364,
            97.15,
            89.55454545454545,
            90.8409090909091
        ],
        "min": [
            13,
            9,
            9,
            12,
            14,
            19,
            15,
            16
        ],
        "max": [
            203,
            203,
            203,
            229,
            201,
            199,
            204,
            216
        ],
        "RawIntDen": [
            20584,
            15589,
            16185,
            23809,
            19214,
            21373,
            19702,
            19985
        ],
        "IntDen": [
            19662.81472242241,
            14891.35341565502,
            15460.680930936975,
            22743.487938503455,
            18354.125635281005,
            20416.505006914795,
            18820.286419605825,
            19090.62146461387
        ],
        "FlagUp": 0,
        "Times": [],
        "width": 0,
        "height": 0,
        "area": [
            0.9552475088623401,
            0.9552475088623401,
            0.9552475088623401,
            0.9552475088623401,
            0.9552475088623401,
            0.9552475088623401,
            0.9552475088623401,
            0.9552475088623401
        ],
        "distance": -0.79068,
        "xpert": [
            [
                98.0,
                282.6
            ],
            [
                92.6,
                278.4
            ],
            [
                89.6,
                273.0
            ],
            [
                90.8,
                265.8
            ],
            [
                98.0,
                264.2
            ],
            [
                104.2,
                266.8
            ],
            [
                106.0,
                273.0
            ],
            [
                104.4,
                279.4
            ]
        ],
        "stack": 0,
        "shift": [
            [
                0.0,
                0.0
            ],
            [
                0.0,
                0.0
            ],
            [
                0.0,
                0.0
            ],
            [
                0.0,
                0.0
            ],
            [
                0.0,
                0.0
            ],
            [
                0.0,
                0.0
            ],
            [
                0.0,
                0.0
            ],
            [
                0.0,
                0.0
            ],
            [
                0.0,
                0.0
            ]
        ],
        "channel": 0
    },
    {
        "type": "Spine",
        "location": [
            229,
            241
        ],
        "radloc": [
            0,
            0
        ],
        "mean": [
            40.016806722689076,
            46.65546218487395,
            62.50420168067227,
            41.21008403361345,
            57.80672268907563,
            57.84873949579832,
            59.9327731092437,
            123.63865546218487
        ],
        "min": [
            8,
            8,
            9,
            8,
            8,
            7,
            9,
            44
        ],
        "max": [
            144,
            185,
            175,
            158,
            186,
            217,
            198,
            228
        ],
        "RawIntDen": [
            4762,
            5552,
            7438,
            4904,
            6879,
            6884,
            7132,
            14713
        ],
        "IntDen": [
            2460.535217395878,
            2868.729846069281,
            3843.229934269328,
            2533.906910144768,
            3554.393481828275,
            3556.9769921363345,
            3685.119103416086,
            7602.237432495916
        ],
        "FlagUp": 0,
        "Times": [],
        "width": 0,
        "height": 0,
        "area": [
            0.5167020616119021,
            0.5167020616119021,
            0.5167020616119021,
            0.5167020616119021,
            0.5167020616119021,
            0.5167020616119021,
            0.5167020616119021,
            0.5167020616119021
        ],
        "distance": 3.255902531624763,
        "xpert": [
            [
                229.0,
                247.2
            ],
            [
                224.6,
                245.4
            ],
            [
                222.8,
                241.0
            ],
            [
                224.8,
                236.8
            ],
            [
                229.0,
                235.2
            ],
            [
                233.2,
                236.8
            ],
            [
                235.0,
                241.0
            ],
            [
                235.2,
                247.2
            ]
        ],
        "stack": 0,
        "shift": [
            [
                0.0,
                0.0
            ],
            [
                0.0,
                0.0
            ],
            [
                0.0,
                0.0
            ],
            [
                0.0,
                0.0
            ],
            [
                0.0,
                0.0
            ],
            [
                0.0,
                0.0
            ],
            [
                0.0,
                0.0
            ],
            [
                0.0,
                0.0
            ],
            [
                0.0,
                0.0
            ]
        ],
        "channel": 0
    },
    {
        "type": "Spine",
        "location": [
            318,
            266
        ],
        "radloc": [
            0,
            0
        ],
        "mean": [
            71.58,
            73.05333333333333,
            70.84666666666666,
            68.63333333333334,
            66.83333333333333,
            75.60666666666667,
            78.66666666666667,
            74.91333333333333
        ],
        "min": [
            8,
            6,
            10,
            9,
            9,
            11,
            15,
            8
        ],
        "max": [
            195,
            191,
            185,
            168,
            186,
            164,
            149,
            209
        ],
        "RawIntDen": [
            10737,
            10958,
            10627,
            10295,
            10025,
            11341,
            11800,
            11237
        ],
        "IntDen": [
            6993.063069992008,
            7137.001501441038,
            6921.419506827333,
            6705.186207093949,
            6529.333824780654,
            7386.451362278045,
            7685.400412210645,
            7318.715629831443
        ],
        "FlagUp": 0,
        "Times": [],
        "width": 0,
        "height": 0,
        "area": [
            0.6513051196788683,
            0.6513051196788683,
            0.6513051196788683,
            0.6513051196788683,
            0.6513051196788683,
            0.6513051196788683,
            0.6513051196788683,
            0.6513051196788683
        ],
        "distance": 9.474915442746685,
        "xpert": [
            [
                318.0,
                273.6
            ],
            [
                313.0,
                271.0
            ],
            [
                312.0,
                266.0
            ],
            [
                312.0,
                260.0
            ],
            [
                318.0,
                259.8
            ],
            [
                324.0,
                260.0
            ],
            [
                325.2,
                266.0
            ],
            [
                322.6,
                270.6
            ]
        ],
        "stack": 0,
        "shift": [
            [
                0.0,
                0.0
            ],
            [
                0.0,
                0.0
            ],
            [
                0.0,
                0.0
            ],
            [
                0.0,
                0.0
            ],
            [
                0.0,
                0.0
            ],
            [
                0.0,
                0.0
            ],
            [
                0.0,
                0.0
            ],
            [
                0.0,
                0.0
            ],
            [
                0.0,
                0.0
            ]
        ],
        "channel": 0
    },
    {
        "type": "Spine",
        "location": [
            344,
            231
        ],
        "radloc": [
            0,
            0
        ],
        "mean": [
            75.93706293706293,
            53.12587412587413,
            61.51048951048951,
            58.04195804195804,
            71.91608391608392,
            68.9090909090909,
            83.34965034965035,
            95.04895104895105
        ],
        "min": [
            11,
            6,
            7,
            11,
            16,
            10,
            17,
            12
        ],
        "max": [
            164,
            145,
            163,
            167,
            159,
            168,
            222,
            202
        ],
        "RawIntDen": [
            10859,
            7597,
            8796,
            8300,
            10284,
            9854,
            11919,
            13592
        ],
        "IntDen": [
            6742.471254178498,
            4717.059961137678,
            5461.532107169543,
            5153.560310312325,
            6385.447497741199,
            6118.455819014175,
            7400.636787784651,
            8439.420691297002
        ],
        "FlagUp": 0,
        "Times": [],
        "width": 0,
        "height": 0,
        "area": [
            0.620910880760521,
            0.620910880760521,
            0.620910880760521,
            0.620910880760521,
            0.620910880760521,
            0.620910880760521,
            0.620910880760521,
            0.620910880760521
        ],
        "distance": 11.215347974371447,
        "xpert": [
            [
                344.0,
                241.6
            ],
            [
                340.0,
                235.0
            ],
            [
                339.2,
                231.0
            ],
            [
                338.8,
                225.8
            ],
            [
                344.0,
                223.4
            ],
            [
                349.8,
                225.2
            ],
            [
                349.4,
                231.0
            ],
            [
                349.2,
                236.2
            ]
        ],
        "stack": 0,
        "shift": [
            [
                0.0,
                0.0
            ],
            [
                0.0,
                0.0
            ],
            [
                0.0,
                0.0
            ],
            [
                0.0,
                0.0
            ],
            [
                0.0,
                0.0
            ],
            [
                0.0,
                0.0
            ],
            [
                0.0,
                0.0
            ],
            [
                0.0,
                0.0
            ],
            [
                0.0,
                0.0
            ]
        ],
        "channel": 0
    },
    {
        "type": "Spine",
        "location": [
            365,
            246
        ],
        "radloc": [
            0,
            0
        ],
        "mean": [
            77.04635761589404,
            77.57615894039735,
            72.69536423841059,
            63.27814569536424,
            55.629139072847686,
            62.629139072847686,
            63.794701986754966,
            64.30463576158941
        ],
        "min": [
            11,
            15,
            19,
            13,
            10,
            15,
            20,
            17
        ],
        "max": [
            208,
            173,
            149,
            163,
            150,
            149,
            123,
            133
        ],
        "RawIntDen": [
            11634,
            11714,
            10977,
            9555,
            8400,
            9457,
            9633,
            9710
        ],
        "IntDen": [
            7627.798987426247,
            7680.250759731051,
            7197.038807373036,
            6264.708554655131,
            5507.43609200451,
            6200.455133581744,
            6315.849032652315,
            6366.33386349569
        ],
        "FlagUp": 0,
        "Times": [],
        "width": 0,
        "height": 0,
        "area": [
            0.6556471538100608,
            0.6556471538100608,
            0.6556471538100608,
            0.6556471538100608,
            0.6556471538100608,
            0.6556471538100608,
            0.6556471538100608,
            0.6556471538100608
        ],
        "distance": 12.599037974371448,
        "xpert": [
            [
                365.0,
                250.6
            ],
            [
                360.2,
                250.8
            ],
            [
                355.6,
                246.0
            ],
            [
                359.6,
                240.6
            ],
            [
                365.0,
                237.2
            ],
            [
                370.6,
                240.4
            ],
            [
                371.6,
                246.0
            ],
            [
                369.8,
                250.8
            ]
        ],
        "stack": 0,
        "shift": [
            [
                0.0,
                0.0
            ],
            [
                0.0,
                0.0
            ],
            [
                0.0,
                0.0
            ],
            [
                0.0,
                0.0
            ],
            [
                0.0,
                0.0
            ],
            [
                0.0,
                0.0
            ],
            [
                0.0,
                0.0
            ],
            [
                0.0,
                0.0
            ],
            [
                0.0,
                0.0
            ]
        ],
        "channel": 0
    },
    {
        "type": "Spine",
        "location": [
            356,
            278
        ],
        "radloc": [
            0,
            0
        ],
        "mean": [
            45.94478527607362,
            42.49693251533742,
            42.693251533742334,
            33.877300613496935,
            89.34969325153374,
            49.987730061349694,
            46.49079754601227,
            58.60122699386503
        ],
        "min": [
            5,
            6,
            6,
            8,
            21,
            6,
            7,
            5
        ],
        "max": [
            124,
            126,
            109,
            108,
            176,
            150,
            103,
            183
        ],
        "RawIntDen": [
            7489,
            6927,
            6959,
            5522,
            14564,
            8148,
            7578,
            9552
        ],
        "IntDen": [
            5300.351458185548,
            4902.595079563533,
            4925.243129591832,
            3908.204133008492,
            10307.693769129968,
            5766.7597384558485,
            5363.341347326757,
            6760.442933447504
        ],
        "FlagUp": 0,
        "Times": [],
        "width": 0,
        "height": 0,
        "area": [
            0.7077515633843702,
            0.7077515633843702,
            0.7077515633843702,
            0.7077515633843702,
            0.7077515633843702,
            0.7077515633843702,
            0.7077515633843702,
            0.7077515633843702
        ],
        "distance": 12.006027974371447,
        "xpert": [
            [
                356.0,
                286.2
            ],
            [
                349.4,
                284.6
            ],
            [
                349.8,
                278.0
            ],
            [
                351.4,
                273.4
            ],
            [
                356.0,
                269.6
            ],
            [
                362.8,
                271.2
            ],
            [
                362.8,
                278.0
            ],
            [
                360.4,
                282.4
            ]
        ],
        "stack": 0,
        "shift": [
            [
                0.0,
                0.0
            ],
            [
                0.0,
                0.0
            ],
            [
                0.0,
                0.0
            ],
            [
                0.0,
                0.0
            ],
            [
                0.0,
                0.0
            ],
            [
                0.0,
                0.0
            ],
            [
                0.0,
                0.0
            ],
            [
                0.0,
                0.0
            ],
            [
                0.0,
                0.0
            ]
        ],
        "channel": 0
    },
    {
        "type": "Spine",
        "location": [
            449,
            252
        ],
        "radloc": [
            0,
            0
        ],
        "mean": [
            96.76119402985074,
            88.54477611940298,
            82.57462686567165,
            77.50746268656717,
            68.67910447761194,
            64.32089552238806,
            79.3955223880597,
            89.00746268656717
        ],
        "min": [
            17,
            16,
            15,
            20,
            15,
            17,
            14,
            16
        ],
        "max": [
            204,
            174,
            178,
            162,
            142,
            142,
            186,
            174
        ],
        "RawIntDen": [
            12966,
            11865,
            11065,
            10386,
            9203,
            8619,
            10639,
            11927
        ],
        "IntDen": [
            7544.041149035544,
            6903.443485524196,
            6437.977426660365,
            6042.913109199689,
            5354.605174654798,
            5014.814951684201,
            6190.116750315375,
            6939.517105086144
        ],
        "FlagUp": 0,
        "Times": [],
        "width": 0,
        "height": 0,
        "area": [
            0.581832573579789,
            0.581832573579789,
            0.581832573579789,
            0.581832573579789,
            0.581832573579789,
            0.581832573579789,
            0.581832573579789,
            0.581832573579789
        ],
        "distance": 18.434015822243854,
        "xpert": [
            [
                449.0,
                259.2
            ],
            [
                442.2,
                258.8
            ],
            [
                443.2,
                252.0
            ],
            [
                445.2,
                248.2
            ],
            [
                449.0,
                246.6
            ],
            [
                453.4,
                247.6
            ],
            [
                455.2,
                252.0
            ],
            [
                455.2,
                258.2
            ]
        ],
        "stack": 0,
        "shift": [
            [
                0.0,
                0.0
            ],
            [
                0.0,
                0.0
            ],
            [
                0.0,
                0.0
            ],
            [
                0.0,
                0.0
            ],
            [
                0.0,
                0.0
            ],
            [
                0.0,
                0.0
            ],
            [
                0.0,
                0.0
            ],
            [
                0.0,
                0.0
            ],
            [
                0.0,
                0.0
            ]
        ],
        "channel": 0
    }
]