[
    {
        "type": "Stim",
        "location": [
            16,
            268
        ],
        "radloc": [
            0,
            0
        ],
        "mean": [
            60.1,
            58.57222222222222,
            61.53888888888889,
            87.92777777777778,
            93.46666666666667,
            81.05555555555556,
            80.75,
            91.3
        ],
        "min": [
            8,
            11,
            17,
            19,
            23,
            19,
            14,
            23
        ],
        "max": [
            170,
            130,
            164,
            167,
            199,
            153,
            173,
            217
        ],
        "RawIntDen": [
            10818,
            10543,
            11077,
            15827,
            16824,
            14590,
            14535,
            16434
        ],
        "IntDen": [
            8454.982541623356,
            8240.051852129327,
            8657.408172819552,
            12369.847354989173,
            13149.068800172985,
            11403.050035337843,
            11360.063897439037,
            12844.25800416327
        ],
        "FlagUp": 0,
        "Times": [],
        "width": 0,
        "height": 0,
        "area": [
            0.7815661436146568,
            0.7815661436146568,
            0.7815661436146568,
            0.7815661436146568,
            0.7815661436146568,
            0.7815661436146568,
            0.7815661436146568,
            0.7815661436146568
        ],
        "distance": 0,
        "xpert": [
            [
                16.0,
                273.8
            ],
            [
                10.6,
                273.4
            ],
            [
                7.2,
                268.0
            ],
            [
                8.0,
                260.0
            ],
            [
                16.0,
                259.6
            ],
            [
                22.8,
                261.2
            ],
            [
                22.0,
                268.0
            ],
            [
                19.6,
                271.6
            ]
        ],
        "stack": 0,
        "shift": [
            [
                0.0,
                0.0
            ],
            [
                0.0,
                0.0
            ],
            [
                0.0,
                0.0
            ],
            [
                0.0,
                0.0
            ],
            [
                0.0,
                0.0
            ],
            [
                0.0,
                0.0
            ],
            [
                0.0,
                0.0
            ],
            [
                0.0,
                0.0
            ],
            [
                0.0,
                0.0
            ]
        ],
        "channel": 0
    },
    {
        "type": "Stim",
        "location": [
            52,
            239
        ],
        "radloc": [
            0,
            0
        ],
        "mean": [
            84.7012987012987,
            88.33116883116882,
            89.0909090909091,
            133.21428571428572,
            94.63636363636364,
            87.46753246753246,
            110.51948051948052,
            98.68181818181819
        ],
        "min": [
            10,
            11,
            11,
            36,
            10,
            12,
            18,
            27
        ],
        "max": [
            196,
            211,
            229,
            220,
            229,
            194,
            200,
            199
        ],
        "RawIntDen": [
            13044,
            13603,
            13720,
            20515,
            14574,
            13470,
            17020,
            15197
        ],
        "IntDen": [
            8722.17395392042,
            9095.962304138262,
            9174.197075114089,
            13717.831851017896,
            9745.244035912006,
            9007.028761063177,
            11380.818820586137,
            10161.82747452688
        ],
        "FlagUp": 0,
        "Times": [],
        "width": 0,
        "height": 0,
        "area": [
            0.6686732562036508,
            0.6686732562036508,
            0.6686732562036508,
            0.6686732562036508,
            0.6686732562036508,
            0.6686732562036508,
            0.6686732562036508,
            0.6686732562036508
        ],
        "distance": 0,
        "xpert": [
            [
                52.0,
                245.0
            ],
            [
                46.2,
                244.8
            ],
            [
                45.6,
                239.0
            ],
            [
                48.0,
                235.0
            ],
            [
                52.0,
                233.4
            ],
            [
                58.8,
                232.2
            ],
            [
                62.0,
                239.0
            ],
            [
                57.6,
                244.6
            ]
        ],
        "stack": 0,
        "shift": [
            [
                0.0,
                0.0
            ],
            [
                0.0,
                0.0
            ],
            [
                0.0,
                0.0
            ],
            [
                0.0,
                0.0
            ],
            [
                0.0,
                0.0
            ],
            [
                0.0,
                0.0
            ],
            [
                0.0,
                0.0
            ],
            [
                0.0,
                0.0
            ],
            [
                0.0,
                0.0
            ]
        ],
        "channel": 0
    },
    {
        "type": "Stim",
        "location": [
            69,
            283
        ],
        "radloc": [
            0,
            0
        ],
        "mean": [
            72.79661016949153,
            65.62711864406779,
            63.66949152542373,
            85.46610169491525,
            75.57627118644068,
            74.33050847457628,
            79.54237288135593,
            63.92372881355932
        ],
        "min": [
            17,
            9,
            11,
            17,
            19,
            18,
            17,
            14
        ],
        "max": [
            174,
            148,
            139,
            199,
            165,
            172,
            160,
            150
        ],
        "RawIntDen": [
            8590,
            7744,
            7513,
            10085,
            8918,
            8771,
            9386,
            7543
        ],
        "IntDen": [
            4401.17263605938,
            3967.7160528106915,
            3849.360886462645,
            5167.150877143055,
            4569.226725073056,
            4493.90980103339,
            4809.011217934032,
            3864.7316872870665
        ],
        "FlagUp": 0,
        "Times": [],
        "width": 0,
        "height": 0,
        "area": [
            0.5123600274807194,
            0.5123600274807194,
            0.5123600274807194,
            0.5123600274807194,
            0.5123600274807194,
            0.5123600274807194,
            0.5123600274807194,
            0.5123600274807194
        ],
        "distance": 0,
        "xpert": [
            [
                69.0,
                289.4
            ],
            [
                64.8,
                287.2
            ],
            [
                61.4,
                283.0
            ],
            [
                64.0,
                278.0
            ],
            [
                69.0,
                277.2
            ],
            [
                73.0,
                279.0
            ],
            [
                74.4,
                283.0
            ],
            [
                74.6,
                288.6
            ]
        ],
        "stack": 0,
        "shift": [
            [
                0.0,
                0.0
            ],
            [
                0.0,
                0.0
            ],
            [
                0.0,
                0.0
            ],
            [
                0.0,
                0.0
            ],
            [
                0.0,
                0.0
            ],
            [
                0.0,
                0.0
            ],
            [
                0.0,
                0.0
            ],
            [
                0.0,
                0.0
            ],
            [
                0.0,
                0.0
            ]
        ],
        "channel": 0
    },
    {
        "type": "Stim",
        "location": [
            122,
            235
        ],
        "radloc": [
            0,
            0
        ],
        "mean": [
            57.291666666666664,
            67.02083333333333,
            72.234375,
            161.02083333333334,
            83.38020833333333,
            69.734375,
            60.458333333333336,
            93.421875
        ],
        "min": [
            6,
            12,
            10,
            55,
            8,
            11,
            11,
            13
        ],
        "max": [
            188,
            204,
            203,
            255,
            195,
            163,
            141,
            204
        ],
        "RawIntDen": [
            11000,
            12868,
            13869,
            30916,
            16009,
            13389,
            11608,
            17937
        ],
        "IntDen": [
            9170.376085078638,
            10727.67267843563,
            11562.176902177785,
            25773.75882239011,
            13346.231886002177,
            11162.015036647083,
            9677.24778141753,
            14953.548712550504
        ],
        "FlagUp": 0,
        "Times": [],
        "width": 0,
        "height": 0,
        "area": [
            0.8336705531889672,
            0.8336705531889672,
            0.8336705531889672,
            0.8336705531889672,
            0.8336705531889672,
            0.8336705531889672,
            0.8336705531889672,
            0.8336705531889672
        ],
        "distance": 0,
        "xpert": [
            [
                122.0,
                243.8
            ],
            [
                117.0,
                240.0
            ],
            [
                115.0,
                235.0
            ],
            [
                115.6,
                228.6
            ],
            [
                122.0,
                226.8
            ],
            [
                127.6,
                229.4
            ],
            [
                130.2,
                235.0
            ],
            [
                129.0,
                242.0
            ]
        ],
        "stack": 0,
        "shift": [
            [
                0.0,
                0.0
            ],
            [
                0.0,
                0.0
            ],
            [
                0.0,
                0.0
            ],
            [
                0.0,
                0.0
            ],
            [
                0.0,
                0.0
            ],
            [
                0.0,
                0.0
            ],
            [
                0.0,
                0.0
            ],
            [
                0.0,
                0.0
            ],
            [
                0.0,
                0.0
            ]
        ],
        "channel": 0
    },
    {
        "type": "Stim",
        "location": [
            145,
            264
        ],
        "radloc": [
            0,
            0
        ],
        "mean": [
            79.60431654676259,
            66.9136690647482,
            61.96402877697842,
            200.53237410071944,
            146.44604316546761,
            106.88489208633094,
            109.09352517985612,
            74.46043165467626
        ],
        "min": [
            8,
            11,
            14,
            67,
            42,
            14,
            27,
            15
        ],
        "max": [
            202,
            195,
            137,
            255,
            255,
            255,
            255,
            238
        ],
        "RawIntDen": [
            11065,
            9301,
            8613,
            27874,
            20356,
            14857,
            15164,
            10350
        ],
        "IntDen": [
            6678.200464968714,
            5613.551064136829,
            5198.313656102624,
            16823.15045282765,
            12285.716101663185,
            8966.834551110727,
            9152.122173591106,
            6246.667402840144
        ],
        "FlagUp": 0,
        "Times": [],
        "width": 0,
        "height": 0,
        "area": [
            0.6035427442357627,
            0.6035427442357627,
            0.6035427442357627,
            0.6035427442357627,
            0.6035427442357627,
            0.6035427442357627,
            0.6035427442357627,
            0.6035427442357627
        ],
        "distance": 0,
        "xpert": [
            [
                145.0,
                270.6
            ],
            [
                139.0,
                270.0
            ],
            [
                137.2,
                264.0
            ],
            [
                139.8,
                258.8
            ],
            [
                145.0,
                258.8
            ],
            [
                150.2,
                258.8
            ],
            [
                150.8,
                264.0
            ],
            [
                149.8,
                268.8
            ]
        ],
        "stack": 0,
        "shift": [
            [
                0.0,
                0.0
            ],
            [
                0.0,
                0.0
            ],
            [
                0.0,
                0.0
            ],
            [
                0.0,
                0.0
            ],
            [
                0.0,
                0.0
            ],
            [
                0.0,
                0.0
            ],
            [
                0.0,
                0.0
            ],
            [
                0.0,
                0.0
            ],
            [
                0.0,
                0.0
            ]
        ],
        "channel": 0
    },
    {
        "type": "Stim",
        "location": [
            167,
            242
        ],
        "radloc": [
            0,
            0
        ],
        "mean": [
            65.8411214953271,
            39.626168224299064,
            61.06542056074766,
            60.81308411214953,
            48.308411214953274,
            50.91588785046729,
            65.77570093457943,
            64.48598130841121
        ],
        "min": [
            9,
            8,
            10,
            12,
            10,
            10,
            12,
            16
        ],
        "max": [
            197,
            181,
            164,
            178,
            124,
            146,
            142,
            124
        ],
        "RawIntDen": [
            7045,
            4240,
            6534,
            6507,
            5169,
            5448,
            7038,
            6900
        ],
        "IntDen": [
            3273.090458604903,
            1969.8940446394304,
            3035.6810584136883,
            3023.136921808673,
            2401.505263382362,
            2531.1280083008533,
            3269.8382750406395,
            3205.7237990594504
        ],
        "FlagUp": 0,
        "Times": [],
        "width": 0,
        "height": 0,
        "area": [
            0.4645976520376015,
            0.4645976520376015,
            0.4645976520376015,
            0.4645976520376015,
            0.4645976520376015,
            0.4645976520376015,
            0.4645976520376015,
            0.4645976520376015
        ],
        "distance": 0,
        "xpert": [
            [
                167.0,
                249.2
            ],
            [
                163.2,
                245.8
            ],
            [
                161.4,
                242.0
            ],
            [
                163.4,
                238.4
            ],
            [
                167.0,
                235.8
            ],
            [
                171.2,
                237.8
            ],
            [
                172.4,
                242.0
            ],
            [
                172.6,
                247.6
            ]
        ],
        "stack": 0,
        "shift": [
            [
                0.0,
                0.0
            ],
            [
                0.0,
                0.0
            ],
            [
                0.0,
                0.0
            ],
            [
                0.0,
                0.0
            ],
            [
                0.0,
                0.0
            ],
            [
                0.0,
                0.0
            ],
            [
                0.0,
                0.0
            ],
            [
                0.0,
                0.0
            ],
            [
                0.0,
                0.0
            ]
        ],
        "channel": 0
    },
    {
        "type": "Stim",
        "location": [
            248,
            230
        ],
        "radloc": [
            0,
            0
        ],
        "mean": [
            72.43548387096774,
            59.04838709677419,
            57.95967741935484,
            75.70161290322581,
            99.09677419354838,
            78.5,
            89.0241935483871,
            76.11290322580645
        ],
        "min": [
            12,
            14,
            13,
            21,
            24,
            9,
            17,
            22
        ],
        "max": [
            164,
            132,
            138,
            185,
            202,
            186,
            216,
            183
        ],
        "RawIntDen": [
            8982,
            7322,
            7187,
            9387,
            12288,
            9734,
            11039,
            9438
        ],
        "IntDen": [
            4836.01867023005,
            3942.254364665378,
            3869.568713309215,
            5054.075624298539,
            6616.009510107644,
            5240.904668895492,
            5943.532632005068,
            5081.534648144201
        ],
        "FlagUp": 0,
        "Times": [],
        "width": 0,
        "height": 0,
        "area": [
            0.5384122322678746,
            0.5384122322678746,
            0.5384122322678746,
            0.5384122322678746,
            0.5384122322678746,
            0.5384122322678746,
            0.5384122322678746,
            0.5384122322678746
        ],
        "distance": 0,
        "xpert": [
            [
                248.0,
                237.0
            ],
            [
                243.2,
                234.8
            ],
            [
                241.2,
                230.0
            ],
            [
                243.0,
                225.0
            ],
            [
                248.0,
                224.6
            ],
            [
                252.6,
                225.4
            ],
            [
                253.6,
                230.0
            ],
            [
                253.4,
                235.4
            ]
        ],
        "stack": 0,
        "shift": [
            [
                0.0,
                0.0
            ],
            [
                0.0,
                0.0
            ],
            [
                0.0,
                0.0
            ],
            [
                0.0,
                0.0
            ],
            [
                0.0,
                0.0
            ],
            [
                0.0,
                0.0
            ],
            [
                0.0,
                0.0
            ],
            [
                0.0,
                0.0
            ],
            [
                0.0,
                0.0
            ]
        ],
        "channel": 0
    },
    {
        "type": "Stim",
        "location": [
            261,
            233
        ],
        "radloc": [
            0,
            0
        ],
        "mean": [
            31.074766355140188,
            26.42056074766355,
            24.38317757009346,
            41.401869158878505,
            44.94392523364486,
            63.71028037383178,
            80.61682242990655,
            101.13084112149532
        ],
        "min": [
            8,
            7,
            7,
            6,
            8,
            14,
            14,
            23
        ],
        "max": [
            99,
            61,
            70,
            120,
            101,
            144,
            187,
            208
        ],
        "RawIntDen": [
            3325,
            2827,
            2609,
            4430,
            4809,
            6817,
            8626,
            10821
        ],
        "IntDen": [
            1544.787193025025,
            1313.4175623102994,
            1212.1352741661024,
            2058.1675985265747,
            2234.2501086488255,
            3167.1621939403294,
            4007.6193464763505,
            5027.411192698886
        ],
        "FlagUp": 0,
        "Times": [],
        "width": 0,
        "height": 0,
        "area": [
            0.4645976520376015,
            0.4645976520376015,
            0.4645976520376015,
            0.4645976520376015,
            0.4645976520376015,
            0.4645976520376015,
            0.4645976520376015,
            0.4645976520376015
        ],
        "distance": 0,
        "xpert": [
            [
                261.0,
                240.8
            ],
            [
                255.6,
                238.4
            ],
            [
                254.8,
                233.0
            ],
            [
                256.4,
                228.4
            ],
            [
                261.0,
                228.6
            ],
            [
                264.2,
                229.8
            ],
            [
                267.4,
                233.0
            ],
            [
                265.0,
                237.0
            ]
        ],
        "stack": 0,
        "shift": [
            [
                0.0,
                0.0
            ],
            [
                0.0,
                0.0
            ],
            [
                0.0,
                0.0
            ],
            [
                0.0,
                0.0
            ],
            [
                0.0,
                0.0
            ],
            [
                0.0,
                0.0
            ],
            [
                0.0,
                0.0
            ],
            [
                0.0,
                0.0
            ],
            [
                0.0,
                0.0
            ]
        ],
        "channel": 0
    },
    {
        "type": "Stim",
        "location": [
            307,
            242
        ],
        "radloc": [
            0,
            0
        ],
        "mean": [
            107.14883720930233,
            75.48372093023256,
            72.75813953488372,
            81.87441860465117,
            86.87906976744186,
            82.72093023255815,
            95.31627906976745,
            85.53023255813953
        ],
        "min": [
            14,
            10,
            9,
            10,
            8,
            11,
            13,
            15
        ],
        "max": [
            223,
            205,
            179,
            225,
            213,
            189,
            181,
            184
        ],
        "RawIntDen": [
            23037,
            16229,
            15643,
            17603,
            18679,
            17785,
            20493,
            18389
        ],
        "IntDen": [
            21505.899660260733,
            15150.377461751594,
            14603.324581562645,
            16433.05776444718,
            17437.543940357264,
            16602.961560000746,
            19130.980671863665,
            17166.818112277408
        ],
        "FlagUp": 0,
        "Times": [],
        "width": 0,
        "height": 0,
        "area": [
            0.9335373382063956,
            0.9335373382063956,
            0.9335373382063956,
            0.9335373382063956,
            0.9335373382063956,
            0.9335373382063956,
            0.9335373382063956,
            0.9335373382063956
        ],
        "distance": 0,
        "xpert": [
            [
                307.0,
                250.8
            ],
            [
                299.6,
                249.4
            ],
            [
                297.2,
                242.0
            ],
            [
                301.4,
                236.4
            ],
            [
                307.0,
                235.8
            ],
            [
                312.0,
                237.0
            ],
            [
                317.0,
                242.0
            ],
            [
                313.4,
                248.4
            ]
        ],
        "stack": 0,
        "shift": [
            [
                0.0,
                0.0
            ],
            [
                0.0,
                0.0
            ],
            [
                0.0,
                0.0
            ],
            [
                0.0,
                0.0
            ],
            [
                0.0,
                0.0
            ],
            [
                0.0,
                0.0
            ],
            [
                0.0,
                0.0
            ],
            [
                0.0,
                0.0
            ],
            [
                0.0,
                0.0
            ]
        ],
        "channel": 0
    },
    {
        "type": "Stim",
        "location": [
            377,
            257
        ],
        "radloc": [
            0,
            0
        ],
        "mean": [
            100.6,
            86.27,
            80.44,
            79.52,
            60.85,
            83.99,
            66.69,
            67.98
        ],
        "min": [
            21,
            11,
            10,
            9,
            8,
            12,
            11,
            11
        ],
        "max": [
            229,
            156,
            227,
            203,
            229,
            202,
            154,
            161
        ],
        "RawIntDen": [
            10060,
            8627,
            8044,
            7952,
            6085,
            8399,
            6669,
            6798
        ],
        "IntDen": [
            4368.086335979693,
            3745.8728449798023,
            3492.7322551312773,
            3452.785541124306,
            2642.127768830659,
            3646.874466788612,
            2895.702562092303,
            2951.714802384687
        ],
        "FlagUp": 0,
        "Times": [],
        "width": 0,
        "height": 0,
        "area": [
            0.43420341311925376,
            0.43420341311925376,
            0.43420341311925376,
            0.43420341311925376,
            0.43420341311925376,
            0.43420341311925376,
            0.43420341311925376,
            0.43420341311925376
        ],
        "distance": 0,
        "xpert": [
            [
                377.0,
                262.8
            ],
            [
                372.0,
                262.0
            ],
            [
                371.2,
                257.0
            ],
            [
                371.2,
                251.2
            ],
            [
                377.0,
                252.2
            ],
            [
                380.6,
                253.4
            ],
            [
                382.2,
                257.0
            ],
            [
                381.4,
                261.4
            ]
        ],
        "stack": 0,
        "shift": [
            [
                0.0,
                0.0
            ],
            [
                0.0,
                0.0
            ],
            [
                0.0,
                0.0
            ],
            [
                0.0,
                0.0
            ],
            [
                0.0,
                0.0
            ],
            [
                0.0,
                0.0
            ],
            [
                0.0,
                0.0
            ],
            [
                0.0,
                0.0
            ],
            [
                0.0,
                0.0
            ]
        ],
        "channel": 0
    },
    {
        "type": "Stim",
        "location": [
            369,
            279
        ],
        "radloc": [
            0,
            0
        ],
        "mean": [
            95.77777777777777,
            77.53333333333333,
            81.72592592592592,
            99.34814814814816,
            89.92592592592592,
            119.4888888888889,
            85.04444444444445,
            98.12592592592593
        ],
        "min": [
            21,
            10,
            15,
            23,
            15,
            36,
            13,
            12
        ],
        "max": [
            183,
            167,
            182,
            204,
            192,
            251,
            215,
            216
        ],
        "RawIntDen": [
            12930,
            10467,
            11033,
            13412,
            12140,
            16131,
            11481,
            13247
        ],
        "IntDen": [
            7579.237677703134,
            6135.4896189109595,
            6467.264446875381,
            7861.7738386198325,
            7116.15973761145,
            9455.582596986022,
            6729.8706711299055,
            7765.055028347519
        ],
        "FlagUp": 0,
        "Times": [],
        "width": 0,
        "height": 0,
        "area": [
            0.5861746077109926,
            0.5861746077109926,
            0.5861746077109926,
            0.5861746077109926,
            0.5861746077109926,
            0.5861746077109926,
            0.5861746077109926,
            0.5861746077109926
        ],
        "distance": 0,
        "xpert": [
            [
                369.0,
                285.2
            ],
            [
                364.6,
                283.4
            ],
            [
                363.2,
                279.0
            ],
            [
                365.4,
                275.4
            ],
            [
                369.0,
                271.0
            ],
            [
                375.8,
                272.2
            ],
            [
                375.6,
                279.0
            ],
            [
                374.8,
                284.8
            ]
        ],
        "stack": 0,
        "shift": [
            [
                0.0,
                0.0
            ],
            [
                0.0,
                0.0
            ],
            [
                0.0,
                0.0
            ],
            [
                0.0,
                0.0
            ],
            [
                0.0,
                0.0
            ],
            [
                0.0,
                0.0
            ],
            [
                0.0,
                0.0
            ],
            [
                0.0,
                0.0
            ],
            [
                0.0,
                0.0
            ]
        ],
        "channel": 0
    },
    {
        "type": "Stim",
        "location": [
            427,
            253
        ],
        "radloc": [
            0,
            0
        ],
        "mean": [
            77.63736263736264,
            92.5934065934066,
            93.58241758241758,
            99.72527472527473,
            111.5,
            110.14285714285714,
            111.28571428571429,
            98.75824175824175
        ],
        "min": [
            11,
            12,
            18,
            12,
            13,
            19,
            16,
            14
        ],
        "max": [
            163,
            231,
            234,
            243,
            245,
            245,
            250,
            220
        ],
        "RawIntDen": [
            14130,
            16852,
            17032,
            18150,
            20293,
            20046,
            20254,
            17974
        ],
        "IntDen": [
            11166.235493822602,
            13317.29657055191,
            13459.541608689777,
            14343.04134556831,
            16036.54754962081,
            15841.35574728718,
            16005.727791357605,
            14203.95730827795
        ],
        "FlagUp": 0,
        "Times": [],
        "width": 0,
        "height": 0,
        "area": [
            0.7902502118770418,
            0.7902502118770418,
            0.7902502118770418,
            0.7902502118770418,
            0.7902502118770418,
            0.7902502118770418,
            0.7902502118770418,
            0.7902502118770418
        ],
        "distance": 0,
        "xpert": [
            [
                427.0,
                259.6
            ],
            [
                419.2,
                260.8
            ],
            [
                417.6,
                253.0
            ],
            [
                421.6,
                247.6
            ],
            [
                427.0,
                245.0
            ],
            [
                432.4,
                247.6
            ],
            [
                433.8,
                253.0
            ],
            [
                431.8,
                257.8
            ]
        ],
        "stack": 0,
        "shift": [
            [
                0.0,
                0.0
            ],
            [
                0.0,
                0.0
            ],
            [
                0.0,
                0.0
            ],
            [
                0.0,
                0.0
            ],
            [
                0.0,
                0.0
            ],
            [
                0.0,
                0.0
            ],
            [
                0.0,
                0.0
            ],
            [
                0.0,
                0.0
            ],
            [
                0.0,
                0.0
            ]
        ],
        "channel": 0
    },
    {
        "type": "Stim",
        "location": [
            421,
            277
        ],
        "radloc": [
            0,
            0
        ],
        "mean": [
            112.45263157894736,
            110.26842105263158,
            96.59473684210526,
            161.9842105263158,
            113.38421052631578,
            100.9578947368421,
            115.10526315789474,
            101.62105263157895
        ],
        "min": [
            19,
            20,
            12,
            35,
            19,
            23,
            26,
            22
        ],
        "max": [
            236,
            229,
            208,
            255,
            237,
            253,
            247,
            255
        ],
        "RawIntDen": [
            21366,
            20951,
            18353,
            30777,
            21543,
            19182,
            21870,
            19308
        ],
        "IntDen": [
            17626.661236941352,
            17284.291845696822,
            15140.976957857562,
            25390.609046585418,
            17772.68384477336,
            15824.890753861699,
            18042.454425344353,
            15928.839050962448
        ],
        "FlagUp": 0,
        "Times": [],
        "width": 0,
        "height": 0,
        "area": [
            0.8249864849265821,
            0.8249864849265821,
            0.8249864849265821,
            0.8249864849265821,
            0.8249864849265821,
            0.8249864849265821,
            0.8249864849265821,
            0.8249864849265821
        ],
        "distance": 0,
        "xpert": [
            [
                421.0,
                284.2
            ],
            [
                412.2,
                285.8
            ],
            [
                411.4,
                277.0
            ],
            [
                415.6,
                271.6
            ],
            [
                421.0,
                271.2
            ],
            [
                426.8,
                271.2
            ],
            [
                428.0,
                277.0
            ],
            [
                426.6,
                282.6
            ]
        ],
        "stack": 0,
        "shift": [
            [
                0.0,
                0.0
            ],
            [
                0.0,
                0.0
            ],
            [
                0.0,
                0.0
            ],
            [
                0.0,
                0.0
            ],
            [
                0.0,
                0.0
            ],
            [
                0.0,
                0.0
            ],
            [
                0.0,
                0.0
            ],
            [
                0.0,
                0.0
            ],
            [
                0.0,
                0.0
            ]
        ],
        "channel": 0
    },
    {
        "type": "Stim",
        "location": [
            449,
            264
        ],
        "radloc": [
            0,
            0
        ],
        "mean": [
            105.23376623376623,
            118.85714285714286,
            121.64935064935065,
            137.07792207792207,
            150.56277056277057,
            137.93073593073592,
            134.3896103896104,
            106.74891774891775
        ],
        "min": [
            17,
            14,
            26,
            29,
            37,
            18,
            12,
            11
        ],
        "max": [
            242,
            241,
            239,
            245,
            255,
            247,
            236,
            224
        ],
        "RawIntDen": [
            24309,
            27456,
            28101,
            31665,
            34780,
            31862,
            31044,
            24659
        ],
        "IntDen": [
            24382.16727758182,
            27538.639383491154,
            28185.580758868186,
            31760.307986532902,
            34884.68377614446,
            31957.900933741083,
            31137.438848379203,
            24733.220737088737
        ],
        "FlagUp": 0,
        "Times": [],
        "width": 0,
        "height": 0,
        "area": [
            1.0030098843054762,
            1.0030098843054762,
            1.0030098843054762,
            1.0030098843054762,
            1.0030098843054762,
            1.0030098843054762,
            1.0030098843054762,
            1.0030098843054762
        ],
        "distance": 0,
        "xpert": [
            [
                449.0,
                277.8
            ],
            [
                440.8,
                272.2
            ],
            [
                440.8,
                264.0
            ],
            [
                443.4,
                258.4
            ],
            [
                449.0,
                257.4
            ],
            [
                452.6,
                260.4
            ],
            [
                454.4,
                264.0
            ],
            [
                456.8,
                271.8
            ]
        ],
        "stack": 0,
        "shift": [
            [
                0.0,
                0.0
            ],
            [
                0.0,
                0.0
            ],
            [
                0.0,
                0.0
            ],
            [
                0.0,
                0.0
            ],
            [
                0.0,
                0.0
            ],
            [
                0.0,
                0.0
            ],
            [
                0.0,
                0.0
            ],
            [
                0.0,
                0.0
            ],
            [
                0.0,
                0.0
            ]
        ],
        "channel": 0
    },
    {
        "type": "Stim",
        "location": [
            469,
            287
        ],
        "radloc": [
            0,
            0
        ],
        "mean": [
            121.17948717948718,
            131.06837606837607,
            156.17948717948718,
            110.22222222222223,
            134.88888888888889,
            116.13675213675214,
            115.66666666666667,
            107.67521367521367
        ],
        "min": [
            34,
            23,
            32,
            38,
            54,
            33,
            42,
            35
        ],
        "max": [
            248,
            253,
            253,
            230,
            223,
            204,
            187,
            172
        ],
        "RawIntDen": [
            14178,
            15335,
            18273,
            12896,
            15782,
            13588,
            13533,
            12598
        ],
        "IntDen": [
            7202.679109709592,
            7790.455928014995,
            9283.012792475905,
            6551.400042235498,
            8017.539971042233,
            6902.948493633371,
            6875.007503999147,
            6400.0106802173395
        ],
        "FlagUp": 0,
        "Times": [],
        "width": 0,
        "height": 0,
        "area": [
            0.5080179933495269,
            0.5080179933495269,
            0.5080179933495269,
            0.5080179933495269,
            0.5080179933495269,
            0.5080179933495269,
            0.5080179933495269,
            0.5080179933495269
        ],
        "distance": 0,
        "xpert": [
            [
                469.0,
                296.0
            ],
            [
                462.4,
                293.6
            ],
            [
                461.6,
                287.0
            ],
            [
                463.4,
                281.4
            ],
            [
                469.0,
                282.0
            ],
            [
                472.0,
                284.0
            ],
            [
                472.0,
                287.0
            ],
            [
                472.0,
                290.0
            ]
        ],
        "stack": 0,
        "shift": [
            [
                0.0,
                0.0
            ],
            [
                0.0,
                0.0
            ],
            [
                0.0,
                0.0
            ],
            [
                0.0,
                0.0
            ],
            [
                0.0,
                0.0
            ],
            [
                0.0,
                0.0
            ],
            [
                0.0,
                0.0
            ],
            [
                0.0,
                0.0
            ],
            [
                0.0,
                0.0
            ]
        ],
        "channel": 0
    },
    {
        "type": "Spine",
        "location": [
            334,
            273
        ],
        "radloc": [
            0,
            0
        ],
        "mean": [
            46.3801652892562,
            61.54545454545455,
            63.925619834710744,
            55.34710743801653,
            82.00826446280992,
            70.42148760330579,
            67.23140495867769,
            50.94214876033058
        ],
        "min": [
            12,
            14,
            21,
            12,
            17,
            12,
            11,
            12
        ],
        "max": [
            153,
            187,
            193,
            180,
            218,
            148,
            144,
            134
        ],
        "RawIntDen": [
            5612,
            7447,
            7735,
            6697,
            9923,
            8521,
            8135,
            6164
        ],
        "IntDen": [
            2948.466960854555,
            3912.55050917389,
            4063.8617145776875,
            3518.5109117681673,
            5213.406566742649,
            4476.815212658885,
            4274.016166527406,
            3238.480104545167
        ],
        "FlagUp": 0,
        "Times": [],
        "width": 0,
        "height": 0,
        "area": [
            0.525386129874297,
            0.525386129874297,
            0.525386129874297,
            0.525386129874297,
            0.525386129874297,
            0.525386129874297,
            0.525386129874297,
            0.525386129874297
        ],
        "distance": -1.7790300000000001,
        "xpert": [
            [
                334.0,
                278.0
            ],
            [
                329.8,
                277.2
            ],
            [
                328.2,
                273.0
            ],
            [
                327.6,
                266.6
            ],
            [
                334.0,
                265.0
            ],
            [
                339.8,
                267.2
            ],
            [
                339.2,
                273.0
            ],
            [
                337.2,
                276.2
            ]
        ],
        "stack": 0,
        "shift": [
            [
                0.0,
                0.0
            ],
            [
                0.0,
                0.0
            ],
            [
                0.0,
                0.0
            ],
            [
                0.0,
                0.0
            ],
            [
                0.0,
                0.0
            ],
            [
                0.0,
                0.0
            ],
            [
                0.0,
                0.0
            ],
            [
                0.0,
                0.0
            ],
            [
                0.0,
                0.0
            ]
        ],
        "channel": 0
    },
    {
        "type": "Spine",
        "location": [
            324,
            274
        ],
        "radloc": [
            0,
            0
        ],
        "mean": [
            43.31297709923664,
            43.16793893129771,
            50.152671755725194,
            45.51908396946565,
            59.86259541984733,
            71.07633587786259,
            65.12213740458016,
            59.63358778625954
        ],
        "min": [
            8,
            7,
            14,
            8,
            12,
            19,
            19,
            13
        ],
        "max": [
            112,
            127,
            135,
            120,
            150,
            141,
            123,
            152
        ],
        "RawIntDen": [
            5674,
            5655,
            6570,
            5963,
            7842,
            9311,
            8531,
            7812
        ],
        "IntDen": [
            3227.407917510626,
            3216.600594558088,
            3737.0585156934812,
            3391.792987683444,
            4460.580347042356,
            5296.157053214917,
            4852.488005689664,
            4443.51615290677
        ],
        "FlagUp": 0,
        "Times": [],
        "width": 0,
        "height": 0,
        "area": [
            0.5688064711862224,
            0.5688064711862224,
            0.5688064711862224,
            0.5688064711862224,
            0.5688064711862224,
            0.5688064711862224,
            0.5688064711862224,
            0.5688064711862224
        ],
        "distance": -1.12013,
        "xpert": [
            [
                324.0,
                279.6
            ],
            [
                320.0,
                278.0
            ],
            [
                317.2,
                274.0
            ],
            [
                319.2,
                269.2
            ],
            [
                324.0,
                265.2
            ],
            [
                329.2,
                268.8
            ],
            [
                329.8,
                274.0
            ],
            [
                329.2,
                279.2
            ]
        ],
        "stack": 0,
        "shift": [
            [
                0.0,
                0.0
            ],
            [
                0.0,
                0.0
            ],
            [
                0.0,
                0.0
            ],
            [
                0.0,
                0.0
            ],
            [
                0.0,
                0.0
            ],
            [
                0.0,
                0.0
            ],
            [
                0.0,
                0.0
            ],
            [
                0.0,
                0.0
            ],
            [
                0.0,
                0.0
            ]
        ],
        "channel": 0
    },
    {
        "type": "Spine",
        "location": [
            227,
            232
        ],
        "radloc": [
            0,
            0
        ],
        "mean": [
            29.740384615384617,
            28.91346153846154,
            37.375,
            23.0,
            25.33653846153846,
            33.34615384615385,
            35.85576923076923,
            33.29807692307692
        ],
        "min": [
            8,
            7,
            9,
            8,
            8,
            9,
            9,
            10
        ],
        "max": [
            80,
            73,
            100,
            54,
            54,
            75,
            91,
            70
        ],
        "RawIntDen": [
            3093,
            3007,
            3887,
            2392,
            2635,
            3468,
            3729,
            3463
        ],
        "IntDen": [
            1396.710803048966,
            1357.8756497795798,
            1755.2586134663209,
            1080.1591467485052,
            1189.891033312003,
            1566.050134165475,
            1683.9103086225653,
            1563.7922764172547
        ],
        "FlagUp": 0,
        "Times": [],
        "width": 0,
        "height": 0,
        "area": [
            0.4515715496440239,
            0.4515715496440239,
            0.4515715496440239,
            0.4515715496440239,
            0.4515715496440239,
            0.4515715496440239,
            0.4515715496440239,
            0.4515715496440239
        ],
        "distance": -1.4109825316247633,
        "xpert": [
            [
                227.0,
                240.8
            ],
            [
                222.6,
                236.4
            ],
            [
                220.8,
                232.0
            ],
            [
                222.0,
                227.0
            ],
            [
                227.0,
                226.8
            ],
            [
                230.2,
                228.8
            ],
            [
                231.8,
                232.0
            ],
            [
                231.0,
                236.0
            ]
        ],
        "stack": 0,
        "shift": [
            [
                0.0,
                0.0
            ],
            [
                0.0,
                0.0
            ],
            [
                0.0,
                0.0
            ],
            [
                0.0,
                0.0
            ],
            [
                0.0,
                0.0
            ],
            [
                0.0,
                0.0
            ],
            [
                0.0,
                0.0
            ],
            [
                0.0,
                0.0
            ],
            [
                0.0,
                0.0
            ]
        ],
        "channel": 0
    },
    {
        "type": "Spine",
        "location": [
            59,
            269
        ],
        "radloc": [
            0,
            0
        ],
        "mean": [
            114.0,
            106.94680851063829,
            101.02659574468085,
            82.81382978723404,
            93.72340425531915,
            90.00531914893617,
            81.09042553191489,
            94.06382978723404
        ],
        "min": [
            17,
            16,
            16,
            14,
            15,
            17,
            12,
            18
        ],
        "max": [
            224,
            207,
            206,
            188,
            202,
            182,
            235,
            200
        ],
        "RawIntDen": [
            21432,
            20106,
            18993,
            15569,
            17620,
            16921,
            15245,
            17684
        ],
        "IntDen": [
            17494.993393947072,
            16412.576389450347,
            15504.031799703094,
            12709.012325044883,
            14383.248581623153,
            13812.653192374879,
            12444.530342045684,
            14435.491936289662
        ],
        "FlagUp": 0,
        "Times": [],
        "width": 0,
        "height": 0,
        "area": [
            0.816302416664197,
            0.816302416664197,
            0.816302416664197,
            0.816302416664197,
            0.816302416664197,
            0.816302416664197,
            0.816302416664197,
            0.816302416664197
        ],
        "distance": -1.1361175948742899,
        "xpert": [
            [
                59.0,
                275.0
            ],
            [
                54.4,
                273.6
            ],
            [
                50.6,
                269.0
            ],
            [
                51.0,
                261.0
            ],
            [
                59.0,
                260.6
            ],
            [
                67.0,
                261.0
            ],
            [
                65.0,
                269.0
            ],
            [
                63.0,
                273.0
            ]
        ],
        "stack": 0,
        "shift": [
            [
                0.0,
                0.0
            ],
            [
                0.0,
                0.0
            ],
            [
                0.0,
                0.0
            ],
            [
                0.0,
                0.0
            ],
            [
                0.0,
                0.0
            ],
            [
                0.0,
                0.0
            ],
            [
                0.0,
                0.0
            ],
            [
                0.0,
                0.0
            ],
            [
                0.0,
                0.0
            ]
        ],
        "channel": 0
    },
    {
        "type": "Spine",
        "location": [
            441,
            301
        ],
        "radloc": [
            0,
            0
        ],
        "mean": [
            75.98113207547169,
            93.23584905660377,
            52.971698113207545,
            56.339622641509436,
            49.924528301886795,
            54.65094339622642,
            61.4622641509434,
            74.74528301886792
        ],
        "min": [
            12,
            18,
            9,
            12,
            9,
            15,
            11,
            10
        ],
        "max": [
            221,
            191,
            123,
            134,
            134,
            142,
            144,
            163
        ],
        "RawIntDen": [
            8054,
            9883,
            5615,
            5972,
            5292,
            5793,
            6515,
            7923
        ],
        "IntDen": [
            3706.898746618218,
            4548.70627176904,
            2584.3352945444863,
            2748.6465501370744,
            2435.6727299607164,
            2666.2607945318273,
            2998.5653506602544,
            3646.6052606724784
        ],
        "FlagUp": 0,
        "Times": [],
        "width": 0,
        "height": 0,
        "area": [
            0.460255617906409,
            0.460255617906409,
            0.460255617906409,
            0.460255617906409,
            0.460255617906409,
            0.460255617906409,
            0.460255617906409,
            0.460255617906409
        ],
        "distance": -0.52712,
        "xpert": [
            [
                441.0,
                307.4
            ],
            [
                436.0,
                306.0
            ],
            [
                434.8,
                301.0
            ],
            [
                437.4,
                297.4
            ],
            [
                441.0,
                294.6
            ],
            [
                445.8,
                296.2
            ],
            [
                446.2,
                301.0
            ],
            [
                444.8,
                304.8
            ]
        ],
        "stack": 0,
        "shift": [
            [
                0.0,
                0.0
            ],
            [
                0.0,
                0.0
            ],
            [
                0.0,
                0.0
            ],
            [
                0.0,
                0.0
            ],
            [
                0.0,
                0.0
            ],
            [
                0.0,
                0.0
            ],
            [
                0.0,
                0.0
            ],
            [
                0.0,
                0.0
            ],
            [
                0.0,
                0.0
            ]
        ],
        "channel": 0
    },
    {
        "type": "Spine",
        "location": [
            402,
            280
        ],
        "radloc": [
            0,
            0
        ],
        "mean": [
            95.17972350230414,
            108.00921658986175,
            93.83870967741936,
            118.0184331797235,
            155.03225806451613,
            157.78341013824885,
            139.1336405529954,
            143.42396313364054
        ],
        "min": [
            10,
            12,
            10,
            20,
            31,
            44,
            12,
            22
        ],
        "max": [
            244,
            243,
            255,
            247,
            255,
            255,
            255,
            255
        ],
        "RawIntDen": [
            20654,
            23438,
            20363,
            25610,
            33642,
            34239,
            30192,
            31123
        ],
        "IntDen": [
            19460.640929206194,
            22083.785324815282,
            19186.45449992378,
            24130.290219665472,
            31698.212556422717,
            32260.718736084582,
            28447.548704105426,
            29324.75683352786
        ],
        "FlagUp": 0,
        "Times": [],
        "width": 0,
        "height": 0,
        "area": [
            0.9422214064687806,
            0.9422214064687806,
            0.9422214064687806,
            0.9422214064687806,
            0.9422214064687806,
            0.9422214064687806,
            0.9422214064687806,
            0.9422214064687806
        ],
        "distance": -1.2792025316247633,
        "xpert": [
            [
                402.0,
                288.6
            ],
            [
                397.0,
                285.0
            ],
            [
                391.0,
                280.0
            ],
            [
                395.4,
                273.4
            ],
            [
                402.0,
                273.2
            ],
            [
                408.0,
                274.0
            ],
            [
                412.2,
                280.0
            ],
            [
                408.4,
                286.4
            ]
        ],
        "stack": 0,
        "shift": [
            [
                0.0,
                0.0
            ],
            [
                0.0,
                0.0
            ],
            [
                0.0,
                0.0
            ],
            [
                0.0,
                0.0
            ],
            [
                0.0,
                0.0
            ],
            [
                0.0,
                0.0
            ],
            [
                0.0,
                0.0
            ],
            [
                0.0,
                0.0
            ],
            [
                0.0,
                0.0
            ]
        ],
        "channel": 0
    },
    {
        "type": "Spine",
        "location": [
            150,
            274
        ],
        "radloc": [
            0,
            0
        ],
        "mean": [
            58.77358490566038,
            57.735849056603776,
            67.28301886792453,
            135.0943396226415,
            62.716981132075475,
            55.764150943396224,
            64.65094339622641,
            64.98113207547169
        ],
        "min": [
            10,
            10,
            10,
            31,
            18,
            14,
            17,
            11
        ],
        "max": [
            135,
            133,
            172,
            244,
            120,
            130,
            149,
            185
        ],
        "RawIntDen": [
            6230,
            6120,
            7132,
            14320,
            6648,
            5911,
            6853,
            6888
        ],
        "IntDen": [
            2867.3924995569278,
            2816.764381587223,
            3282.543066908509,
            6590.860448419777,
            3059.779347841807,
            2720.5709574447833,
            3154.131749512621,
            3170.240696139345
        ],
        "FlagUp": 0,
        "Times": [],
        "width": 0,
        "height": 0,
        "area": [
            0.460255617906409,
            0.460255617906409,
            0.460255617906409,
            0.460255617906409,
            0.460255617906409,
            0.460255617906409,
            0.460255617906409,
            0.460255617906409
        ],
        "distance": -0.32945,
        "xpert": [
            [
                150.0,
                279.8
            ],
            [
                145.4,
                278.6
            ],
            [
                143.8,
                274.0
            ],
            [
                145.2,
                269.2
            ],
            [
                150.0,
                267.6
            ],
            [
                153.4,
                270.6
            ],
            [
                156.2,
                274.0
            ],
            [
                154.2,
                278.2
            ]
        ],
        "stack": 0,
        "shift": [
            [
                0.0,
                0.0
            ],
            [
                0.0,
                0.0
            ],
            [
                0.0,
                0.0
            ],
            [
                0.0,
                0.0
            ],
            [
                0.0,
                0.0
            ],
            [
                0.0,
                0.0
            ],
            [
                0.0,
                0.0
            ],
            [
                0.0,
                0.0
            ],
            [
                0.0,
                0.0
            ]
        ],
        "channel": 0
    },
    {
        "type": "Spine",
        "location": [
            82,
            270
        ],
        "radloc": [
            0,
            0
        ],
        "mean": [
            73.73825503355705,
            75.93959731543625,
            73.41610738255034,
            120.3758389261745,
            81.04026845637584,
            70.57046979865771,
            81.40939597315436,
            70.1006711409396
        ],
        "min": [
            21,
            21,
            23,
            41,
            26,
            14,
            21,
            17
        ],
        "max": [
            172,
            169,
            140,
            222,
            146,
            157,
            174,
            134
        ],
        "RawIntDen": [
            10987,
            11315,
            10939,
            17936,
            12075,
            10515,
            12130,
            10445
        ],
        "IntDen": [
            7108.183420912449,
            7320.3873129720905,
            7077.12919280616,
            11603.929902383334,
            7812.079257988334,
            6802.816844533941,
            7847.662227693457,
            6757.529428545602
        ],
        "FlagUp": 0,
        "Times": [],
        "width": 0,
        "height": 0,
        "area": [
            0.6469630855476881,
            0.6469630855476881,
            0.6469630855476881,
            0.6469630855476881,
            0.6469630855476881,
            0.6469630855476881,
            0.6469630855476881,
            0.6469630855476881
        ],
        "distance": -0.85657,
        "xpert": [
            [
                82.0,
                276.0
            ],
            [
                77.2,
                274.8
            ],
            [
                75.8,
                270.0
            ],
            [
                76.0,
                264.0
            ],
            [
                82.0,
                263.0
            ],
            [
                87.8,
                264.2
            ],
            [
                91.6,
                270.0
            ],
            [
                86.0,
                274.0
            ]
        ],
        "stack": 0,
        "shift": [
            [
                0.0,
                0.0
            ],
            [
                0.0,
                0.0
            ],
            [
                0.0,
                0.0
            ],
            [
                0.0,
                0.0
            ],
            [
                0.0,
                0.0
            ],
            [
                0.0,
                0.0
            ],
            [
                0.0,
                0.0
            ],
            [
                0.0,
                0.0
            ],
            [
                0.0,
                0.0
            ]
        ],
        "channel": 0
    }
]