[
    {
        "type": "Stim",
        "location": [
            133,
            220
        ],
        "radloc": [
            0,
            0
        ],
        "mean": [
            63.368852459016395,
            59.70634920634921,
            76.81,
            71.54255319148936,
            75.86021505376344,
            54.018348623853214,
            18.01923076923077,
            10.28888888888889
        ],
        "min": [
            14,
            12,
            27,
            19,
            28,
            14,
            6,
            5
        ],
        "max": [
            188,
            155,
            164,
            138,
            164,
            110,
            79,
            19
        ],
        "RawIntDen": [
            7731,
            7523,
            7681,
            6725,
            7055,
            5888,
            937,
            463
        ],
        "IntDen": [
            4095.3284359263607,
            4115.805468889064,
            3335.1164161689235,
            2744.8168760333097,
            2848.8737239873367,
            2786.682769126267,
            211.5612710082211,
            90.46628112339477
        ],
        "FlagUp": 0,
        "Times": [
            -15,
            -10,
            -5,
            2,
            10,
            20,
            30,
            40
        ],
        "width": 0,
        "height": 0,
        "area": [
            0.5297281640054793,
            0.5470963005302492,
            0.4342034131192453,
            0.4081512083320906,
            0.4038091742008982,
            0.47328172029997745,
            0.22578577482200757,
            0.1953915359036604
        ],
        "distance": 0,
        "xpert": [
            [
                [
                    133.0,
                    228.8
                ],
                [
                    126.4,
                    226.6
                ],
                [
                    127.4,
                    220.0
                ],
                [
                    126.0,
                    213.0
                ],
                [
                    133.0,
                    214.8
                ],
                [
                    136.2,
                    216.8
                ],
                [
                    137.8,
                    220.0
                ],
                [
                    138.6,
                    225.6
                ]
            ],
            [
                [
                    133.0,
                    229.2
                ],
                [
                    129.0,
                    224.0
                ],
                [
                    127.8,
                    220.0
                ],
                [
                    127.4,
                    214.4
                ],
                [
                    133.0,
                    213.0
                ],
                [
                    136.8,
                    216.2
                ],
                [
                    138.2,
                    220.0
                ],
                [
                    138.2,
                    225.2
                ]
            ],
            [
                [
                    133.0,
                    226.4
                ],
                [
                    128.8,
                    224.2
                ],
                [
                    127.4,
                    220.0
                ],
                [
                    129.4,
                    216.4
                ],
                [
                    133.0,
                    214.4
                ],
                [
                    138.0,
                    215.0
                ],
                [
                    138.2,
                    220.0
                ],
                [
                    137.4,
                    224.4
                ]
            ],
            [
                [
                    133.0,
                    226.6
                ],
                [
                    129.2,
                    223.8
                ],
                [
                    127.4,
                    220.0
                ],
                [
                    129.0,
                    216.0
                ],
                [
                    133.0,
                    214.8
                ],
                [
                    137.2,
                    215.8
                ],
                [
                    138.4,
                    220.0
                ],
                [
                    137.4,
                    224.4
                ]
            ],
            [
                [
                    133.0,
                    228.0
                ],
                [
                    128.6,
                    224.4
                ],
                [
                    126.4,
                    220.0
                ],
                [
                    129.8,
                    216.8
                ],
                [
                    133.0,
                    215.0
                ],
                [
                    136.0,
                    217.0
                ],
                [
                    137.4,
                    220.0
                ],
                [
                    137.6,
                    224.6
                ]
            ],
            [
                [
                    133.0,
                    229.8
                ],
                [
                    127.6,
                    225.4
                ],
                [
                    126.0,
                    220.0
                ],
                [
                    127.8,
                    214.8
                ],
                [
                    133.0,
                    215.2
                ],
                [
                    136.4,
                    216.6
                ],
                [
                    137.0,
                    220.0
                ],
                [
                    136.0,
                    223.0
                ]
            ],
            [
                [
                    133.0,
                    225.6
                ],
                [
                    129.4,
                    223.6
                ],
                [
                    129.0,
                    220.0
                ],
                [
                    130.0,
                    217.0
                ],
                [
                    133.0,
                    216.0
                ],
                [
                    136.0,
                    217.0
                ],
                [
                    137.0,
                    220.0
                ],
                [
                    136.0,
                    223.0
                ]
            ],
            [
                [
                    133.0,
                    224.0
                ],
                [
                    130.0,
                    223.0
                ],
                [
                    129.0,
                    220.0
                ],
                [
                    130.0,
                    217.0
                ],
                [
                    133.0,
                    216.0
                ],
                [
                    136.0,
                    217.0
                ],
                [
                    137.0,
                    220.0
                ],
                [
                    136.0,
                    223.0
                ]
            ]
        ],
        "stack": 0,
        "shift": [
            [
                0,
                0
            ],
            [
                0,
                0
            ],
            [
                0,
                0
            ],
            [
                0,
                0
            ],
            [
                0,
                0
            ],
            [
                0,
                0
            ],
            [
                0,
                0
            ],
            [
                0,
                0
            ]
        ],
        "channel": 0
    },
    {
        "type": "Stim",
        "location": [
            176,
            229
        ],
        "radloc": [
            0,
            0
        ],
        "mean": [
            89.60714285714286,
            97.47311827956989,
            103.0952380952381,
            110.89655172413794,
            102.45945945945945,
            68.42647058823529,
            67.79032258064517,
            26.70175438596491
        ],
        "min": [
            27,
            35,
            35,
            35,
            19,
            19,
            15,
            9
        ],
        "max": [
            184,
            182,
            192,
            192,
            199,
            138,
            202,
            82
        ],
        "RawIntDen": [
            7527,
            9065,
            8660,
            9648,
            7582,
            4653,
            4203,
            1522
        ],
        "IntDen": [
            2745.32923606079,
            3660.530164131142,
            3158.5693083946385,
            3644.5992409037967,
            2436.1764059198877,
            1373.836967245817,
            1131.4733061109166,
            376.6888290174701
        ],
        "FlagUp": 0,
        "Times": [
            -15,
            -10,
            -5,
            2,
            10,
            20,
            30,
            40
        ],
        "width": 0,
        "height": 0,
        "area": [
            0.3647308670201661,
            0.4038091742008982,
            0.3647308670201661,
            0.3777569694137434,
            0.32131052570824153,
            0.29525832092108684,
            0.26920611613393214,
            0.24749594547796985
        ],
        "distance": 0,
        "xpert": [
            [
                [
                    176.0,
                    234.0
                ],
                [
                    170.8,
                    234.2
                ],
                [
                    171.0,
                    229.0
                ],
                [
                    172.6,
                    225.6
                ],
                [
                    176.0,
                    223.6
                ],
                [
                    180.0,
                    225.0
                ],
                [
                    180.6,
                    229.0
                ],
                [
                    181.2,
                    234.2
                ]
            ],
            [
                [
                    176.0,
                    234.2
                ],
                [
                    171.2,
                    233.8
                ],
                [
                    170.8,
                    229.0
                ],
                [
                    172.6,
                    225.6
                ],
                [
                    176.0,
                    224.6
                ],
                [
                    179.6,
                    225.4
                ],
                [
                    182.4,
                    229.0
                ],
                [
                    181.2,
                    234.2
                ]
            ],
            [
                [
                    176.0,
                    234.2
                ],
                [
                    171.4,
                    233.6
                ],
                [
                    171.0,
                    229.0
                ],
                [
                    173.0,
                    226.0
                ],
                [
                    176.0,
                    224.6
                ],
                [
                    180.4,
                    224.6
                ],
                [
                    181.6,
                    229.0
                ],
                [
                    180.8,
                    233.8
                ]
            ],
            [
                [
                    176.0,
                    234.2
                ],
                [
                    170.8,
                    234.2
                ],
                [
                    171.8,
                    229.0
                ],
                [
                    173.0,
                    226.0
                ],
                [
                    176.0,
                    224.0
                ],
                [
                    179.4,
                    225.6
                ],
                [
                    181.4,
                    229.0
                ],
                [
                    181.2,
                    234.2
                ]
            ],
            [
                [
                    176.0,
                    234.2
                ],
                [
                    171.8,
                    233.2
                ],
                [
                    170.2,
                    229.0
                ],
                [
                    172.8,
                    225.8
                ],
                [
                    176.0,
                    224.8
                ],
                [
                    179.0,
                    226.0
                ],
                [
                    180.6,
                    229.0
                ],
                [
                    180.6,
                    233.6
                ]
            ],
            [
                [
                    176.0,
                    234.2
                ],
                [
                    171.6,
                    233.4
                ],
                [
                    171.2,
                    229.0
                ],
                [
                    173.0,
                    226.0
                ],
                [
                    176.0,
                    224.8
                ],
                [
                    179.0,
                    226.0
                ],
                [
                    181.0,
                    229.0
                ],
                [
                    179.8,
                    232.8
                ]
            ],
            [
                [
                    176.0,
                    234.2
                ],
                [
                    170.8,
                    234.2
                ],
                [
                    172.0,
                    229.0
                ],
                [
                    173.0,
                    226.0
                ],
                [
                    176.0,
                    225.0
                ],
                [
                    179.0,
                    226.0
                ],
                [
                    180.0,
                    229.0
                ],
                [
                    179.2,
                    232.2
                ]
            ],
            [
                [
                    176.0,
                    234.0
                ],
                [
                    171.6,
                    233.4
                ],
                [
                    171.8,
                    229.0
                ],
                [
                    173.0,
                    226.0
                ],
                [
                    176.0,
                    224.8
                ],
                [
                    179.0,
                    226.0
                ],
                [
                    180.0,
                    229.0
                ],
                [
                    179.0,
                    232.0
                ]
            ]
        ],
        "stack": 0,
        "shift": [
            [
                0,
                0
            ],
            [
                1,
                0
            ],
            [
                1,
                0
            ],
            [
                2,
                0
            ],
            [
                3,
                0
            ],
            [
                3,
                0
            ],
            [
                3,
                0
            ],
            [
                1,
                0
            ]
        ],
        "channel": 0
    },
    {
        "type": "Stim",
        "location": [
            209,
            230
        ],
        "radloc": [
            0,
            0
        ],
        "mean": [
            61.74193548387097,
            85.14772727272727,
            100.63855421686748,
            91.95774647887323,
            91.65432098765432,
            96.42857142857143,
            95.87719298245614,
            22.57777777777778
        ],
        "min": [
            13,
            17,
            17,
            15,
            21,
            17,
            22,
            10
        ],
        "max": [
            142,
            174,
            198,
            203,
            216,
            227,
            225,
            57
        ],
        "RawIntDen": [
            5742,
            7493,
            8353,
            6529,
            7424,
            6750,
            5465,
            1016
        ],
        "IntDen": [
            2318.6722782615575,
            2863.0678335622047,
            3010.327921121597,
            2012.7889998214425,
            2611.0561725877947,
            2051.611126988434,
            1352.5653420371052,
            198.51780047811897
        ],
        "FlagUp": 0,
        "Times": [
            -15,
            -10,
            -5,
            2,
            10,
            20,
            30,
            40
        ],
        "width": 0,
        "height": 0,
        "area": [
            0.4038091742008982,
            0.3820990035449359,
            0.3603888328889736,
            0.3082844233146642,
            0.35170476462658873,
            0.3039423891834717,
            0.24749594547796985,
            0.1953915359036604
        ],
        "distance": 0,
        "xpert": [
            [
                [
                    209.0,
                    234.8
                ],
                [
                    204.2,
                    234.8
                ],
                [
                    199.8,
                    230.0
                ],
                [
                    204.6,
                    225.6
                ],
                [
                    209.0,
                    225.2
                ],
                [
                    212.2,
                    226.8
                ],
                [
                    213.0,
                    230.0
                ],
                [
                    213.0,
                    234.0
                ]
            ],
            [
                [
                    209.0,
                    234.4
                ],
                [
                    204.2,
                    234.8
                ],
                [
                    201.0,
                    230.0
                ],
                [
                    204.0,
                    225.0
                ],
                [
                    209.0,
                    225.4
                ],
                [
                    212.4,
                    226.6
                ],
                [
                    213.6,
                    230.0
                ],
                [
                    212.0,
                    233.0
                ]
            ],
            [
                [
                    209.0,
                    234.8
                ],
                [
                    204.2,
                    234.8
                ],
                [
                    201.4,
                    230.0
                ],
                [
                    205.0,
                    226.0
                ],
                [
                    209.0,
                    225.6
                ],
                [
                    212.6,
                    226.4
                ],
                [
                    213.8,
                    230.0
                ],
                [
                    212.0,
                    233.0
                ]
            ],
            [
                [
                    209.0,
                    234.6
                ],
                [
                    204.2,
                    234.8
                ],
                [
                    203.2,
                    230.0
                ],
                [
                    205.4,
                    226.4
                ],
                [
                    209.0,
                    225.2
                ],
                [
                    212.2,
                    226.8
                ],
                [
                    213.2,
                    230.0
                ],
                [
                    212.2,
                    233.2
                ]
            ],
            [
                [
                    209.0,
                    234.6
                ],
                [
                    204.2,
                    234.8
                ],
                [
                    201.2,
                    230.0
                ],
                [
                    205.4,
                    226.4
                ],
                [
                    209.0,
                    225.4
                ],
                [
                    212.0,
                    227.0
                ],
                [
                    213.2,
                    230.0
                ],
                [
                    212.6,
                    233.6
                ]
            ],
            [
                [
                    209.0,
                    234.8
                ],
                [
                    204.4,
                    234.6
                ],
                [
                    203.8,
                    230.0
                ],
                [
                    205.6,
                    226.6
                ],
                [
                    209.0,
                    225.8
                ],
                [
                    212.0,
                    227.0
                ],
                [
                    214.0,
                    230.0
                ],
                [
                    212.8,
                    233.8
                ]
            ],
            [
                [
                    209.0,
                    234.8
                ],
                [
                    204.2,
                    234.8
                ],
                [
                    205.0,
                    230.0
                ],
                [
                    206.0,
                    227.0
                ],
                [
                    209.0,
                    226.0
                ],
                [
                    212.0,
                    227.0
                ],
                [
                    213.0,
                    230.0
                ],
                [
                    212.6,
                    233.6
                ]
            ],
            [
                [
                    209.0,
                    234.0
                ],
                [
                    206.0,
                    233.0
                ],
                [
                    205.0,
                    230.0
                ],
                [
                    206.0,
                    227.0
                ],
                [
                    209.0,
                    226.0
                ],
                [
                    212.0,
                    227.0
                ],
                [
                    213.0,
                    230.0
                ],
                [
                    212.0,
                    233.0
                ]
            ]
        ],
        "stack": 0,
        "shift": [
            [
                0,
                0
            ],
            [
                2,
                0
            ],
            [
                3,
                1
            ],
            [
                4,
                1
            ],
            [
                5,
                1
            ],
            [
                6,
                1
            ],
            [
                6,
                1
            ],
            [
                5,
                1
            ]
        ],
        "channel": 0
    },
    {
        "type": "Spine",
        "location": [
            171,
            269
        ],
        "radloc": [
            0,
            0
        ],
        "mean": [
            73.62921348314607,
            84.60227272727273,
            72.76271186440678,
            72.27173913043478,
            73.29268292682927,
            84.16666666666667,
            80.35576923076923,
            50.18518518518518
        ],
        "min": [
            11,
            13,
            10,
            10,
            24,
            21,
            15,
            8
        ],
        "max": [
            149,
            189,
            161,
            142,
            143,
            168,
            158,
            169
        ],
        "RawIntDen": [
            6553,
            7445,
            8586,
            6649,
            6010,
            9595,
            8357,
            4065
        ],
        "IntDen": [
            2532.3481198916693,
            2844.7270813920477,
            4399.123195949372,
            2656.057014323473,
            2139.841260534265,
            4749.4471937222415,
            3773.783440375035,
            1429.6798682070832
        ],
        "FlagUp": 0,
        "Times": [
            -15,
            -10,
            -5,
            2,
            10,
            20,
            30,
            40
        ],
        "width": 0,
        "height": 0,
        "area": [
            0.38644103767612836,
            0.3820990035449359,
            0.5123600274807095,
            0.39946714006970574,
            0.35604679875778117,
            0.4949918909559397,
            0.45157154964401514,
            0.35170476462658873
        ],
        "distance": -0.32945,
        "xpert": [
            [
                [
                    171.0,
                    273.6
                ],
                [
                    167.8,
                    272.2
                ],
                [
                    166.0,
                    269.0
                ],
                [
                    166.4,
                    264.4
                ],
                [
                    171.0,
                    260.8
                ],
                [
                    175.6,
                    264.4
                ],
                [
                    175.8,
                    269.0
                ],
                [
                    174.4,
                    272.4
                ]
            ],
            [
                [
                    171.0,
                    273.6
                ],
                [
                    168.0,
                    272.0
                ],
                [
                    166.2,
                    269.0
                ],
                [
                    167.0,
                    265.0
                ],
                [
                    171.0,
                    263.2
                ],
                [
                    176.4,
                    263.6
                ],
                [
                    177.4,
                    269.0
                ],
                [
                    174.6,
                    272.6
                ]
            ],
            [
                [
                    171.0,
                    273.2
                ],
                [
                    167.8,
                    272.2
                ],
                [
                    166.0,
                    269.0
                ],
                [
                    167.2,
                    265.2
                ],
                [
                    171.0,
                    257.8
                ],
                [
                    176.2,
                    263.8
                ],
                [
                    177.8,
                    269.0
                ],
                [
                    175.4,
                    273.4
                ]
            ],
            [
                [
                    171.0,
                    273.4
                ],
                [
                    168.0,
                    272.0
                ],
                [
                    166.2,
                    269.0
                ],
                [
                    167.4,
                    265.4
                ],
                [
                    171.0,
                    262.8
                ],
                [
                    175.8,
                    264.2
                ],
                [
                    178.2,
                    269.0
                ],
                [
                    175.4,
                    273.4
                ]
            ],
            [
                [
                    171.0,
                    275.0
                ],
                [
                    166.6,
                    273.4
                ],
                [
                    165.0,
                    269.0
                ],
                [
                    165.8,
                    263.8
                ],
                [
                    171.0,
                    264.2
                ],
                [
                    174.0,
                    266.0
                ],
                [
                    175.0,
                    269.0
                ],
                [
                    174.6,
                    272.6
                ]
            ],
            [
                [
                    171.0,
                    276.8
                ],
                [
                    165.8,
                    274.2
                ],
                [
                    162.6,
                    269.0
                ],
                [
                    165.4,
                    263.4
                ],
                [
                    171.0,
                    264.0
                ],
                [
                    174.0,
                    266.0
                ],
                [
                    175.2,
                    269.0
                ],
                [
                    174.8,
                    272.8
                ]
            ],
            [
                [
                    171.0,
                    275.0
                ],
                [
                    165.4,
                    274.6
                ],
                [
                    162.6,
                    269.0
                ],
                [
                    164.6,
                    262.6
                ],
                [
                    171.0,
                    265.0
                ],
                [
                    174.0,
                    266.0
                ],
                [
                    175.0,
                    269.0
                ],
                [
                    174.0,
                    272.0
                ]
            ],
            [
                [
                    171.0,
                    274.0
                ],
                [
                    167.6,
                    272.4
                ],
                [
                    164.4,
                    269.0
                ],
                [
                    164.8,
                    262.8
                ],
                [
                    171.0,
                    264.0
                ],
                [
                    174.0,
                    266.0
                ],
                [
                    175.0,
                    269.0
                ],
                [
                    174.0,
                    272.0
                ]
            ]
        ],
        "stack": 0,
        "shift": [
            [
                0,
                0
            ],
            [
                0,
                0
            ],
            [
                0,
                0
            ],
            [
                1,
                0
            ],
            [
                2,
                0
            ],
            [
                2,
                0
            ],
            [
                2,
                0
            ],
            [
                0,
                0
            ]
        ],
        "channel": 0
    },
    {
        "type": "Spine",
        "location": [
            13,
            239
        ],
        "radloc": [
            0,
            0
        ],
        "mean": [
            115.39495798319328,
            120.32758620689656,
            128.88,
            133.58490566037736,
            125.13513513513513,
            101.13793103448276,
            88.70588235294117,
            26.88888888888889
        ],
        "min": [
            26,
            46,
            37,
            37,
            36,
            15,
            14,
            8
        ],
        "max": [
            227,
            230,
            218,
            221,
            240,
            231,
            196,
            87
        ],
        "RawIntDen": [
            13732,
            13958,
            16110,
            14160,
            13890,
            8799,
            9048,
            2420
        ],
        "IntDen": [
            7095.352710054638,
            7030.309038769375,
            8743.771231688803,
            6517.219549554625,
            6694.504803131213,
            3323.883573871529,
            4007.2459315409906,
            945.6950337737163
        ],
        "FlagUp": 0,
        "Times": [
            -15,
            -10,
            -5,
            2,
            10,
            20,
            30,
            40
        ],
        "width": 0,
        "height": 0,
        "area": [
            0.5167020616119019,
            0.5036759592183246,
            0.5427542663990567,
            0.46025561790640007,
            0.48196578856236233,
            0.3777569694137434,
            0.44288748138163025,
            0.3907830718073208
        ],
        "distance": 8.316187974371447,
        "xpert": [
            [
                [
                    13.0,
                    246.8
                ],
                [
                    6.4,
                    245.6
                ],
                [
                    6.6,
                    239.0
                ],
                [
                    8.6,
                    234.6
                ],
                [
                    13.0,
                    234.2
                ],
                [
                    16.2,
                    235.8
                ],
                [
                    17.8,
                    239.0
                ],
                [
                    18.2,
                    244.2
                ]
            ],
            [
                [
                    13.0,
                    246.8
                ],
                [
                    6.8,
                    245.2
                ],
                [
                    8.4,
                    239.0
                ],
                [
                    9.8,
                    235.8
                ],
                [
                    13.0,
                    233.6
                ],
                [
                    17.0,
                    235.0
                ],
                [
                    18.6,
                    239.0
                ],
                [
                    19.0,
                    245.0
                ]
            ],
            [
                [
                    13.0,
                    246.8
                ],
                [
                    8.4,
                    243.6
                ],
                [
                    8.0,
                    239.0
                ],
                [
                    9.8,
                    235.8
                ],
                [
                    13.0,
                    232.2
                ],
                [
                    17.8,
                    234.2
                ],
                [
                    19.8,
                    239.0
                ],
                [
                    19.4,
                    245.4
                ]
            ],
            [
                [
                    13.0,
                    246.6
                ],
                [
                    8.4,
                    243.6
                ],
                [
                    8.6,
                    239.0
                ],
                [
                    9.6,
                    235.6
                ],
                [
                    13.0,
                    234.4
                ],
                [
                    17.0,
                    235.0
                ],
                [
                    19.6,
                    239.0
                ],
                [
                    18.8,
                    244.8
                ]
            ],
            [
                [
                    13.0,
                    246.2
                ],
                [
                    6.2,
                    245.8
                ],
                [
                    7.2,
                    239.0
                ],
                [
                    8.0,
                    234.0
                ],
                [
                    13.0,
                    233.8
                ],
                [
                    16.0,
                    236.0
                ],
                [
                    17.2,
                    239.0
                ],
                [
                    17.0,
                    243.0
                ]
            ],
            [
                [
                    13.0,
                    244.6
                ],
                [
                    6.0,
                    246.0
                ],
                [
                    7.8,
                    239.0
                ],
                [
                    9.2,
                    235.2
                ],
                [
                    13.0,
                    234.4
                ],
                [
                    16.2,
                    235.8
                ],
                [
                    17.6,
                    239.0
                ],
                [
                    16.4,
                    242.4
                ]
            ],
            [
                [
                    13.0,
                    246.2
                ],
                [
                    5.2,
                    246.8
                ],
                [
                    8.0,
                    239.0
                ],
                [
                    9.2,
                    235.2
                ],
                [
                    13.0,
                    234.2
                ],
                [
                    16.2,
                    235.8
                ],
                [
                    17.8,
                    239.0
                ],
                [
                    16.6,
                    242.6
                ]
            ],
            [
                [
                    13.0,
                    245.2
                ],
                [
                    6.4,
                    245.6
                ],
                [
                    9.0,
                    239.0
                ],
                [
                    10.0,
                    236.0
                ],
                [
                    13.0,
                    235.0
                ],
                [
                    16.0,
                    236.0
                ],
                [
                    18.0,
                    239.0
                ],
                [
                    18.2,
                    244.2
                ]
            ]
        ],
        "stack": 0,
        "shift": [
            [
                0,
                0
            ],
            [
                0,
                0
            ],
            [
                0,
                0
            ],
            [
                0,
                0
            ],
            [
                0,
                0
            ],
            [
                0,
                0
            ],
            [
                0,
                0
            ],
            [
                -2,
                0
            ]
        ],
        "channel": 0
    },
    {
        "type": "Spine",
        "location": [
            197,
            256
        ],
        "radloc": [
            0,
            0
        ],
        "mean": [
            56.67619047619048,
            38.839080459770116,
            30.682926829268293,
            40.968,
            59.64102564102564,
            44.339393939393936,
            41.51298701298701,
            21.583333333333332
        ],
        "min": [
            7,
            9,
            6,
            7,
            9,
            5,
            7,
            10
        ],
        "max": [
            144,
            98,
            101,
            132,
            153,
            116,
            127,
            62
        ],
        "RawIntDen": [
            5951,
            3379,
            2516,
            5121,
            6978,
            7316,
            6393,
            1813
        ],
        "IntDen": [
            2713.1417370462605,
            1276.440799649039,
            895.8137456745775,
            2779.4445982295692,
            3544.94955759293,
            5241.443081127658,
            4274.828126909857,
            661.2570619075611
        ],
        "FlagUp": 0,
        "Times": [
            -15,
            -10,
            -5,
            2,
            10,
            20,
            30,
            40
        ],
        "width": 0,
        "height": 0,
        "area": [
            0.45591358377520763,
            0.3777569694137434,
            0.35604679875778117,
            0.5427542663990567,
            0.508017993349517,
            0.7164356316467548,
            0.6686732562036378,
            0.3647308670201661
        ],
        "distance": -0.79068,
        "xpert": [
            [
                [
                    197.0,
                    260.2
                ],
                [
                    194.0,
                    259.0
                ],
                [
                    192.0,
                    256.0
                ],
                [
                    192.6,
                    251.6
                ],
                [
                    197.0,
                    246.4
                ],
                [
                    203.0,
                    250.0
                ],
                [
                    202.8,
                    256.0
                ],
                [
                    200.2,
                    259.2
                ]
            ],
            [
                [
                    197.0,
                    260.4
                ],
                [
                    194.0,
                    259.0
                ],
                [
                    193.0,
                    256.0
                ],
                [
                    193.4,
                    252.4
                ],
                [
                    197.0,
                    250.4
                ],
                [
                    204.0,
                    249.0
                ],
                [
                    202.4,
                    256.0
                ],
                [
                    201.2,
                    260.2
                ]
            ],
            [
                [
                    197.0,
                    260.8
                ],
                [
                    194.0,
                    259.0
                ],
                [
                    192.6,
                    256.0
                ],
                [
                    192.2,
                    251.2
                ],
                [
                    197.0,
                    250.2
                ],
                [
                    201.0,
                    252.0
                ],
                [
                    202.8,
                    256.0
                ],
                [
                    201.4,
                    260.4
                ]
            ],
            [
                [
                    197.0,
                    261.6
                ],
                [
                    193.2,
                    259.8
                ],
                [
                    192.2,
                    256.0
                ],
                [
                    191.2,
                    250.2
                ],
                [
                    197.0,
                    246.2
                ],
                [
                    202.0,
                    251.0
                ],
                [
                    203.2,
                    256.0
                ],
                [
                    201.0,
                    260.0
                ]
            ],
            [
                [
                    197.0,
                    260.8
                ],
                [
                    194.0,
                    259.0
                ],
                [
                    192.6,
                    256.0
                ],
                [
                    191.2,
                    250.2
                ],
                [
                    197.0,
                    246.2
                ],
                [
                    202.8,
                    250.2
                ],
                [
                    203.0,
                    256.0
                ],
                [
                    200.2,
                    259.2
                ]
            ],
            [
                [
                    197.0,
                    261.2
                ],
                [
                    192.8,
                    260.2
                ],
                [
                    190.0,
                    256.0
                ],
                [
                    189.0,
                    248.0
                ],
                [
                    197.0,
                    246.6
                ],
                [
                    205.2,
                    247.8
                ],
                [
                    202.0,
                    256.0
                ],
                [
                    200.2,
                    259.2
                ]
            ],
            [
                [
                    197.0,
                    261.2
                ],
                [
                    191.8,
                    261.2
                ],
                [
                    189.0,
                    256.0
                ],
                [
                    189.4,
                    248.4
                ],
                [
                    197.0,
                    246.8
                ],
                [
                    202.2,
                    250.8
                ],
                [
                    202.4,
                    256.0
                ],
                [
                    200.2,
                    259.2
                ]
            ],
            [
                [
                    197.0,
                    260.0
                ],
                [
                    194.0,
                    259.0
                ],
                [
                    191.8,
                    256.0
                ],
                [
                    191.4,
                    250.4
                ],
                [
                    197.0,
                    249.2
                ],
                [
                    201.0,
                    252.0
                ],
                [
                    202.2,
                    256.0
                ],
                [
                    200.0,
                    259.0
                ]
            ]
        ],
        "stack": 0,
        "shift": [
            [
                0,
                0
            ],
            [
                1,
                0
            ],
            [
                2,
                0
            ],
            [
                3,
                0
            ],
            [
                4,
                0
            ],
            [
                5,
                0
            ],
            [
                5,
                0
            ],
            [
                3,
                0
            ]
        ],
        "channel": 0
    },
    {
        "type": "Spine",
        "location": [
            228,
            261
        ],
        "radloc": [
            0,
            0
        ],
        "mean": [
            93.31182795698925,
            76.6969696969697,
            63.556603773584904,
            76.70873786407768,
            80.15686274509804,
            44.33,
            41.1985294117647,
            35.640776699029125
        ],
        "min": [
            14,
            8,
            9,
            11,
            10,
            5,
            6,
            6
        ],
        "max": [
            240,
            177,
            159,
            169,
            240,
            174,
            142,
            133
        ],
        "RawIntDen": [
            8678,
            7593,
            6737,
            7901,
            8176,
            4433,
            5603,
            3671
        ],
        "IntDen": [
            3504.256013715394,
            3263.9374506562854,
            3100.742097835417,
            3533.560402066812,
            3621.048047776209,
            1924.8237303576145,
            3308.664744241699,
            1641.7795514475722
        ],
        "FlagUp": 0,
        "Times": [
            -15,
            -10,
            -5,
            2,
            10,
            20,
            30,
            40
        ],
        "width": 0,
        "height": 0,
        "area": [
            0.4038091742008982,
            0.4298613789880529,
            0.46025561790640007,
            0.4472295155128227,
            0.44288748138163025,
            0.4342034131192453,
            0.5905166418421737,
            0.4472295155128227
        ],
        "distance": 1.6519326581238165,
        "xpert": [
            [
                [
                    228.0,
                    265.8
                ],
                [
                    224.6,
                    264.4
                ],
                [
                    223.4,
                    261.0
                ],
                [
                    223.6,
                    256.6
                ],
                [
                    228.0,
                    255.8
                ],
                [
                    234.4,
                    254.6
                ],
                [
                    233.4,
                    261.0
                ],
                [
                    232.4,
                    265.4
                ]
            ],
            [
                [
                    228.0,
                    268.0
                ],
                [
                    224.0,
                    265.0
                ],
                [
                    223.6,
                    261.0
                ],
                [
                    225.0,
                    258.0
                ],
                [
                    228.0,
                    256.6
                ],
                [
                    233.0,
                    256.0
                ],
                [
                    235.8,
                    261.0
                ],
                [
                    232.6,
                    265.6
                ]
            ],
            [
                [
                    228.0,
                    266.4
                ],
                [
                    224.8,
                    264.2
                ],
                [
                    223.2,
                    261.0
                ],
                [
                    225.0,
                    258.0
                ],
                [
                    228.0,
                    256.0
                ],
                [
                    233.4,
                    255.6
                ],
                [
                    236.6,
                    261.0
                ],
                [
                    233.2,
                    266.2
                ]
            ],
            [
                [
                    228.0,
                    268.6
                ],
                [
                    223.4,
                    265.6
                ],
                [
                    223.0,
                    261.0
                ],
                [
                    225.0,
                    258.0
                ],
                [
                    228.0,
                    256.4
                ],
                [
                    234.0,
                    255.0
                ],
                [
                    234.8,
                    261.0
                ],
                [
                    232.0,
                    265.0
                ]
            ],
            [
                [
                    228.0,
                    266.6
                ],
                [
                    221.4,
                    267.6
                ],
                [
                    223.0,
                    261.0
                ],
                [
                    225.0,
                    258.0
                ],
                [
                    228.0,
                    256.8
                ],
                [
                    231.4,
                    257.6
                ],
                [
                    237.8,
                    261.0
                ],
                [
                    232.0,
                    265.0
                ]
            ],
            [
                [
                    228.0,
                    266.4
                ],
                [
                    221.6,
                    267.4
                ],
                [
                    223.0,
                    261.0
                ],
                [
                    225.0,
                    258.0
                ],
                [
                    228.0,
                    255.6
                ],
                [
                    231.2,
                    257.8
                ],
                [
                    237.0,
                    261.0
                ],
                [
                    233.0,
                    266.0
                ]
            ],
            [
                [
                    228.0,
                    269.0
                ],
                [
                    223.2,
                    265.8
                ],
                [
                    223.8,
                    261.0
                ],
                [
                    225.0,
                    258.0
                ],
                [
                    228.0,
                    255.6
                ],
                [
                    234.8,
                    254.2
                ],
                [
                    237.2,
                    261.0
                ],
                [
                    232.8,
                    265.8
                ]
            ],
            [
                [
                    228.0,
                    266.6
                ],
                [
                    224.6,
                    264.4
                ],
                [
                    223.6,
                    261.0
                ],
                [
                    225.0,
                    258.0
                ],
                [
                    228.0,
                    255.8
                ],
                [
                    234.2,
                    254.8
                ],
                [
                    235.6,
                    261.0
                ],
                [
                    232.8,
                    265.8
                ]
            ]
        ],
        "stack": 0,
        "shift": [
            [
                0,
                0
            ],
            [
                3,
                0
            ],
            [
                3,
                0
            ],
            [
                4,
                0
            ],
            [
                5,
                0
            ],
            [
                6,
                0
            ],
            [
                7,
                0
            ],
            [
                6,
                0
            ]
        ],
        "channel": 0
    },
    {
        "type": "Spine",
        "location": [
            294,
            258
        ],
        "radloc": [
            0,
            0
        ],
        "mean": [
            67.56880733944953,
            61.50485436893204,
            55.02777777777778,
            48.72641509433962,
            31.513157894736842,
            17.885964912280702,
            33.91503267973856,
            11.144578313253012
        ],
        "min": [
            10,
            10,
            10,
            6,
            5,
            5,
            6,
            3
        ],
        "max": [
            143,
            152,
            134,
            104,
            106,
            61,
            122,
            26
        ],
        "RawIntDen": [
            7365,
            6335,
            5943,
            5165,
            2395,
            2039,
            5189,
            925
        ],
        "IntDen": [
            3485.7198700093336,
            2833.198980773732,
            2786.9085549010892,
            2377.2202664865563,
            790.3370525596504,
            1009.288465659161,
            3447.2147113339192,
            333.3596704223006
        ],
        "FlagUp": 0,
        "Times": [
            -15,
            -10,
            -5,
            2,
            10,
            20,
            30,
            40
        ],
        "width": 0,
        "height": 0,
        "area": [
            0.47328172029997745,
            0.4472295155128227,
            0.46893968616878495,
            0.46025561790640007,
            0.32999459397062647,
            0.4949918909559397,
            0.6643312220724453,
            0.3603888328889736
        ],
        "distance": 5.737112658123816,
        "xpert": [
            [
                [
                    294.0,
                    262.4
                ],
                [
                    290.8,
                    261.2
                ],
                [
                    287.2,
                    258.0
                ],
                [
                    286.2,
                    250.2
                ],
                [
                    294.0,
                    251.8
                ],
                [
                    299.2,
                    252.8
                ],
                [
                    298.6,
                    258.0
                ],
                [
                    297.0,
                    261.0
                ]
            ],
            [
                [
                    294.0,
                    263.4
                ],
                [
                    289.4,
                    262.6
                ],
                [
                    288.0,
                    258.0
                ],
                [
                    286.6,
                    250.6
                ],
                [
                    294.0,
                    252.6
                ],
                [
                    297.2,
                    254.8
                ],
                [
                    298.8,
                    258.0
                ],
                [
                    297.6,
                    261.6
                ]
            ],
            [
                [
                    294.0,
                    263.0
                ],
                [
                    290.0,
                    262.0
                ],
                [
                    287.2,
                    258.0
                ],
                [
                    286.6,
                    250.6
                ],
                [
                    294.0,
                    252.4
                ],
                [
                    297.6,
                    254.4
                ],
                [
                    298.8,
                    258.0
                ],
                [
                    297.8,
                    261.8
                ]
            ],
            [
                [
                    294.0,
                    263.2
                ],
                [
                    290.4,
                    261.6
                ],
                [
                    285.8,
                    258.0
                ],
                [
                    287.4,
                    251.4
                ],
                [
                    294.0,
                    252.2
                ],
                [
                    298.0,
                    254.0
                ],
                [
                    299.0,
                    258.0
                ],
                [
                    297.2,
                    261.2
                ]
            ],
            [
                [
                    294.0,
                    262.6
                ],
                [
                    290.8,
                    261.2
                ],
                [
                    288.0,
                    258.0
                ],
                [
                    288.4,
                    252.4
                ],
                [
                    294.0,
                    253.4
                ],
                [
                    297.4,
                    254.6
                ],
                [
                    298.4,
                    258.0
                ],
                [
                    297.2,
                    261.2
                ]
            ],
            [
                [
                    294.0,
                    263.2
                ],
                [
                    289.4,
                    262.6
                ],
                [
                    281.6,
                    258.0
                ],
                [
                    290.4,
                    254.4
                ],
                [
                    294.0,
                    253.6
                ],
                [
                    300.2,
                    251.8
                ],
                [
                    298.8,
                    258.0
                ],
                [
                    297.4,
                    261.4
                ]
            ],
            [
                [
                    294.0,
                    263.6
                ],
                [
                    288.8,
                    263.2
                ],
                [
                    284.4,
                    258.0
                ],
                [
                    287.8,
                    251.8
                ],
                [
                    294.0,
                    250.2
                ],
                [
                    300.6,
                    251.4
                ],
                [
                    299.0,
                    258.0
                ],
                [
                    297.2,
                    261.2
                ]
            ],
            [
                [
                    294.0,
                    262.2
                ],
                [
                    291.0,
                    261.0
                ],
                [
                    285.4,
                    258.0
                ],
                [
                    289.6,
                    253.6
                ],
                [
                    294.0,
                    250.4
                ],
                [
                    297.2,
                    254.8
                ],
                [
                    298.0,
                    258.0
                ],
                [
                    297.0,
                    261.0
                ]
            ]
        ],
        "stack": 0,
        "shift": [
            [
                0,
                0
            ],
            [
                1,
                0
            ],
            [
                1,
                0
            ],
            [
                2,
                0
            ],
            [
                4,
                0
            ],
            [
                6,
                0
            ],
            [
                7,
                0
            ],
            [
                9,
                0
            ]
        ],
        "channel": 0
    },
    {
        "type": "Spine",
        "location": [
            363,
            235
        ],
        "radloc": [
            0,
            0
        ],
        "mean": [
            94.69620253164557,
            59.111111111111114,
            70.075,
            71.67032967032966,
            68.55339805825243,
            75.58426966292134,
            70.01030927835052,
            103.53271028037383
        ],
        "min": [
            38,
            21,
            28,
            23,
            20,
            21,
            12,
            16
        ],
        "max": [
            188,
            111,
            140,
            143,
            137,
            168,
            145,
            255
        ],
        "RawIntDen": [
            7481,
            5852,
            5606,
            6522,
            7061,
            6727,
            6791,
            11078
        ],
        "IntDen": [
            2566.137829500609,
            2515.5487898380857,
            1947.3154671571915,
            2577.0059409309833,
            3157.887609036041,
            2599.5888604473153,
            2860.2151171380115,
            5146.81278927245
        ],
        "FlagUp": 0,
        "Times": [
            -15,
            -10,
            -5,
            2,
            10,
            20,
            30,
            40
        ],
        "width": 0,
        "height": 0,
        "area": [
            0.34302069636420385,
            0.4298613789880529,
            0.3473627304953963,
            0.39512510593851324,
            0.4472295155128227,
            0.38644103767612836,
            0.421177310725668,
            0.4645976520375925
        ],
        "distance": 10.747495695744794,
        "xpert": [
            [
                [
                    363.0,
                    239.8
                ],
                [
                    359.8,
                    238.2
                ],
                [
                    358.2,
                    235.0
                ],
                [
                    359.2,
                    231.2
                ],
                [
                    363.0,
                    229.2
                ],
                [
                    367.4,
                    230.6
                ],
                [
                    369.0,
                    235.0
                ],
                [
                    366.4,
                    238.4
                ]
            ],
            [
                [
                    363.0,
                    239.4
                ],
                [
                    359.0,
                    239.0
                ],
                [
                    355.6,
                    235.0
                ],
                [
                    356.2,
                    228.2
                ],
                [
                    363.0,
                    230.0
                ],
                [
                    367.2,
                    230.8
                ],
                [
                    368.0,
                    235.0
                ],
                [
                    366.2,
                    238.2
                ]
            ],
            [
                [
                    363.0,
                    239.8
                ],
                [
                    359.0,
                    239.0
                ],
                [
                    356.4,
                    235.0
                ],
                [
                    355.8,
                    227.8
                ],
                [
                    363.0,
                    231.0
                ],
                [
                    366.8,
                    231.2
                ],
                [
                    368.0,
                    235.0
                ],
                [
                    366.2,
                    238.2
                ]
            ],
            [
                [
                    363.0,
                    239.4
                ],
                [
                    359.4,
                    238.6
                ],
                [
                    356.8,
                    235.0
                ],
                [
                    356.4,
                    228.4
                ],
                [
                    363.0,
                    230.0
                ],
                [
                    367.0,
                    231.0
                ],
                [
                    367.8,
                    235.0
                ],
                [
                    366.2,
                    238.2
                ]
            ],
            [
                [
                    363.0,
                    239.8
                ],
                [
                    359.4,
                    238.6
                ],
                [
                    357.4,
                    235.0
                ],
                [
                    355.8,
                    227.8
                ],
                [
                    363.0,
                    228.6
                ],
                [
                    368.0,
                    230.0
                ],
                [
                    367.6,
                    235.0
                ],
                [
                    366.2,
                    238.2
                ]
            ],
            [
                [
                    363.0,
                    240.0
                ],
                [
                    359.6,
                    238.4
                ],
                [
                    356.4,
                    235.0
                ],
                [
                    356.4,
                    228.4
                ],
                [
                    363.0,
                    229.8
                ],
                [
                    366.4,
                    231.6
                ],
                [
                    367.8,
                    235.0
                ],
                [
                    366.0,
                    238.0
                ]
            ],
            [
                [
                    363.0,
                    239.6
                ],
                [
                    359.6,
                    238.4
                ],
                [
                    355.8,
                    235.0
                ],
                [
                    357.2,
                    229.2
                ],
                [
                    363.0,
                    228.0
                ],
                [
                    367.2,
                    230.8
                ],
                [
                    367.2,
                    235.0
                ],
                [
                    366.0,
                    238.0
                ]
            ],
            [
                [
                    363.0,
                    239.2
                ],
                [
                    359.4,
                    238.6
                ],
                [
                    356.8,
                    235.0
                ],
                [
                    357.6,
                    229.6
                ],
                [
                    363.0,
                    227.6
                ],
                [
                    369.2,
                    228.8
                ],
                [
                    367.6,
                    235.0
                ],
                [
                    366.0,
                    238.0
                ]
            ]
        ],
        "stack": 0,
        "shift": [
            [
                0,
                0
            ],
            [
                -1,
                0
            ],
            [
                -1,
                0
            ],
            [
                -2,
                0
            ],
            [
                -2,
                0
            ],
            [
                -1,
                0
            ],
            [
                -1,
                0
            ],
            [
                -1,
                0
            ]
        ],
        "channel": 0
    }
]