[
    {
        "type": "Stim",
        "location": [
            133,
            220
        ],
        "radloc": [
            0,
            0
        ],
        "mean": [
            52.8051948051948,
            52.94155844155844,
            62.40909090909091,
            55.993506493506494,
            58.08441558441559,
            43.13636363636363,
            21.272727272727273,
            12.772727272727273
        ],
        "min": [
            9,
            11,
            16,
            10,
            7,
            8,
            4,
            4
        ],
        "max": [
            163,
            135,
            164,
            138,
            164,
            110,
            111,
            46
        ],
        "RawIntDen": [
            8132,
            8153,
            9611,
            8623,
            8945,
            6643,
            3276,
            1967
        ],
        "IntDen": [
            5437.650919447983,
            5451.693057828259,
            6426.618665373163,
            5765.969488243969,
            5981.28227674154,
            4441.996440960766,
            2190.5735873231174,
            1315.2802949525556
        ],
        "FlagUp": 0,
        "Times": [],
        "width": 0,
        "height": 0,
        "area": [
            0.6686732562036378,
            0.6686732562036378,
            0.6686732562036378,
            0.6686732562036378,
            0.6686732562036378,
            0.6686732562036378,
            0.6686732562036378,
            0.6686732562036378
        ],
        "distance": 0,
        "xpert": [
            [
                133.0,
                228.0
            ],
            [
                127.2,
                225.8
            ],
            [
                126.6,
                220.0
            ],
            [
                127.2,
                214.2
            ],
            [
                133.0,
                212.2
            ],
            [
                137.8,
                215.2
            ],
            [
                138.2,
                220.0
            ],
            [
                139.4,
                226.4
            ]
        ],
        "stack": 0,
        "shift": [
            [
                0.0,
                0.0
            ],
            [
                0.0,
                0.0
            ],
            [
                0.0,
                0.0
            ],
            [
                0.0,
                0.0
            ],
            [
                0.0,
                0.0
            ],
            [
                0.0,
                0.0
            ],
            [
                0.0,
                0.0
            ],
            [
                0.0,
                0.0
            ],
            [
                0.0,
                0.0
            ]
        ],
        "channel": 0
    },
    {
        "type": "Stim",
        "location": [
            176,
            229
        ],
        "radloc": [
            0,
            0
        ],
        "mean": [
            94.6,
            89.54736842105264,
            93.98947368421052,
            96.37894736842105,
            60.85263157894737,
            46.48421052631579,
            29.28421052631579,
            23.263157894736842
        ],
        "min": [
            26,
            17,
            18,
            21,
            8,
            6,
            5,
            8
        ],
        "max": [
            221,
            182,
            192,
            192,
            199,
            136,
            103,
            82
        ],
        "RawIntDen": [
            8987,
            8507,
            8929,
            9156,
            5781,
            4416,
            2782,
            2210
        ],
        "IntDen": [
            3707.076770017525,
            3509.080013635149,
            3683.1521619546547,
            3776.7881279938197,
            2384.6234346802394,
            1821.570158717858,
            1147.5562005328536,
            911.6100658438556
        ],
        "FlagUp": 0,
        "Times": [],
        "width": 0,
        "height": 0,
        "area": [
            0.41249324246328306,
            0.41249324246328306,
            0.41249324246328306,
            0.41249324246328306,
            0.41249324246328306,
            0.41249324246328306,
            0.41249324246328306,
            0.41249324246328306
        ],
        "distance": 0,
        "xpert": [
            [
                176.0,
                234.2
            ],
            [
                170.8,
                234.2
            ],
            [
                171.4,
                229.0
            ],
            [
                172.4,
                225.4
            ],
            [
                176.0,
                224.0
            ],
            [
                180.2,
                224.8
            ],
            [
                181.2,
                229.0
            ],
            [
                181.2,
                234.2
            ]
        ],
        "stack": 0,
        "shift": [
            [
                0.0,
                0.0
            ],
            [
                0.0,
                0.0
            ],
            [
                0.0,
                0.0
            ],
            [
                0.0,
                0.0
            ],
            [
                0.0,
                0.0
            ],
            [
                0.0,
                0.0
            ],
            [
                0.0,
                0.0
            ],
            [
                0.0,
                0.0
            ],
            [
                0.0,
                0.0
            ]
        ],
        "channel": 0
    },
    {
        "type": "Stim",
        "location": [
            209,
            230
        ],
        "radloc": [
            0,
            0
        ],
        "mean": [
            56.51111111111111,
            78.31111111111112,
            88.84444444444445,
            75.03333333333333,
            62.166666666666664,
            50.733333333333334,
            20.733333333333334,
            12.333333333333334
        ],
        "min": [
            13,
            17,
            17,
            17,
            8,
            11,
            6,
            5
        ],
        "max": [
            140,
            158,
            194,
            168,
            153,
            145,
            106,
            31
        ],
        "RawIntDen": [
            5086,
            7048,
            7996,
            6753,
            5595,
            4566,
            1866,
            1110
        ],
        "IntDen": [
            1987.5227032120335,
            2754.239090097997,
            3124.701442171337,
            2638.9580839148375,
            2186.43128676196,
            1784.3155058722268,
            729.2012119924607,
            433.7692097061261
        ],
        "FlagUp": 0,
        "Times": [],
        "width": 0,
        "height": 0,
        "area": [
            0.3907830718073208,
            0.3907830718073208,
            0.3907830718073208,
            0.3907830718073208,
            0.3907830718073208,
            0.3907830718073208,
            0.3907830718073208,
            0.3907830718073208
        ],
        "distance": 0,
        "xpert": [
            [
                209.0,
                234.6
            ],
            [
                204.2,
                234.8
            ],
            [
                201.4,
                230.0
            ],
            [
                204.4,
                225.4
            ],
            [
                209.0,
                225.4
            ],
            [
                212.6,
                226.4
            ],
            [
                213.8,
                230.0
            ],
            [
                212.6,
                233.6
            ]
        ],
        "stack": 0,
        "shift": [
            [
                0.0,
                0.0
            ],
            [
                0.0,
                0.0
            ],
            [
                0.0,
                0.0
            ],
            [
                0.0,
                0.0
            ],
            [
                0.0,
                0.0
            ],
            [
                0.0,
                0.0
            ],
            [
                0.0,
                0.0
            ],
            [
                0.0,
                0.0
            ],
            [
                0.0,
                0.0
            ]
        ],
        "channel": 0
    },
    {
        "type": "Spine",
        "location": [
            171,
            269
        ],
        "radloc": [
            0,
            0
        ],
        "mean": [
            46.2532751091703,
            51.26637554585153,
            48.65502183406114,
            44.56768558951965,
            46.05240174672489,
            62.148471615720524,
            58.737991266375545,
            32.5938864628821
        ],
        "min": [
            6,
            8,
            7,
            7,
            8,
            8,
            7,
            4
        ],
        "max": [
            149,
            189,
            161,
            142,
            143,
            168,
            158,
            169
        ],
        "RawIntDen": [
            10592,
            11740,
            11142,
            10206,
            10546,
            14232,
            13451,
            7464
        ],
        "IntDen": [
            10531.899043528218,
            11673.385080345663,
            11078.778242351906,
            10148.089278535592,
            10486.160055990236,
            14151.245013924998,
            13374.67655159536,
            7421.647890945488
        ],
        "FlagUp": 0,
        "Times": [],
        "width": 0,
        "height": 0,
        "area": [
            0.9943258160430718,
            0.9943258160430718,
            0.9943258160430718,
            0.9943258160430718,
            0.9943258160430718,
            0.9943258160430718,
            0.9943258160430718,
            0.9943258160430718
        ],
        "distance": -0.32945,
        "xpert": [
            [
                171.0,
                276.6
            ],
            [
                165.6,
                274.4
            ],
            [
                162.2,
                269.0
            ],
            [
                160.6,
                258.6
            ],
            [
                171.0,
                257.8
            ],
            [
                176.0,
                264.0
            ],
            [
                178.0,
                269.0
            ],
            [
                176.0,
                274.0
            ]
        ],
        "stack": 0,
        "shift": [
            [
                0.0,
                0.0
            ],
            [
                0.0,
                0.0
            ],
            [
                0.0,
                0.0
            ],
            [
                0.0,
                0.0
            ],
            [
                0.0,
                0.0
            ],
            [
                0.0,
                0.0
            ],
            [
                0.0,
                0.0
            ],
            [
                0.0,
                0.0
            ],
            [
                0.0,
                0.0
            ]
        ],
        "channel": 0
    },
    {
        "type": "Spine",
        "location": [
            13,
            239
        ],
        "radloc": [
            0,
            0
        ],
        "mean": [
            102.36111111111111,
            107.34027777777777,
            117.75,
            116.4375,
            109.34027777777777,
            82.95833333333333,
            71.98611111111111,
            52.104166666666664
        ],
        "min": [
            13,
            29,
            21,
            22,
            15,
            12,
            7,
            8
        ],
        "max": [
            227,
            223,
            218,
            221,
            240,
            231,
            196,
            206
        ],
        "RawIntDen": [
            14740,
            15457,
            16956,
            16767,
            15745,
            11946,
            10366,
            7503
        ],
        "IntDen": [
            9216.227965503855,
            9664.534305481213,
            10601.78842490389,
            10483.615623989357,
            9844.607144970027,
            7469.271321296407,
            6481.3717157675,
            4691.2726204325245
        ],
        "FlagUp": 0,
        "Times": [],
        "width": 0,
        "height": 0,
        "area": [
            0.6252529148917133,
            0.6252529148917133,
            0.6252529148917133,
            0.6252529148917133,
            0.6252529148917133,
            0.6252529148917133,
            0.6252529148917133,
            0.6252529148917133
        ],
        "distance": 8.316187974371447,
        "xpert": [
            [
                13.0,
                246.2
            ],
            [
                6.0,
                246.0
            ],
            [
                7.2,
                239.0
            ],
            [
                9.0,
                235.0
            ],
            [
                13.0,
                233.6
            ],
            [
                17.8,
                234.2
            ],
            [
                20.2,
                239.0
            ],
            [
                19.0,
                245.0
            ]
        ],
        "stack": 0,
        "shift": [
            [
                0.0,
                0.0
            ],
            [
                0.0,
                0.0
            ],
            [
                0.0,
                0.0
            ],
            [
                0.0,
                0.0
            ],
            [
                0.0,
                0.0
            ],
            [
                0.0,
                0.0
            ],
            [
                0.0,
                0.0
            ],
            [
                0.0,
                0.0
            ],
            [
                0.0,
                0.0
            ]
        ],
        "channel": 0
    },
    {
        "type": "Spine",
        "location": [
            197,
            256
        ],
        "radloc": [
            0,
            0
        ],
        "mean": [
            50.04938271604938,
            43.75308641975309,
            56.08641975308642,
            67.27160493827161,
            78.67283950617283,
            77.72839506172839,
            86.49382716049382,
            73.01851851851852
        ],
        "min": [
            7,
            8,
            7,
            12,
            14,
            17,
            17,
            11
        ],
        "max": [
            144,
            130,
            152,
            182,
            170,
            206,
            244,
            253
        ],
        "RawIntDen": [
            8108,
            7088,
            9086,
            10898,
            12745,
            12592,
            14012,
            11829
        ],
        "IntDen": [
            5703.244463184763,
            4985.766743346522,
            6391.17898279437,
            7665.757049801128,
            8964.954450331747,
            8857.33279235601,
            9856.174323895522,
            8320.631321535837
        ],
        "FlagUp": 0,
        "Times": [],
        "width": 0,
        "height": 0,
        "area": [
            0.7034095292531775,
            0.7034095292531775,
            0.7034095292531775,
            0.7034095292531775,
            0.7034095292531775,
            0.7034095292531775,
            0.7034095292531775,
            0.7034095292531775
        ],
        "distance": -0.79068,
        "xpert": [
            [
                197.0,
                261.6
            ],
            [
                193.2,
                259.8
            ],
            [
                190.2,
                256.0
            ],
            [
                190.0,
                249.0
            ],
            [
                197.0,
                246.2
            ],
            [
                204.8,
                248.2
            ],
            [
                202.8,
                256.0
            ],
            [
                200.4,
                259.4
            ]
        ],
        "stack": 0,
        "shift": [
            [
                0.0,
                0.0
            ],
            [
                0.0,
                0.0
            ],
            [
                0.0,
                0.0
            ],
            [
                0.0,
                0.0
            ],
            [
                0.0,
                0.0
            ],
            [
                0.0,
                0.0
            ],
            [
                0.0,
                0.0
            ],
            [
                0.0,
                0.0
            ],
            [
                0.0,
                0.0
            ]
        ],
        "channel": 0
    },
    {
        "type": "Spine",
        "location": [
            228,
            261
        ],
        "radloc": [
            0,
            0
        ],
        "mean": [
            80.06756756756756,
            80.66216216216216,
            61.61486486486486,
            77.75675675675676,
            81.35135135135135,
            62.6554054054054,
            55.5472972972973,
            55.067567567567565
        ],
        "min": [
            8,
            14,
            8,
            23,
            15,
            14,
            12,
            10
        ],
        "max": [
            240,
            177,
            159,
            169,
            240,
            174,
            142,
            135
        ],
        "RawIntDen": [
            11850,
            11938,
            9119,
            11508,
            12040,
            9273,
            8221,
            8150
        ],
        "IntDen": [
            7615.059459285325,
            7671.610111809975,
            5860.06136786691,
            7395.283059700888,
            7737.157459054457,
            5959.025009785048,
            5282.9876636949075,
            5237.361569044338
        ],
        "FlagUp": 0,
        "Times": [],
        "width": 0,
        "height": 0,
        "area": [
            0.6426210514164831,
            0.6426210514164831,
            0.6426210514164831,
            0.6426210514164831,
            0.6426210514164831,
            0.6426210514164831,
            0.6426210514164831,
            0.6426210514164831
        ],
        "distance": 1.6519326581238165,
        "xpert": [
            [
                228.0,
                268.0
            ],
            [
                221.4,
                267.6
            ],
            [
                223.0,
                261.0
            ],
            [
                224.6,
                257.6
            ],
            [
                228.0,
                253.6
            ],
            [
                234.4,
                254.6
            ],
            [
                237.0,
                261.0
            ],
            [
                232.6,
                265.6
            ]
        ],
        "stack": 0,
        "shift": [
            [
                0.0,
                0.0
            ],
            [
                0.0,
                0.0
            ],
            [
                0.0,
                0.0
            ],
            [
                0.0,
                0.0
            ],
            [
                0.0,
                0.0
            ],
            [
                0.0,
                0.0
            ],
            [
                0.0,
                0.0
            ],
            [
                0.0,
                0.0
            ],
            [
                0.0,
                0.0
            ]
        ],
        "channel": 0
    },
    {
        "type": "Spine",
        "location": [
            294,
            258
        ],
        "radloc": [
            0,
            0
        ],
        "mean": [
            55.081761006289305,
            55.15723270440252,
            50.23899371069182,
            50.0188679245283,
            41.55974842767296,
            41.528301886792455,
            82.66666666666667,
            43.15723270440252
        ],
        "min": [
            8,
            9,
            10,
            11,
            8,
            11,
            25,
            7
        ],
        "max": [
            143,
            152,
            147,
            148,
            106,
            162,
            189,
            221
        ],
        "RawIntDen": [
            8758,
            8770,
            7988,
            7953,
            6608,
            6603,
            13144,
            6862
        ],
        "IntDen": [
            6046.378052436377,
            6054.662653558693,
            5514.782813754486,
            5490.6193938144,
            4562.053684688238,
            4558.60176755394,
            9074.399762642584,
            4737.411075110575
        ],
        "FlagUp": 0,
        "Times": [],
        "width": 0,
        "height": 0,
        "area": [
            0.6903834268596001,
            0.6903834268596001,
            0.6903834268596001,
            0.6903834268596001,
            0.6903834268596001,
            0.6903834268596001,
            0.6903834268596001,
            0.6903834268596001
        ],
        "distance": 5.737112658123816,
        "xpert": [
            [
                294.0,
                264.0
            ],
            [
                288.4,
                263.6
            ],
            [
                285.0,
                258.0
            ],
            [
                287.0,
                251.0
            ],
            [
                294.0,
                250.0
            ],
            [
                300.6,
                251.4
            ],
            [
                299.0,
                258.0
            ],
            [
                297.4,
                261.4
            ]
        ],
        "stack": 0,
        "shift": [
            [
                0.0,
                0.0
            ],
            [
                0.0,
                0.0
            ],
            [
                0.0,
                0.0
            ],
            [
                0.0,
                0.0
            ],
            [
                0.0,
                0.0
            ],
            [
                0.0,
                0.0
            ],
            [
                0.0,
                0.0
            ],
            [
                0.0,
                0.0
            ],
            [
                0.0,
                0.0
            ]
        ],
        "channel": 0
    },
    {
        "type": "Spine",
        "location": [
            363,
            235
        ],
        "radloc": [
            0,
            0
        ],
        "mean": [
            81.2394366197183,
            55.21830985915493,
            60.54225352112676,
            62.50704225352113,
            58.96478873239437,
            66.70422535211267,
            62.53521126760563,
            100.0774647887324
        ],
        "min": [
            18,
            18,
            13,
            16,
            8,
            13,
            11,
            15
        ],
        "max": [
            199,
            183,
            140,
            143,
            148,
            206,
            179,
            255
        ],
        "RawIntDen": [
            11536,
            7841,
            8597,
            8876,
            8373,
            9472,
            8880,
            14211
        ],
        "IntDen": [
            7112.738214715932,
            4834.516326420564,
            5300.642374472336,
            5472.665082681919,
            5162.5309528273665,
            5840.140115272999,
            5475.131358068436,
            8762.059879449385
        ],
        "FlagUp": 0,
        "Times": [],
        "width": 0,
        "height": 0,
        "area": [
            0.6165688466293284,
            0.6165688466293284,
            0.6165688466293284,
            0.6165688466293284,
            0.6165688466293284,
            0.6165688466293284,
            0.6165688466293284,
            0.6165688466293284
        ],
        "distance": 10.747495695744794,
        "xpert": [
            [
                363.0,
                239.8
            ],
            [
                358.6,
                239.4
            ],
            [
                357.0,
                235.0
            ],
            [
                355.0,
                227.0
            ],
            [
                363.0,
                226.2
            ],
            [
                368.2,
                229.8
            ],
            [
                368.6,
                235.0
            ],
            [
                366.8,
                238.8
            ]
        ],
        "stack": 0,
        "shift": [
            [
                0.0,
                0.0
            ],
            [
                0.0,
                0.0
            ],
            [
                0.0,
                0.0
            ],
            [
                0.0,
                0.0
            ],
            [
                0.0,
                0.0
            ],
            [
                0.0,
                0.0
            ],
            [
                0.0,
                0.0
            ],
            [
                0.0,
                0.0
            ],
            [
                0.0,
                0.0
            ]
        ],
        "channel": 0
    }
]