[
    {
        "type": "Stim",
        "location": [
            96,
            135
        ],
        "radloc": [
            0,
            0
        ],
        "mean": [
            39.68589743589744,
            38.26282051282051,
            34.28846153846154,
            27.46794871794872,
            35.64102564102564,
            27.474358974358974,
            29.83974358974359,
            39.71153846153846
        ],
        "min": [
            5,
            6,
            8,
            7,
            7,
            4,
            5,
            6
        ],
        "max": [
            121,
            100,
            87,
            79,
            106,
            84,
            90,
            99
        ],
        "RawIntDen": [
            6191,
            5969,
            5349,
            4285,
            5560,
            4286,
            4655,
            6195
        ],
        "IntDen": [
            4193.51919576914,
            4043.1458697376834,
            3623.1843285687496,
            2902.4761353369026,
            3766.1067240310804,
            2903.153492661369,
            3153.098345389331,
            4196.228625067004
        ],
        "FlagUp": 0,
        "Times": [],
        "width": 0,
        "height": 0,
        "area": [
            0.6773573244660217,
            0.6773573244660217,
            0.6773573244660217,
            0.6773573244660217,
            0.6773573244660217,
            0.6773573244660217,
            0.6773573244660217,
            0.6773573244660217
        ],
        "distance": 0,
        "xpert": [
            [
                96.0,
                142.2
            ],
            [
                88.6,
                142.4
            ],
            [
                89.0,
                135.0
            ],
            [
                90.6,
                129.6
            ],
            [
                96.0,
                128.8
            ],
            [
                99.8,
                131.2
            ],
            [
                103.0,
                135.0
            ],
            [
                101.8,
                140.8
            ]
        ],
        "stack": 0,
        "shift": [
            [
                0.0,
                0.0
            ],
            [
                0.0,
                0.0
            ],
            [
                0.0,
                0.0
            ],
            [
                0.0,
                0.0
            ],
            [
                0.0,
                0.0
            ],
            [
                0.0,
                0.0
            ],
            [
                0.0,
                0.0
            ],
            [
                0.0,
                0.0
            ],
            [
                0.0,
                0.0
            ]
        ],
        "channel": 0
    },
    {
        "type": "Spine",
        "location": [
            60,
            128
        ],
        "radloc": [
            0,
            0
        ],
        "mean": [
            35.94155844155844,
            39.18181818181818,
            32.55844155844156,
            30.850649350649352,
            31.09090909090909,
            27.863636363636363,
            32.1948051948052,
            40.72077922077922
        ],
        "min": [
            9,
            13,
            6,
            8,
            4,
            4,
            4,
            6
        ],
        "max": [
            89,
            87,
            77,
            70,
            88,
            93,
            82,
            127
        ],
        "RawIntDen": [
            5535,
            6034,
            5014,
            4751,
            4788,
            4291,
            4958,
            6271
        ],
        "IntDen": [
            3701.1064730871294,
            4034.7744279327444,
            3352.7277066050347,
            3176.866640223478,
            3201.6075507030127,
            2869.2769423698055,
            3315.282004257631,
            4193.249989653006
        ],
        "FlagUp": 0,
        "Times": [],
        "width": 0,
        "height": 0,
        "area": [
            0.6686732562036367,
            0.6686732562036367,
            0.6686732562036367,
            0.6686732562036367,
            0.6686732562036367,
            0.6686732562036367,
            0.6686732562036367,
            0.6686732562036367
        ],
        "distance": 3.253962911121923,
        "xpert": [
            [
                60.0,
                135.8
            ],
            [
                55.4,
                132.6
            ],
            [
                51.4,
                128.0
            ],
            [
                54.4,
                122.4
            ],
            [
                60.0,
                121.6
            ],
            [
                65.6,
                122.4
            ],
            [
                67.4,
                128.0
            ],
            [
                64.8,
                132.8
            ]
        ],
        "stack": 0,
        "shift": [
            [
                0.0,
                0.0
            ],
            [
                0.0,
                0.0
            ],
            [
                0.0,
                0.0
            ],
            [
                0.0,
                0.0
            ],
            [
                0.0,
                0.0
            ],
            [
                0.0,
                0.0
            ],
            [
                0.0,
                0.0
            ],
            [
                0.0,
                0.0
            ],
            [
                0.0,
                0.0
            ]
        ],
        "channel": 0
    },
    {
        "type": "Spine",
        "location": [
            34,
            148
        ],
        "radloc": [
            0,
            0
        ],
        "mean": [
            25.916030534351144,
            21.671755725190838,
            24.83969465648855,
            19.85496183206107,
            19.015267175572518,
            22.587786259541986,
            16.85496183206107,
            17.47328244274809
        ],
        "min": [
            8,
            6,
            7,
            4,
            4,
            6,
            4,
            3
        ],
        "max": [
            76,
            60,
            58,
            46,
            57,
            67,
            51,
            69
        ],
        "RawIntDen": [
            3395,
            2839,
            3254,
            2601,
            2491,
            2959,
            2208,
            2289
        ],
        "IntDen": [
            1931.0979696771847,
            1614.8415716976515,
            1850.896257239929,
            1479.4656315553334,
            1416.8969197248502,
            1683.0983482399968,
            1255.9246883791527,
            1301.9980125452357
        ],
        "FlagUp": 0,
        "Times": [],
        "width": 0,
        "height": 0,
        "area": [
            0.5688064711862105,
            0.5688064711862105,
            0.5688064711862105,
            0.5688064711862105,
            0.5688064711862105,
            0.5688064711862105,
            0.5688064711862105,
            0.5688064711862105
        ],
        "distance": 3.5335105059962126,
        "xpert": [
            [
                34.0,
                155.8
            ],
            [
                28.4,
                153.6
            ],
            [
                28.8,
                148.0
            ],
            [
                30.6,
                144.6
            ],
            [
                34.0,
                142.0
            ],
            [
                42.0,
                140.0
            ],
            [
                39.6,
                148.0
            ],
            [
                38.2,
                152.2
            ]
        ],
        "stack": 0,
        "shift": [
            [
                0.0,
                0.0
            ],
            [
                0.0,
                0.0
            ],
            [
                0.0,
                0.0
            ],
            [
                0.0,
                0.0
            ],
            [
                0.0,
                0.0
            ],
            [
                0.0,
                0.0
            ],
            [
                0.0,
                0.0
            ],
            [
                0.0,
                0.0
            ],
            [
                0.0,
                0.0
            ]
        ],
        "channel": 0
    },
    {
        "type": "Spine",
        "location": [
            72,
            175
        ],
        "radloc": [
            0,
            0
        ],
        "mean": [
            31.248322147651006,
            27.469798657718123,
            25.06040268456376,
            25.013422818791945,
            27.463087248322147,
            23.87248322147651,
            27.610738255033556,
            43.58389261744966
        ],
        "min": [
            6,
            4,
            5,
            5,
            4,
            5,
            6,
            7
        ],
        "max": [
            98,
            89,
            75,
            84,
            76,
            79,
            81,
            120
        ],
        "RawIntDen": [
            4656,
            4093,
            3734,
            3727,
            4092,
            3557,
            4114,
            6494
        ],
        "IntDen": [
            3012.2601263099727,
            2648.019909146632,
            2415.7601614350165,
            2411.231419836183,
            2647.3729460610843,
            2301.2476952930783,
            2661.606133943133,
            4201.378277546598
        ],
        "FlagUp": 0,
        "Times": [],
        "width": 0,
        "height": 0,
        "area": [
            0.6469630855476746,
            0.6469630855476746,
            0.6469630855476746,
            0.6469630855476746,
            0.6469630855476746,
            0.6469630855476746,
            0.6469630855476746,
            0.6469630855476746
        ],
        "distance": 1.58136,
        "xpert": [
            [
                72.0,
                180.8
            ],
            [
                66.4,
                180.6
            ],
            [
                63.8,
                175.0
            ],
            [
                65.8,
                168.8
            ],
            [
                72.0,
                168.6
            ],
            [
                77.4,
                169.6
            ],
            [
                78.8,
                175.0
            ],
            [
                76.6,
                179.6
            ]
        ],
        "stack": 0,
        "shift": [
            [
                0.0,
                0.0
            ],
            [
                0.0,
                0.0
            ],
            [
                0.0,
                0.0
            ],
            [
                0.0,
                0.0
            ],
            [
                0.0,
                0.0
            ],
            [
                0.0,
                0.0
            ],
            [
                0.0,
                0.0
            ],
            [
                0.0,
                0.0
            ],
            [
                0.0,
                0.0
            ]
        ],
        "channel": 0
    },
    {
        "type": "Spine",
        "location": [
            52,
            162
        ],
        "radloc": [
            0,
            0
        ],
        "mean": [
            24.893048128342247,
            20.0,
            10.304812834224599,
            12.914438502673796,
            9.016042780748663,
            16.86631016042781,
            19.823529411764707,
            12.080213903743315
        ],
        "min": [
            5,
            6,
            5,
            4,
            4,
            5,
            4,
            2
        ],
        "max": [
            60,
            43,
            23,
            42,
            18,
            51,
            45,
            41
        ],
        "RawIntDen": [
            4655,
            3740,
            1927,
            2415,
            1686,
            3154,
            3707,
            2259
        ],
        "IntDen": [
            3779.675580691057,
            3036.731830673373,
            1564.647657141067,
            1960.8843238171648,
            1368.965204950617,
            2560.9230465090427,
            3009.9371380497846,
            1834.2185041420187
        ],
        "FlagUp": 0,
        "Times": [],
        "width": 0,
        "height": 0,
        "area": [
            0.8119603825329875,
            0.8119603825329875,
            0.8119603825329875,
            0.8119603825329875,
            0.8119603825329875,
            0.8119603825329875,
            0.8119603825329875,
            0.8119603825329875
        ],
        "distance": 2.6755689871857244,
        "xpert": [
            [
                52.0,
                168.0
            ],
            [
                47.4,
                166.6
            ],
            [
                41.4,
                162.0
            ],
            [
                46.6,
                156.6
            ],
            [
                52.0,
                154.6
            ],
            [
                58.6,
                155.4
            ],
            [
                62.2,
                162.0
            ],
            [
                57.2,
                167.2
            ]
        ],
        "stack": 0,
        "shift": [
            [
                0.0,
                0.0
            ],
            [
                0.0,
                0.0
            ],
            [
                0.0,
                0.0
            ],
            [
                0.0,
                0.0
            ],
            [
                0.0,
                0.0
            ],
            [
                0.0,
                0.0
            ],
            [
                0.0,
                0.0
            ],
            [
                0.0,
                0.0
            ],
            [
                0.0,
                0.0
            ]
        ],
        "channel": 0
    },
    {
        "type": "Spine",
        "location": [
            92,
            165
        ],
        "radloc": [
            0,
            0
        ],
        "mean": [
            46.00952380952381,
            52.97142857142857,
            55.59047619047619,
            39.923809523809524,
            39.0,
            34.03809523809524,
            39.733333333333334,
            42.36190476190476
        ],
        "min": [
            13,
            14,
            16,
            11,
            15,
            9,
            15,
            9
        ],
        "max": [
            92,
            108,
            118,
            81,
            77,
            89,
            88,
            86
        ],
        "RawIntDen": [
            4831,
            5562,
            5837,
            4192,
            4095,
            3574,
            4172,
            4448
        ],
        "IntDen": [
            2202.5185232180243,
            2535.791352957701,
            2661.1675884958827,
            1911.1897431856673,
            1866.9661255594722,
            1629.4351484125893,
            1902.071471510163,
            2027.9036206321202
        ],
        "FlagUp": 0,
        "Times": [],
        "width": 0,
        "height": 0,
        "area": [
            0.45591358377520685,
            0.45591358377520685,
            0.45591358377520685,
            0.45591358377520685,
            0.45591358377520685,
            0.45591358377520685,
            0.45591358377520685,
            0.45591358377520685
        ],
        "distance": 0.5817050632495265,
        "xpert": [
            [
                92.0,
                170.8
            ],
            [
                88.6,
                168.4
            ],
            [
                86.4,
                165.0
            ],
            [
                86.6,
                159.6
            ],
            [
                92.0,
                157.2
            ],
            [
                95.8,
                161.2
            ],
            [
                97.2,
                165.0
            ],
            [
                96.6,
                169.6
            ]
        ],
        "stack": 0,
        "shift": [
            [
                0.0,
                0.0
            ],
            [
                0.0,
                0.0
            ],
            [
                0.0,
                0.0
            ],
            [
                0.0,
                0.0
            ],
            [
                0.0,
                0.0
            ],
            [
                0.0,
                0.0
            ],
            [
                0.0,
                0.0
            ],
            [
                0.0,
                0.0
            ],
            [
                0.0,
                0.0
            ]
        ],
        "channel": 0
    },
    {
        "type": "Spine",
        "location": [
            105,
            177
        ],
        "radloc": [
            0,
            0
        ],
        "mean": [
            28.05185185185185,
            24.340740740740742,
            15.207407407407407,
            14.333333333333334,
            13.0,
            16.303703703703704,
            16.985185185185184,
            15.948148148148148
        ],
        "min": [
            5,
            8,
            5,
            5,
            6,
            4,
            5,
            5
        ],
        "max": [
            70,
            55,
            40,
            37,
            32,
            47,
            70,
            35
        ],
        "RawIntDen": [
            3787,
            3286,
            2053,
            1935,
            1755,
            2201,
            2293,
            2153
        ],
        "IntDen": [
            2219.843239401482,
            1926.1697609382811,
            1203.4164696306425,
            1134.2478659207468,
            1028.7364365327703,
            1290.1703115718676,
            1344.0983754812778,
            1262.0339304017405
        ],
        "FlagUp": 0,
        "Times": [],
        "width": 0,
        "height": 0,
        "area": [
            0.5861746077109803,
            0.5861746077109803,
            0.5861746077109803,
            0.5861746077109803,
            0.5861746077109803,
            0.5861746077109803,
            0.5861746077109803,
            0.5861746077109803
        ],
        "distance": 1.2957862915160716,
        "xpert": [
            [
                105.0,
                182.4
            ],
            [
                100.8,
                181.2
            ],
            [
                99.0,
                177.0
            ],
            [
                98.6,
                170.6
            ],
            [
                105.0,
                169.0
            ],
            [
                110.6,
                171.4
            ],
            [
                111.8,
                177.0
            ],
            [
                108.8,
                180.8
            ]
        ],
        "stack": 0,
        "shift": [
            [
                0.0,
                0.0
            ],
            [
                0.0,
                0.0
            ],
            [
                0.0,
                0.0
            ],
            [
                0.0,
                0.0
            ],
            [
                0.0,
                0.0
            ],
            [
                0.0,
                0.0
            ],
            [
                0.0,
                0.0
            ],
            [
                0.0,
                0.0
            ],
            [
                0.0,
                0.0
            ]
        ],
        "channel": 0
    },
    {
        "type": "Spine",
        "location": [
            120,
            167
        ],
        "radloc": [
            0,
            0
        ],
        "mean": [
            48.598765432098766,
            42.2037037037037,
            42.70987654320987,
            36.47530864197531,
            48.623456790123456,
            36.72222222222222,
            41.358024691358025,
            39.74074074074074
        ],
        "min": [
            16,
            13,
            13,
            9,
            19,
            11,
            16,
            11
        ],
        "max": [
            135,
            103,
            94,
            77,
            113,
            92,
            111,
            87
        ],
        "RawIntDen": [
            7873,
            6837,
            6919,
            5909,
            7877,
            5949,
            6700,
            6438
        ],
        "IntDen": [
            5537.943223810257,
            4809.2109515039665,
            4866.890532902727,
            4156.446908357019,
            5540.75686192727,
            4184.583289527146,
            4712.843845996282,
            4528.550549331949
        ],
        "FlagUp": 0,
        "Times": [],
        "width": 0,
        "height": 0,
        "area": [
            0.7034095292531763,
            0.7034095292531763,
            0.7034095292531763,
            0.7034095292531763,
            0.7034095292531763,
            0.7034095292531763,
            0.7034095292531763,
            0.7034095292531763
        ],
        "distance": 2.625666582060014,
        "xpert": [
            [
                120.0,
                172.8
            ],
            [
                115.0,
                172.0
            ],
            [
                110.4,
                167.0
            ],
            [
                112.8,
                159.8
            ],
            [
                120.0,
                159.8
            ],
            [
                124.4,
                162.6
            ],
            [
                127.8,
                167.0
            ],
            [
                124.2,
                171.2
            ]
        ],
        "stack": 0,
        "shift": [
            [
                0.0,
                0.0
            ],
            [
                0.0,
                0.0
            ],
            [
                0.0,
                0.0
            ],
            [
                0.0,
                0.0
            ],
            [
                0.0,
                0.0
            ],
            [
                0.0,
                0.0
            ],
            [
                0.0,
                0.0
            ],
            [
                0.0,
                0.0
            ],
            [
                0.0,
                0.0
            ]
        ],
        "channel": 0
    },
    {
        "type": "Spine",
        "location": [
            112,
            144
        ],
        "radloc": [
            0,
            0
        ],
        "mean": [
            20.46511627906977,
            33.127906976744185,
            25.96511627906977,
            32.47674418604651,
            36.73255813953488,
            25.3953488372093,
            28.03488372093023,
            40.27906976744186
        ],
        "min": [
            6,
            11,
            8,
            11,
            8,
            6,
            10,
            14
        ],
        "max": [
            48,
            73,
            68,
            80,
            95,
            62,
            57,
            69
        ],
        "RawIntDen": [
            1760,
            2849,
            2233,
            2793,
            3159,
            2184,
            2411,
            3464
        ],
        "IntDen": [
            657.2102860972886,
            1063.8591506199862,
            833.8355504859351,
            1042.9479142441633,
            1179.6177805575767,
            815.53821865709,
            900.303408966229,
            1293.5093358187546
        ],
        "FlagUp": 0,
        "Times": [],
        "width": 0,
        "height": 0,
        "area": [
            0.3734149352825504,
            0.3734149352825504,
            0.3734149352825504,
            0.3734149352825504,
            0.3734149352825504,
            0.3734149352825504,
            0.3734149352825504,
            0.3734149352825504
        ],
        "distance": 1.3996775948742899,
        "xpert": [
            [
                112.0,
                148.8
            ],
            [
                107.2,
                148.8
            ],
            [
                106.2,
                144.0
            ],
            [
                108.6,
                140.6
            ],
            [
                112.0,
                139.0
            ],
            [
                116.4,
                139.6
            ],
            [
                117.8,
                144.0
            ],
            [
                116.0,
                148.0
            ]
        ],
        "stack": 0,
        "shift": [
            [
                0.0,
                0.0
            ],
            [
                0.0,
                0.0
            ],
            [
                0.0,
                0.0
            ],
            [
                0.0,
                0.0
            ],
            [
                0.0,
                0.0
            ],
            [
                0.0,
                0.0
            ],
            [
                0.0,
                0.0
            ],
            [
                0.0,
                0.0
            ],
            [
                0.0,
                0.0
            ]
        ],
        "channel": 0
    },
    {
        "type": "Spine",
        "location": [
            140,
            151
        ],
        "radloc": [
            0,
            0
        ],
        "mean": [
            29.448818897637796,
            29.25984251968504,
            28.22047244094488,
            31.283464566929133,
            34.44881889763779,
            34.74015748031496,
            32.503937007874015,
            38.77952755905512
        ],
        "min": [
            5,
            5,
            6,
            8,
            6,
            7,
            8,
            11
        ],
        "max": [
            66,
            64,
            65,
            69,
            86,
            89,
            83,
            88
        ],
        "RawIntDen": [
            3740,
            3716,
            3584,
            3973,
            4375,
            4412,
            4128,
            4925
        ],
        "IntDen": [
            2062.379371633788,
            2049.1448516019136,
            1976.3549914266034,
            2190.8645036099037,
            2412.542714143803,
            2432.9459325262765,
            2276.337445482427,
            2715.8337982075955
        ],
        "FlagUp": 0,
        "Times": [],
        "width": 0,
        "height": 0,
        "area": [
            0.5514383346614407,
            0.5514383346614407,
            0.5514383346614407,
            0.5514383346614407,
            0.5514383346614407,
            0.5514383346614407,
            0.5514383346614407,
            0.5514383346614407
        ],
        "distance": 3.4356453162476326,
        "xpert": [
            [
                140.0,
                155.8
            ],
            [
                135.2,
                155.8
            ],
            [
                133.4,
                151.0
            ],
            [
                133.8,
                144.8
            ],
            [
                140.0,
                144.6
            ],
            [
                145.0,
                146.0
            ],
            [
                147.0,
                151.0
            ],
            [
                144.4,
                155.4
            ]
        ],
        "stack": 0,
        "shift": [
            [
                0.0,
                0.0
            ],
            [
                0.0,
                0.0
            ],
            [
                0.0,
                0.0
            ],
            [
                0.0,
                0.0
            ],
            [
                0.0,
                0.0
            ],
            [
                0.0,
                0.0
            ],
            [
                0.0,
                0.0
            ],
            [
                0.0,
                0.0
            ],
            [
                0.0,
                0.0
            ]
        ],
        "channel": 0
    },
    {
        "type": "Spine",
        "location": [
            14,
            124
        ],
        "radloc": [
            0,
            0
        ],
        "mean": [
            24.4025974025974,
            25.16883116883117,
            23.01298701298701,
            25.31168831168831,
            19.772727272727273,
            20.01948051948052,
            25.538961038961038,
            13.025974025974026
        ],
        "min": [
            6,
            8,
            6,
            7,
            6,
            6,
            6,
            3
        ],
        "max": [
            54,
            56,
            65,
            69,
            47,
            48,
            64,
            40
        ],
        "RawIntDen": [
            3758,
            3876,
            3544,
            3898,
            3045,
            3083,
            3933,
            2006
        ],
        "IntDen": [
            2512.874096813267,
            2591.777541045296,
            2369.778019985689,
            2606.488352681776,
            2036.1100651400739,
            2061.519648875812,
            2629.8919166489036,
            1341.3585519444953
        ],
        "FlagUp": 0,
        "Times": [],
        "width": 0,
        "height": 0,
        "area": [
            0.6686732562036367,
            0.6686732562036367,
            0.6686732562036367,
            0.6686732562036367,
            0.6686732562036367,
            0.6686732562036367,
            0.6686732562036367,
            0.6686732562036367
        ],
        "distance": 6.019638042298967,
        "xpert": [
            [
                14.0,
                130.0
            ],
            [
                9.4,
                128.6
            ],
            [
                1.0,
                124.0
            ],
            [
                9.8,
                119.8
            ],
            [
                14.0,
                116.4
            ],
            [
                19.2,
                118.8
            ],
            [
                24.4,
                124.0
            ],
            [
                18.2,
                128.2
            ]
        ],
        "stack": 0,
        "shift": [
            [
                0.0,
                0.0
            ],
            [
                0.0,
                0.0
            ],
            [
                0.0,
                0.0
            ],
            [
                0.0,
                0.0
            ],
            [
                0.0,
                0.0
            ],
            [
                0.0,
                0.0
            ],
            [
                0.0,
                0.0
            ],
            [
                0.0,
                0.0
            ],
            [
                0.0,
                0.0
            ]
        ],
        "channel": 0
    },
    {
        "type": "Spine",
        "location": [
            10,
            100
        ],
        "radloc": [
            0,
            0
        ],
        "mean": [
            43.895161290322584,
            39.685483870967744,
            37.83064516129032,
            35.233870967741936,
            33.733870967741936,
            38.79032258064516,
            41.983870967741936,
            52.58870967741935
        ],
        "min": [
            5,
            6,
            5,
            5,
            6,
            9,
            5,
            18
        ],
        "max": [
            120,
            113,
            104,
            143,
            91,
            97,
            98,
            95
        ],
        "RawIntDen": [
            5443,
            4921,
            4691,
            4369,
            4183,
            4810,
            5206,
            6521
        ],
        "IntDen": [
            2930.5777802339803,
            2649.5265949901554,
            2525.691781568547,
            2352.323042778295,
            2252.1783675764723,
            2589.7628372084228,
            2802.9740811864967,
            3510.986166618737
        ],
        "FlagUp": 0,
        "Times": [],
        "width": 0,
        "height": 0,
        "area": [
            0.5384122322678634,
            0.5384122322678634,
            0.5384122322678634,
            0.5384122322678634,
            0.5384122322678634,
            0.5384122322678634,
            0.5384122322678634,
            0.5384122322678634
        ],
        "distance": 6.999191391489577,
        "xpert": [
            [
                10.0,
                108.0
            ],
            [
                2.0,
                108.0
            ],
            [
                3.2,
                100.0
            ],
            [
                6.4,
                96.4
            ],
            [
                10.0,
                95.0
            ],
            [
                13.4,
                96.6
            ],
            [
                14.6,
                100.0
            ],
            [
                15.2,
                105.2
            ]
        ],
        "stack": 0,
        "shift": [
            [
                0.0,
                0.0
            ],
            [
                0.0,
                0.0
            ],
            [
                0.0,
                0.0
            ],
            [
                0.0,
                0.0
            ],
            [
                0.0,
                0.0
            ],
            [
                0.0,
                0.0
            ],
            [
                0.0,
                0.0
            ],
            [
                0.0,
                0.0
            ],
            [
                0.0,
                0.0
            ]
        ],
        "channel": 0
    },
    {
        "type": "Spine",
        "location": [
            203,
            140
        ],
        "radloc": [
            0,
            0
        ],
        "mean": [
            78.24683544303798,
            74.99367088607595,
            67.29113924050633,
            63.620253164556964,
            53.664556962025316,
            67.70253164556962,
            66.45569620253164,
            70.28481012658227
        ],
        "min": [
            20,
            16,
            10,
            9,
            7,
            12,
            20,
            17
        ],
        "max": [
            169,
            181,
            175,
            154,
            128,
            147,
            144,
            145
        ],
        "RawIntDen": [
            12363,
            11849,
            10632,
            10052,
            8479,
            10697,
            10500,
            11105
        ],
        "IntDen": [
            8481.52973830129,
            8128.904462438889,
            7293.992087488418,
            6896.088079705943,
            5816.944968944159,
            7338.584778015765,
            7203.434623648269,
            7618.489666248955
        ],
        "FlagUp": 0,
        "Times": [],
        "width": 0,
        "height": 0,
        "area": [
            0.6860413927284066,
            0.6860413927284066,
            0.6860413927284066,
            0.6860413927284066,
            0.6860413927284066,
            0.6860413927284066,
            0.6860413927284066,
            0.6860413927284066
        ],
        "distance": 7.832348100870498,
        "xpert": [
            [
                203.0,
                148.6
            ],
            [
                197.6,
                145.4
            ],
            [
                196.6,
                140.0
            ],
            [
                196.8,
                133.8
            ],
            [
                203.0,
                133.4
            ],
            [
                208.6,
                134.4
            ],
            [
                209.6,
                140.0
            ],
            [
                208.0,
                145.0
            ]
        ],
        "stack": 0,
        "shift": [
            [
                0.0,
                0.0
            ],
            [
                0.0,
                0.0
            ],
            [
                0.0,
                0.0
            ],
            [
                0.0,
                0.0
            ],
            [
                0.0,
                0.0
            ],
            [
                0.0,
                0.0
            ],
            [
                0.0,
                0.0
            ],
            [
                0.0,
                0.0
            ],
            [
                0.0,
                0.0
            ]
        ],
        "channel": 0
    },
    {
        "type": "Spine",
        "location": [
            211,
            187
        ],
        "radloc": [
            0,
            0
        ],
        "mean": [
            25.8,
            28.36521739130435,
            23.139130434782608,
            27.182608695652174,
            28.965217391304346,
            27.06086956521739,
            24.330434782608695,
            27.26086956521739
        ],
        "min": [
            7,
            11,
            9,
            10,
            8,
            10,
            11,
            11
        ],
        "max": [
            68,
            66,
            56,
            65,
            68,
            60,
            46,
            69
        ],
        "RawIntDen": [
            2967,
            3262,
            2661,
            3126,
            3331,
            3112,
            2798,
            3135
        ],
        "IntDen": [
            1481.5237557335188,
            1628.8272636342224,
            1328.7275746568564,
            1560.9178498223725,
            1663.2813044652346,
            1553.9271748711528,
            1397.1363223937935,
            1565.4118551481567
        ],
        "FlagUp": 0,
        "Times": [],
        "width": 0,
        "height": 0,
        "area": [
            0.49933392508713137,
            0.49933392508713137,
            0.49933392508713137,
            0.49933392508713137,
            0.49933392508713137,
            0.49933392508713137,
            0.49933392508713137,
            0.49933392508713137
        ],
        "distance": 8.495930758994314,
        "xpert": [
            [
                211.0,
                193.2
            ],
            [
                207.4,
                190.6
            ],
            [
                205.0,
                187.0
            ],
            [
                204.0,
                180.0
            ],
            [
                211.0,
                180.6
            ],
            [
                214.4,
                183.6
            ],
            [
                216.4,
                187.0
            ],
            [
                216.6,
                192.6
            ]
        ],
        "stack": 0,
        "shift": [
            [
                0.0,
                0.0
            ],
            [
                0.0,
                0.0
            ],
            [
                0.0,
                0.0
            ],
            [
                0.0,
                0.0
            ],
            [
                0.0,
                0.0
            ],
            [
                0.0,
                0.0
            ],
            [
                0.0,
                0.0
            ],
            [
                0.0,
                0.0
            ],
            [
                0.0,
                0.0
            ]
        ],
        "channel": 0
    },
    {
        "type": "Spine",
        "location": [
            223,
            191
        ],
        "radloc": [
            0,
            0
        ],
        "mean": [
            30.67153284671533,
            34.386861313868614,
            30.83941605839416,
            28.080291970802918,
            29.197080291970803,
            30.656934306569344,
            35.0,
            40.197080291970806
        ],
        "min": [
            11,
            8,
            7,
            9,
            6,
            11,
            12,
            16
        ],
        "max": [
            85,
            91,
            82,
            82,
            88,
            102,
            82,
            96
        ],
        "RawIntDen": [
            4202,
            4711,
            4225,
            3847,
            4000,
            4200,
            4795,
            5507
        ],
        "IntDen": [
            2499.5961564400804,
            2802.3792225105235,
            2513.277905987468,
            2288.421326469536,
            2379.4347038934607,
            2498.4064390881335,
            2852.347351292286,
            3275.886728585322
        ],
        "FlagUp": 0,
        "Times": [],
        "width": 0,
        "height": 0,
        "area": [
            0.5948586759733652,
            0.5948586759733652,
            0.5948586759733652,
            0.5948586759733652,
            0.5948586759733652,
            0.5948586759733652,
            0.5948586759733652,
            0.5948586759733652
        ],
        "distance": 9.472975822243844,
        "xpert": [
            [
                223.0,
                196.2
            ],
            [
                218.2,
                195.8
            ],
            [
                215.6,
                191.0
            ],
            [
                218.8,
                186.8
            ],
            [
                223.0,
                184.6
            ],
            [
                231.8,
                182.2
            ],
            [
                228.8,
                191.0
            ],
            [
                227.4,
                195.4
            ]
        ],
        "stack": 0,
        "shift": [
            [
                0.0,
                0.0
            ],
            [
                0.0,
                0.0
            ],
            [
                0.0,
                0.0
            ],
            [
                0.0,
                0.0
            ],
            [
                0.0,
                0.0
            ],
            [
                0.0,
                0.0
            ],
            [
                0.0,
                0.0
            ],
            [
                0.0,
                0.0
            ],
            [
                0.0,
                0.0
            ]
        ],
        "channel": 0
    },
    {
        "type": "Spine",
        "location": [
            243,
            167
        ],
        "radloc": [
            0,
            0
        ],
        "mean": [
            51.886792452830186,
            44.405660377358494,
            54.43396226415094,
            50.25471698113208,
            59.70754716981132,
            61.68867924528302,
            57.91509433962264,
            43.27358490566038
        ],
        "min": [
            8,
            7,
            12,
            10,
            8,
            15,
            13,
            10
        ],
        "max": [
            125,
            107,
            124,
            110,
            129,
            112,
            125,
            95
        ],
        "RawIntDen": [
            5500,
            4707,
            5770,
            5327,
            6329,
            6539,
            6139,
            4587
        ],
        "IntDen": [
            2531.4058984851963,
            2166.4231934854215,
            2655.674915319924,
            2451.781676587389,
            2912.957805729601,
            3009.611485489945,
            2825.5092383273854,
            2111.1925193366537
        ],
        "FlagUp": 0,
        "Times": [],
        "width": 0,
        "height": 0,
        "area": [
            0.46025561790639935,
            0.46025561790639935,
            0.46025561790639935,
            0.46025561790639935,
            0.46025561790639935,
            0.46025561790639935,
            0.46025561790639935,
            0.46025561790639935
        ],
        "distance": 10.68628835386861,
        "xpert": [
            [
                243.0,
                172.2
            ],
            [
                237.8,
                172.2
            ],
            [
                236.6,
                167.0
            ],
            [
                239.8,
                163.8
            ],
            [
                243.0,
                162.0
            ],
            [
                247.4,
                162.6
            ],
            [
                249.4,
                167.0
            ],
            [
                248.2,
                172.2
            ]
        ],
        "stack": 0,
        "shift": [
            [
                0.0,
                0.0
            ],
            [
                0.0,
                0.0
            ],
            [
                0.0,
                0.0
            ],
            [
                0.0,
                0.0
            ],
            [
                0.0,
                0.0
            ],
            [
                0.0,
                0.0
            ],
            [
                0.0,
                0.0
            ],
            [
                0.0,
                0.0
            ],
            [
                0.0,
                0.0
            ]
        ],
        "channel": 0
    },
    {
        "type": "Spine",
        "location": [
            297,
            184
        ],
        "radloc": [
            0,
            0
        ],
        "mean": [
            35.267175572519086,
            41.05343511450382,
            34.12977099236641,
            34.099236641221374,
            35.267175572519086,
            54.54961832061068,
            44.67175572519084,
            52.786259541984734
        ],
        "min": [
            7,
            10,
            7,
            9,
            10,
            13,
            9,
            13
        ],
        "max": [
            97,
            105,
            93,
            79,
            76,
            114,
            102,
            118
        ],
        "RawIntDen": [
            4620,
            5378,
            4471,
            4467,
            4620,
            7146,
            5852,
            6915
        ],
        "IntDen": [
            2627.8858968802924,
            3059.04120203944,
            2543.133732673547,
            2540.858506788802,
            2627.8858968802924,
            4064.69104309666,
            3328.655469381704,
            3933.2967482526456
        ],
        "FlagUp": 0,
        "Times": [],
        "width": 0,
        "height": 0,
        "area": [
            0.5688064711862105,
            0.5688064711862105,
            0.5688064711862105,
            0.5688064711862105,
            0.5688064711862105,
            0.5688064711862105,
            0.5688064711862105,
            0.5688064711862105
        ],
        "distance": 14.298933417118148,
        "xpert": [
            [
                297.0,
                190.6
            ],
            [
                293.2,
                187.8
            ],
            [
                292.2,
                184.0
            ],
            [
                292.4,
                179.4
            ],
            [
                297.0,
                178.2
            ],
            [
                301.8,
                179.2
            ],
            [
                307.2,
                184.0
            ],
            [
                302.6,
                189.6
            ]
        ],
        "stack": 0,
        "shift": [
            [
                0.0,
                0.0
            ],
            [
                0.0,
                0.0
            ],
            [
                0.0,
                0.0
            ],
            [
                0.0,
                0.0
            ],
            [
                0.0,
                0.0
            ],
            [
                0.0,
                0.0
            ],
            [
                0.0,
                0.0
            ],
            [
                0.0,
                0.0
            ],
            [
                0.0,
                0.0
            ]
        ],
        "channel": 0
    },
    {
        "type": "Spine",
        "location": [
            352,
            162
        ],
        "radloc": [
            0,
            0
        ],
        "mean": [
            47.83458646616541,
            55.93984962406015,
            51.849624060150376,
            46.81203007518797,
            48.21052631578947,
            36.80451127819549,
            30.06015037593985,
            28.13533834586466
        ],
        "min": [
            6,
            7,
            10,
            7,
            7,
            5,
            4,
            5
        ],
        "max": [
            112,
            145,
            124,
            100,
            116,
            113,
            77,
            70
        ],
        "RawIntDen": [
            6362,
            7440,
            6896,
            6226,
            6412,
            4895,
            3998,
            3742
        ],
        "IntDen": [
            3673.994811971964,
            4296.52961349755,
            3982.3747600375136,
            3595.456098606955,
            3702.869338944394,
            2826.8161906008745,
            2308.8071767154843,
            2160.969598616644
        ],
        "FlagUp": 0,
        "Times": [],
        "width": 0,
        "height": 0,
        "area": [
            0.5774905394485954,
            0.5774905394485954,
            0.5774905394485954,
            0.5774905394485954,
            0.5774905394485954,
            0.5774905394485954,
            0.5774905394485954,
            0.5774905394485954
        ],
        "distance": 17.97746848036768,
        "xpert": [
            [
                352.0,
                171.4
            ],
            [
                345.4,
                168.6
            ],
            [
                346.4,
                162.0
            ],
            [
                348.2,
                158.2
            ],
            [
                352.0,
                157.0
            ],
            [
                356.0,
                158.0
            ],
            [
                357.4,
                162.0
            ],
            [
                357.6,
                167.6
            ]
        ],
        "stack": 0,
        "shift": [
            [
                0.0,
                0.0
            ],
            [
                0.0,
                0.0
            ],
            [
                0.0,
                0.0
            ],
            [
                0.0,
                0.0
            ],
            [
                0.0,
                0.0
            ],
            [
                0.0,
                0.0
            ],
            [
                0.0,
                0.0
            ],
            [
                0.0,
                0.0
            ],
            [
                0.0,
                0.0
            ]
        ],
        "channel": 0
    },
    {
        "type": "Spine",
        "location": [
            375,
            187
        ],
        "radloc": [
            0,
            0
        ],
        "mean": [
            22.898089171974522,
            22.05095541401274,
            30.0,
            30.78980891719745,
            35.63057324840764,
            60.547770700636946,
            47.97452229299363,
            43.955414012738856
        ],
        "min": [
            5,
            5,
            5,
            5,
            6,
            15,
            8,
            8
        ],
        "max": [
            63,
            73,
            100,
            94,
            108,
            125,
            119,
            102
        ],
        "RawIntDen": [
            3595,
            3462,
            4710,
            4834,
            5594,
            9506,
            7532,
            6901
        ],
        "IntDen": [
            2450.7091941569847,
            2360.043179463555,
            3210.8039789928785,
            3295.334699458933,
            3813.4262119928158,
            6480.234102825118,
            5134.559568954217,
            4704.407273679374
        ],
        "FlagUp": 0,
        "Times": [],
        "width": 0,
        "height": 0,
        "area": [
            0.6816993585972141,
            0.6816993585972141,
            0.6816993585972141,
            0.6816993585972141,
            0.6816993585972141,
            0.6816993585972141,
            0.6816993585972141,
            0.6816993585972141
        ],
        "distance": 19.783791011992445,
        "xpert": [
            [
                375.0,
                194.2
            ],
            [
                369.6,
                192.4
            ],
            [
                365.2,
                187.0
            ],
            [
                369.4,
                181.4
            ],
            [
                375.0,
                182.6
            ],
            [
                379.0,
                183.0
            ],
            [
                384.4,
                187.0
            ],
            [
                380.6,
                192.6
            ]
        ],
        "stack": 0,
        "shift": [
            [
                0.0,
                0.0
            ],
            [
                0.0,
                0.0
            ],
            [
                0.0,
                0.0
            ],
            [
                0.0,
                0.0
            ],
            [
                0.0,
                0.0
            ],
            [
                0.0,
                0.0
            ],
            [
                0.0,
                0.0
            ],
            [
                0.0,
                0.0
            ],
            [
                0.0,
                0.0
            ]
        ],
        "channel": 0
    },
    {
        "type": "Spine",
        "location": [
            413,
            170
        ],
        "radloc": [
            0,
            0
        ],
        "mean": [
            51.197278911564624,
            64.6938775510204,
            49.40816326530612,
            45.394557823129254,
            42.80952380952381,
            59.02040816326531,
            51.89795918367347,
            47.06802721088435
        ],
        "min": [
            12,
            18,
            13,
            10,
            6,
            14,
            18,
            16
        ],
        "max": [
            108,
            133,
            127,
            126,
            105,
            127,
            108,
            87
        ],
        "RawIntDen": [
            7526,
            9510,
            7263,
            6673,
            6293,
            8676,
            7629,
            6919
        ],
        "IntDen": [
            4803.6878840890895,
            6070.033454383104,
            4635.820502543059,
            4259.235882344738,
            4016.6898557763275,
            5537.708753967173,
            4869.430622869475,
            4416.252520596919
        ],
        "FlagUp": 0,
        "Times": [],
        "width": 0,
        "height": 0,
        "area": [
            0.6382790172852897,
            0.6382790172852897,
            0.6382790172852897,
            0.6382790172852897,
            0.6382790172852897,
            0.6382790172852897,
            0.6382790172852897,
            0.6382790172852897
        ],
        "distance": 22.105928606866733,
        "xpert": [
            [
                413.0,
                174.8
            ],
            [
                408.6,
                174.4
            ],
            [
                400.4,
                170.0
            ],
            [
                407.6,
                164.6
            ],
            [
                413.0,
                164.8
            ],
            [
                417.4,
                165.6
            ],
            [
                421.4,
                170.0
            ],
            [
                417.8,
                174.8
            ]
        ],
        "stack": 0,
        "shift": [
            [
                0.0,
                0.0
            ],
            [
                0.0,
                0.0
            ],
            [
                0.0,
                0.0
            ],
            [
                0.0,
                0.0
            ],
            [
                0.0,
                0.0
            ],
            [
                0.0,
                0.0
            ],
            [
                0.0,
                0.0
            ],
            [
                0.0,
                0.0
            ],
            [
                0.0,
                0.0
            ]
        ],
        "channel": 0
    }
]