[
    {
        "type": "Stim",
        "location": [
            259,
            332
        ],
        "radloc": [
            0,
            0
        ],
        "mean": [
            43.16901408450704,
            38.901408450704224,
            24.992957746478872,
            37.37323943661972,
            32.83802816901409,
            22.535211267605632,
            32.859154929577464,
            25.591549295774648
        ],
        "min": [
            4,
            7,
            5,
            4,
            5,
            3,
            6,
            3
        ],
        "max": [
            117,
            94,
            67,
            105,
            102,
            74,
            86,
            80
        ],
        "RawIntDen": [
            6130,
            5524,
            3549,
            5307,
            4663,
            3200,
            4666,
            3634
        ],
        "IntDen": [
            3779.567029837783,
            3405.92630878041,
            2188.2028366874865,
            3272.1308690618457,
            2875.0605318325584,
            1973.0203092138509,
            2876.910238372446,
            2240.6111886509793
        ],
        "FlagUp": 0,
        "Times": [],
        "width": 0,
        "height": 0,
        "area": [
            0.6165688466293284,
            0.6165688466293284,
            0.6165688466293284,
            0.6165688466293284,
            0.6165688466293284,
            0.6165688466293284,
            0.6165688466293284,
            0.6165688466293284
        ],
        "distance": 0,
        "xpert": [
            [
                259.0,
                338.4
            ],
            [
                253.4,
                337.6
            ],
            [
                253.0,
                332.0
            ],
            [
                253.0,
                326.0
            ],
            [
                259.0,
                324.4
            ],
            [
                265.6,
                325.4
            ],
            [
                264.4,
                332.0
            ],
            [
                263.0,
                336.0
            ]
        ],
        "stack": 0,
        "shift": [
            [
                0.0,
                0.0
            ],
            [
                0.0,
                0.0
            ],
            [
                0.0,
                0.0
            ],
            [
                0.0,
                0.0
            ],
            [
                0.0,
                0.0
            ],
            [
                0.0,
                0.0
            ],
            [
                0.0,
                0.0
            ],
            [
                0.0,
                0.0
            ],
            [
                0.0,
                0.0
            ]
        ],
        "channel": 0
    },
    {
        "type": "Stim",
        "location": [
            238,
            322
        ],
        "radloc": [
            0,
            0
        ],
        "mean": [
            45.51724137931034,
            42.327586206896555,
            35.92528735632184,
            57.81609195402299,
            34.5,
            30.57471264367816,
            53.758620689655174,
            43.252873563218394
        ],
        "min": [
            9,
            8,
            6,
            10,
            6,
            6,
            6,
            7
        ],
        "max": [
            113,
            86,
            96,
            152,
            85,
            94,
            141,
            105
        ],
        "RawIntDen": [
            7920,
            7365,
            6251,
            10060,
            6003,
            5320,
            9354,
            7526
        ],
        "IntDen": [
            5983.670395513696,
            5564.360159464441,
            4722.717631610621,
            7600.470224604518,
            4535.350174781403,
            4019.33415456223,
            7067.0773837923125,
            5685.9979036156665
        ],
        "FlagUp": 0,
        "Times": [],
        "width": 0,
        "height": 0,
        "area": [
            0.7555139388274869,
            0.7555139388274869,
            0.7555139388274869,
            0.7555139388274869,
            0.7555139388274869,
            0.7555139388274869,
            0.7555139388274869,
            0.7555139388274869
        ],
        "distance": 0,
        "xpert": [
            [
                238.0,
                328.0
            ],
            [
                233.0,
                327.0
            ],
            [
                232.2,
                322.0
            ],
            [
                232.8,
                316.8
            ],
            [
                238.0,
                312.6
            ],
            [
                245.2,
                314.8
            ],
            [
                247.8,
                322.0
            ],
            [
                242.6,
                326.6
            ]
        ],
        "stack": 0,
        "shift": [
            [
                0.0,
                0.0
            ],
            [
                0.0,
                0.0
            ],
            [
                0.0,
                0.0
            ],
            [
                0.0,
                0.0
            ],
            [
                0.0,
                0.0
            ],
            [
                0.0,
                0.0
            ],
            [
                0.0,
                0.0
            ],
            [
                0.0,
                0.0
            ],
            [
                0.0,
                0.0
            ]
        ],
        "channel": 0
    },
    {
        "type": "Stim",
        "location": [
            230,
            287
        ],
        "radloc": [
            0,
            0
        ],
        "mean": [
            60.02013422818792,
            53.785234899328856,
            62.080536912751676,
            74.04026845637584,
            56.61073825503356,
            46.22818791946309,
            51.87919463087248,
            49.95973154362416
        ],
        "min": [
            10,
            10,
            18,
            10,
            10,
            7,
            6,
            9
        ],
        "max": [
            132,
            123,
            152,
            152,
            172,
            110,
            122,
            119
        ],
        "RawIntDen": [
            8943,
            8014,
            9250,
            11032,
            8435,
            6888,
            7730,
            7444
        ],
        "IntDen": [
            5785.790874052863,
            5184.7621675790715,
            5984.408541315999,
            7137.296759761957,
            5457.133626594643,
            4456.281733252389,
            5001.024651283532,
            4815.993208816897
        ],
        "FlagUp": 0,
        "Times": [],
        "width": 0,
        "height": 0,
        "area": [
            0.6469630855476756,
            0.6469630855476756,
            0.6469630855476756,
            0.6469630855476756,
            0.6469630855476756,
            0.6469630855476756,
            0.6469630855476756,
            0.6469630855476756
        ],
        "distance": 0,
        "xpert": [
            [
                230.0,
                295.2
            ],
            [
                223.4,
                293.6
            ],
            [
                222.0,
                287.0
            ],
            [
                224.6,
                281.6
            ],
            [
                230.0,
                281.2
            ],
            [
                234.0,
                283.0
            ],
            [
                235.8,
                287.0
            ],
            [
                235.4,
                292.4
            ]
        ],
        "stack": 0,
        "shift": [
            [
                0.0,
                0.0
            ],
            [
                0.0,
                0.0
            ],
            [
                0.0,
                0.0
            ],
            [
                0.0,
                0.0
            ],
            [
                0.0,
                0.0
            ],
            [
                0.0,
                0.0
            ],
            [
                0.0,
                0.0
            ],
            [
                0.0,
                0.0
            ],
            [
                0.0,
                0.0
            ]
        ],
        "channel": 0
    },
    {
        "type": "Spine",
        "location": [
            157,
            313
        ],
        "radloc": [
            0,
            0
        ],
        "mean": [
            70.22608695652174,
            47.00869565217391,
            33.45217391304348,
            54.53913043478261,
            44.11304347826087,
            54.55652173913043,
            30.121739130434783,
            43.89565217391304
        ],
        "min": [
            9,
            7,
            5,
            7,
            7,
            12,
            5,
            7
        ],
        "max": [
            168,
            105,
            115,
            129,
            105,
            137,
            88,
            85
        ],
        "RawIntDen": [
            8076,
            5406,
            3847,
            6272,
            5073,
            6274,
            3464,
            5048
        ],
        "IntDen": [
            4032.620779003679,
            2699.3991990210366,
            1920.9376098101973,
            3131.8223781464926,
            2533.1210019670216,
            3132.821045996667,
            1729.6927165018258,
            2520.637653839843
        ],
        "FlagUp": 0,
        "Times": [],
        "width": 0,
        "height": 0,
        "area": [
            0.49933392508713215,
            0.49933392508713215,
            0.49933392508713215,
            0.49933392508713215,
            0.49933392508713215,
            0.49933392508713215,
            0.49933392508713215,
            0.49933392508713215
        ],
        "distance": 5.164772911121921,
        "xpert": [
            [
                157.0,
                318.6
            ],
            [
                153.0,
                317.0
            ],
            [
                151.4,
                313.0
            ],
            [
                150.0,
                306.0
            ],
            [
                157.0,
                306.4
            ],
            [
                161.4,
                308.6
            ],
            [
                162.6,
                313.0
            ],
            [
                161.4,
                317.4
            ]
        ],
        "stack": 0,
        "shift": [
            [
                0.0,
                0.0
            ],
            [
                0.0,
                0.0
            ],
            [
                0.0,
                0.0
            ],
            [
                0.0,
                0.0
            ],
            [
                0.0,
                0.0
            ],
            [
                0.0,
                0.0
            ],
            [
                0.0,
                0.0
            ],
            [
                0.0,
                0.0
            ],
            [
                0.0,
                0.0
            ]
        ],
        "channel": 0
    },
    {
        "type": "Spine",
        "location": [
            175,
            314
        ],
        "radloc": [
            0,
            0
        ],
        "mean": [
            46.26086956521739,
            42.6583850931677,
            38.50931677018634,
            37.56521739130435,
            37.15527950310559,
            34.22360248447205,
            33.91304347826087,
            36.18012422360248
        ],
        "min": [
            8,
            7,
            7,
            7,
            8,
            7,
            7,
            8
        ],
        "max": [
            109,
            107,
            121,
            87,
            112,
            71,
            87,
            88
        ],
        "RawIntDen": [
            7448,
            6868,
            6200,
            6048,
            5982,
            5510,
            5460,
            5825
        ],
        "IntDen": [
            5206.654703668544,
            4801.195556497793,
            4334.218469756307,
            4227.960210497766,
            4181.821755819714,
            3851.8618981221375,
            3816.908523366038,
            4072.0681590855625
        ],
        "FlagUp": 0,
        "Times": [],
        "width": 0,
        "height": 0,
        "area": [
            0.699067495121985,
            0.699067495121985,
            0.699067495121985,
            0.699067495121985,
            0.699067495121985,
            0.699067495121985,
            0.699067495121985,
            0.699067495121985
        ],
        "distance": 3.1668704202085176,
        "xpert": [
            [
                175.0,
                322.0
            ],
            [
                169.6,
                319.4
            ],
            [
                169.2,
                314.0
            ],
            [
                168.2,
                307.2
            ],
            [
                175.0,
                306.4
            ],
            [
                182.0,
                307.0
            ],
            [
                181.0,
                314.0
            ],
            [
                179.4,
                318.4
            ]
        ],
        "stack": 0,
        "shift": [
            [
                0.0,
                0.0
            ],
            [
                0.0,
                0.0
            ],
            [
                0.0,
                0.0
            ],
            [
                0.0,
                0.0
            ],
            [
                0.0,
                0.0
            ],
            [
                0.0,
                0.0
            ],
            [
                0.0,
                0.0
            ],
            [
                0.0,
                0.0
            ],
            [
                0.0,
                0.0
            ]
        ],
        "channel": 0
    },
    {
        "type": "Spine",
        "location": [
            190,
            313
        ],
        "radloc": [
            0,
            0
        ],
        "mean": [
            66.828025477707,
            64.14012738853503,
            54.93630573248408,
            61.146496815286625,
            64.89171974522293,
            61.17197452229299,
            52.56687898089172,
            67.10828025477707
        ],
        "min": [
            9,
            7,
            4,
            5,
            11,
            12,
            6,
            8
        ],
        "max": [
            172,
            163,
            146,
            151,
            160,
            135,
            155,
            181
        ],
        "RawIntDen": [
            10492,
            10070,
            8625,
            9600,
            10188,
            9604,
            8253,
            10536
        ],
        "IntDen": [
            7152.389670401982,
            6864.712541073957,
            5879.656967900981,
            6544.313842533265,
            6945.153065388428,
            6547.040639967655,
            5626.064806502817,
            7182.38444218026
        ],
        "FlagUp": 0,
        "Times": [],
        "width": 0,
        "height": 0,
        "area": [
            0.6816993585972152,
            0.6816993585972152,
            0.6816993585972152,
            0.6816993585972152,
            0.6816993585972152,
            0.6816993585972152,
            0.6816993585972152,
            0.6816993585972152
        ],
        "distance": 2.446312033604452,
        "xpert": [
            [
                190.0,
                318.0
            ],
            [
                185.8,
                317.2
            ],
            [
                182.0,
                313.0
            ],
            [
                181.8,
                304.8
            ],
            [
                190.0,
                304.6
            ],
            [
                196.2,
                306.8
            ],
            [
                195.2,
                313.0
            ],
            [
                193.0,
                316.0
            ]
        ],
        "stack": 0,
        "shift": [
            [
                0.0,
                0.0
            ],
            [
                0.0,
                0.0
            ],
            [
                0.0,
                0.0
            ],
            [
                0.0,
                0.0
            ],
            [
                0.0,
                0.0
            ],
            [
                0.0,
                0.0
            ],
            [
                0.0,
                0.0
            ],
            [
                0.0,
                0.0
            ],
            [
                0.0,
                0.0
            ]
        ],
        "channel": 0
    },
    {
        "type": "Spine",
        "location": [
            256,
            301
        ],
        "radloc": [
            0,
            0
        ],
        "mean": [
            28.877777777777776,
            41.84444444444444,
            53.9,
            53.577777777777776,
            57.63333333333333,
            47.08888888888889,
            52.75555555555555,
            53.111111111111114
        ],
        "min": [
            4,
            6,
            11,
            15,
            10,
            11,
            6,
            9
        ],
        "max": [
            93,
            103,
            162,
            115,
            142,
            107,
            132,
            111
        ],
        "RawIntDen": [
            2599,
            3766,
            4851,
            4822,
            5187,
            4238,
            4748,
            4780
        ],
        "IntDen": [
            1015.6452036272268,
            1471.6890484263702,
            1895.6886813373133,
            1884.355972254901,
            2026.991793464573,
            1656.1386583194255,
            1855.4380249411593,
            1867.9430832389935
        ],
        "FlagUp": 0,
        "Times": [],
        "width": 0,
        "height": 0,
        "area": [
            0.3907830718073208,
            0.3907830718073208,
            0.3907830718073208,
            0.3907830718073208,
            0.3907830718073208,
            0.3907830718073208,
            0.3907830718073208,
            0.3907830718073208
        ],
        "distance": -0.43497507342736613,
        "xpert": [
            [
                256.0,
                307.2
            ],
            [
                252.6,
                304.4
            ],
            [
                249.8,
                301.0
            ],
            [
                250.2,
                295.2
            ],
            [
                256.0,
                296.2
            ],
            [
                259.6,
                297.4
            ],
            [
                260.6,
                301.0
            ],
            [
                259.6,
                304.6
            ]
        ],
        "stack": 0,
        "shift": [
            [
                0.0,
                0.0
            ],
            [
                0.0,
                0.0
            ],
            [
                0.0,
                0.0
            ],
            [
                0.0,
                0.0
            ],
            [
                0.0,
                0.0
            ],
            [
                0.0,
                0.0
            ],
            [
                0.0,
                0.0
            ],
            [
                0.0,
                0.0
            ],
            [
                0.0,
                0.0
            ]
        ],
        "channel": 0
    },
    {
        "type": "Spine",
        "location": [
            316,
            311
        ],
        "radloc": [
            0,
            0
        ],
        "mean": [
            55.23232323232323,
            50.93939393939394,
            60.707070707070706,
            38.72727272727273,
            36.5959595959596,
            49.43434343434343,
            41.717171717171716,
            40.878787878787875
        ],
        "min": [
            12,
            7,
            10,
            5,
            9,
            9,
            11,
            7
        ],
        "max": [
            131,
            195,
            137,
            118,
            87,
            108,
            107,
            118
        ],
        "RawIntDen": [
            5468,
            5043,
            6010,
            3834,
            3623,
            4894,
            4130,
            4047
        ],
        "IntDen": [
            2350.4820203066733,
            2167.7909342367507,
            2583.466887718198,
            1648.0885270401948,
            1557.3877760737157,
            2103.7415887675306,
            1775.3274952206584,
            1739.64900076465
        ],
        "FlagUp": 0,
        "Times": [],
        "width": 0,
        "height": 0,
        "area": [
            0.4298613789880529,
            0.4298613789880529,
            0.4298613789880529,
            0.4298613789880529,
            0.4298613789880529,
            0.4298613789880529,
            0.4298613789880529,
            0.4298613789880529
        ],
        "distance": 3.276339847762699,
        "xpert": [
            [
                316.0,
                317.4
            ],
            [
                311.6,
                315.4
            ],
            [
                309.2,
                311.0
            ],
            [
                311.4,
                306.4
            ],
            [
                316.0,
                305.4
            ],
            [
                319.6,
                307.4
            ],
            [
                320.8,
                311.0
            ],
            [
                320.2,
                315.2
            ]
        ],
        "stack": 0,
        "shift": [
            [
                0.0,
                0.0
            ],
            [
                0.0,
                0.0
            ],
            [
                0.0,
                0.0
            ],
            [
                0.0,
                0.0
            ],
            [
                0.0,
                0.0
            ],
            [
                0.0,
                0.0
            ],
            [
                0.0,
                0.0
            ],
            [
                0.0,
                0.0
            ],
            [
                0.0,
                0.0
            ]
        ],
        "channel": 0
    },
    {
        "type": "Spine",
        "location": [
            339,
            342
        ],
        "radloc": [
            0,
            0
        ],
        "mean": [
            91.3076923076923,
            74.57692307692308,
            82.66923076923077,
            65.13846153846154,
            71.33846153846154,
            53.223076923076924,
            57.42307692307692,
            66.93846153846154
        ],
        "min": [
            21,
            15,
            13,
            9,
            10,
            8,
            1,
            8
        ],
        "max": [
            168,
            143,
            188,
            150,
            131,
            161,
            117,
            154
        ],
        "RawIntDen": [
            11870,
            9695,
            10747,
            8468,
            9274,
            6919,
            7465,
            8702
        ],
        "IntDen": [
            6700.192867843075,
            5472.482717248408,
            6066.299305030288,
            4779.884852981901,
            5234.843189248246,
            3905.529439983676,
            4213.727022615716,
            4911.969531252775
        ],
        "FlagUp": 0,
        "Times": [],
        "width": 0,
        "height": 0,
        "area": [
            0.5644644370550189,
            0.5644644370550189,
            0.5644644370550189,
            0.5644644370550189,
            0.5644644370550189,
            0.5644644370550189,
            0.5644644370550189,
            0.5644644370550189
        ],
        "distance": 6.112551209540616,
        "xpert": [
            [
                339.0,
                348.6
            ],
            [
                334.0,
                347.0
            ],
            [
                332.4,
                342.0
            ],
            [
                332.0,
                335.0
            ],
            [
                339.0,
                335.8
            ],
            [
                346.8,
                334.2
            ],
            [
                344.6,
                342.0
            ],
            [
                344.0,
                347.0
            ]
        ],
        "stack": 0,
        "shift": [
            [
                0.0,
                0.0
            ],
            [
                0.0,
                0.0
            ],
            [
                0.0,
                0.0
            ],
            [
                0.0,
                0.0
            ],
            [
                0.0,
                0.0
            ],
            [
                0.0,
                0.0
            ],
            [
                0.0,
                0.0
            ],
            [
                0.0,
                0.0
            ],
            [
                0.0,
                0.0
            ]
        ],
        "channel": 0
    },
    {
        "type": "Spine",
        "location": [
            410,
            323
        ],
        "radloc": [
            0,
            0
        ],
        "mean": [
            77.5,
            75.14227642276423,
            84.82926829268293,
            80.8739837398374,
            79.369918699187,
            75.3739837398374,
            73.78455284552845,
            105.21544715447155
        ],
        "min": [
            13,
            11,
            15,
            14,
            11,
            16,
            16,
            15
        ],
        "max": [
            186,
            190,
            182,
            180,
            192,
            158,
            173,
            236
        ],
        "RawIntDen": [
            19065,
            18485,
            20868,
            19895,
            19525,
            18542,
            18151,
            25883
        ],
        "IntDen": [
            20364.096654951296,
            19744.575225112756,
            22289.953789432133,
            21250.65318385817,
            20855.44123723703,
            19805.459227700336,
            19387.81633275746,
            27646.67787674295
        ],
        "FlagUp": 0,
        "Times": [],
        "width": 0,
        "height": 0,
        "area": [
            1.0681403962733436,
            1.0681403962733436,
            1.0681403962733436,
            1.0681403962733436,
            1.0681403962733436,
            1.0681403962733436,
            1.0681403962733436,
            1.0681403962733436
        ],
        "distance": 11.207301003728317,
        "xpert": [
            [
                410.0,
                332.4
            ],
            [
                403.8,
                329.2
            ],
            [
                401.0,
                323.0
            ],
            [
                403.0,
                316.0
            ],
            [
                410.0,
                314.6
            ],
            [
                416.6,
                316.4
            ],
            [
                419.4,
                323.0
            ],
            [
                417.4,
                330.4
            ]
        ],
        "stack": 0,
        "shift": [
            [
                0.0,
                0.0
            ],
            [
                0.0,
                0.0
            ],
            [
                0.0,
                0.0
            ],
            [
                0.0,
                0.0
            ],
            [
                0.0,
                0.0
            ],
            [
                0.0,
                0.0
            ],
            [
                0.0,
                0.0
            ],
            [
                0.0,
                0.0
            ],
            [
                0.0,
                0.0
            ]
        ],
        "channel": 0
    },
    {
        "type": "Spine",
        "location": [
            403,
            374
        ],
        "radloc": [
            0,
            0
        ],
        "mean": [
            126.34123222748815,
            124.83412322274881,
            122.22748815165876,
            125.61611374407583,
            123.19905213270142,
            117.09478672985782,
            110.34597156398104,
            90.4739336492891
        ],
        "min": [
            22,
            8,
            17,
            14,
            11,
            8,
            8,
            7
        ],
        "max": [
            255,
            255,
            253,
            255,
            255,
            255,
            255,
            223
        ],
        "RawIntDen": [
            26658,
            26340,
            25790,
            26505,
            25995,
            24707,
            23283,
            19090
        ],
        "IntDen": [
            24423.238578428296,
            24131.896772293545,
            23628.003711368663,
            24283.064690571013,
            23815.818397713392,
            22635.79246594748,
            21331.167522752872,
            17489.67006010189
        ],
        "FlagUp": 0,
        "Times": [],
        "width": 0,
        "height": 0,
        "area": [
            0.9161692016816076,
            0.9161692016816076,
            0.9161692016816076,
            0.9161692016816076,
            0.9161692016816076,
            0.9161692016816076,
            0.9161692016816076,
            0.9161692016816076
        ],
        "distance": 9.948219183912062,
        "xpert": [
            [
                403.0,
                380.2
            ],
            [
                396.4,
                380.6
            ],
            [
                393.4,
                374.0
            ],
            [
                396.6,
                367.6
            ],
            [
                403.0,
                363.4
            ],
            [
                409.2,
                367.8
            ],
            [
                410.0,
                374.0
            ],
            [
                409.0,
                380.0
            ]
        ],
        "stack": 0,
        "shift": [
            [
                0.0,
                0.0
            ],
            [
                0.0,
                0.0
            ],
            [
                0.0,
                0.0
            ],
            [
                0.0,
                0.0
            ],
            [
                0.0,
                0.0
            ],
            [
                0.0,
                0.0
            ],
            [
                0.0,
                0.0
            ],
            [
                0.0,
                0.0
            ],
            [
                0.0,
                0.0
            ]
        ],
        "channel": 0
    },
    {
        "type": "Spine",
        "location": [
            468,
            348
        ],
        "radloc": [
            0,
            0
        ],
        "mean": [
            30.3109756097561,
            35.86585365853659,
            26.74390243902439,
            29.579268292682926,
            39.25,
            55.38414634146341,
            43.292682926829265,
            45.701219512195124
        ],
        "min": [
            6,
            5,
            6,
            5,
            6,
            10,
            8,
            4
        ],
        "max": [
            72,
            93,
            79,
            74,
            93,
            118,
            116,
            151
        ],
        "RawIntDen": [
            4971,
            5882,
            4386,
            4851,
            6437,
            9083,
            7100,
            7495
        ],
        "IntDen": [
            3539.8172732498606,
            4188.534540586538,
            3123.2425187032563,
            3454.366041547993,
            4583.746487207675,
            6467.946146233853,
            5055.864542360493,
            5337.14151337914
        ],
        "FlagUp": 0,
        "Times": [],
        "width": 0,
        "height": 0,
        "area": [
            0.7120935975155623,
            0.7120935975155623,
            0.7120935975155623,
            0.7120935975155623,
            0.7120935975155623,
            0.7120935975155623,
            0.7120935975155623,
            0.7120935975155623
        ],
        "distance": 14.531287031784464,
        "xpert": [
            [
                468.0,
                355.2
            ],
            [
                463.0,
                353.0
            ],
            [
                459.8,
                348.0
            ],
            [
                460.2,
                340.2
            ],
            [
                468.0,
                341.0
            ],
            [
                473.0,
                343.0
            ],
            [
                474.4,
                348.0
            ],
            [
                473.0,
                353.0
            ]
        ],
        "stack": 0,
        "shift": [
            [
                0.0,
                0.0
            ],
            [
                0.0,
                0.0
            ],
            [
                0.0,
                0.0
            ],
            [
                0.0,
                0.0
            ],
            [
                0.0,
                0.0
            ],
            [
                0.0,
                0.0
            ],
            [
                0.0,
                0.0
            ],
            [
                0.0,
                0.0
            ],
            [
                0.0,
                0.0
            ]
        ],
        "channel": 0
    },
    {
        "type": "Spine",
        "location": [
            482,
            318
        ],
        "radloc": [
            0,
            0
        ],
        "mean": [
            66.91612903225807,
            75.93548387096774,
            75.30322580645161,
            84.88387096774194,
            78.91612903225807,
            72.99354838709678,
            59.78709677419355,
            64.98064516129033
        ],
        "min": [
            9,
            14,
            13,
            17,
            18,
            12,
            8,
            7
        ],
        "max": [
            160,
            156,
            174,
            183,
            162,
            174,
            155,
            205
        ],
        "RawIntDen": [
            10372,
            11770,
            11672,
            13157,
            12232,
            11314,
            9267,
            10072
        ],
        "IntDen": [
            6980.5145913528595,
            7921.3899672409525,
            7855.434468788139,
            8854.862174935362,
            8232.323031375645,
            7614.49499484827,
            6236.832695532872,
            6778.61000425241
        ],
        "FlagUp": 0,
        "Times": [],
        "width": 0,
        "height": 0,
        "area": [
            0.6730152903348303,
            0.6730152903348303,
            0.6730152903348303,
            0.6730152903348303,
            0.6730152903348303,
            0.6730152903348303,
            0.6730152903348303,
            0.6730152903348303
        ],
        "distance": 15.562917158283522,
        "xpert": [
            [
                482.0,
                325.8
            ],
            [
                475.0,
                325.0
            ],
            [
                472.4,
                318.0
            ],
            [
                477.8,
                313.8
            ],
            [
                482.0,
                311.4
            ],
            [
                485.8,
                314.2
            ],
            [
                487.2,
                318.0
            ],
            [
                487.4,
                323.4
            ]
        ],
        "stack": 0,
        "shift": [
            [
                0.0,
                0.0
            ],
            [
                0.0,
                0.0
            ],
            [
                0.0,
                0.0
            ],
            [
                0.0,
                0.0
            ],
            [
                0.0,
                0.0
            ],
            [
                0.0,
                0.0
            ],
            [
                0.0,
                0.0
            ],
            [
                0.0,
                0.0
            ],
            [
                0.0,
                0.0
            ]
        ],
        "channel": 0
    }
]