[
    {
        "type": "Stim",
        "location": [
            202,
            240
        ],
        "radloc": [
            0,
            0
        ],
        "mean": [
            53.705882352941174,
            43.666666666666664,
            47.28431372549019,
            57.57843137254902,
            39.8235294117647,
            31.392156862745097,
            24.627450980392158,
            27.84313725490196
        ],
        "min": [
            8,
            4,
            11,
            15,
            5,
            7,
            6,
            5
        ],
        "max": [
            159,
            128,
            107,
            134,
            112,
            80,
            74,
            82
        ],
        "RawIntDen": [
            5478,
            4454,
            4823,
            5873,
            4062,
            3202,
            2512,
            2840
        ],
        "IntDen": [
            2426.137623008565,
            1972.6208420737764,
            2136.0463227035975,
            2601.0781781543083,
            1799.0089493721778,
            1418.1257153839767,
            1112.5333532306524,
            1257.8004471238269
        ],
        "FlagUp": 0,
        "Times": [],
        "width": 0,
        "height": 0,
        "area": [
            0.4428874813816292,
            0.4428874813816292,
            0.4428874813816292,
            0.4428874813816292,
            0.4428874813816292,
            0.4428874813816292,
            0.4428874813816292,
            0.4428874813816292
        ],
        "distance": 0,
        "xpert": [
            [
                202.0,
                247.0
            ],
            [
                197.2,
                244.8
            ],
            [
                196.0,
                240.0
            ],
            [
                197.4,
                235.4
            ],
            [
                202.0,
                234.8
            ],
            [
                205.0,
                237.0
            ],
            [
                206.8,
                240.0
            ],
            [
                207.2,
                245.2
            ]
        ],
        "stack": 0,
        "shift": [
            [
                0.0,
                0.0
            ],
            [
                0.0,
                0.0
            ],
            [
                0.0,
                0.0
            ],
            [
                0.0,
                0.0
            ],
            [
                0.0,
                0.0
            ],
            [
                0.0,
                0.0
            ],
            [
                0.0,
                0.0
            ],
            [
                0.0,
                0.0
            ],
            [
                0.0,
                0.0
            ]
        ],
        "channel": 0
    },
    {
        "type": "Spine",
        "location": [
            6,
            280
        ],
        "radloc": [
            0,
            0
        ],
        "mean": [
            79.67521367521367,
            94.94871794871794,
            86.85470085470085,
            87.77777777777777,
            80.47008547008546,
            74.13675213675214,
            63.58119658119658,
            58.572649572649574
        ],
        "min": [
            6,
            24,
            16,
            13,
            12,
            19,
            17,
            11
        ],
        "max": [
            174,
            218,
            181,
            189,
            182,
            145,
            139,
            132
        ],
        "RawIntDen": [
            9322,
            11109,
            10162,
            10270,
            9415,
            8674,
            7439,
            6853
        ],
        "IntDen": [
            4735.743734004187,
            5643.571888119772,
            5162.47884841778,
            5217.344791699527,
            4782.989407385691,
            4406.5480743137,
            3779.145852527048,
            3481.447308424232
        ],
        "FlagUp": 0,
        "Times": [],
        "width": 0,
        "height": 0,
        "area": [
            0.5080179933495158,
            0.5080179933495158,
            0.5080179933495158,
            0.5080179933495158,
            0.5080179933495158,
            0.5080179933495158,
            0.5080179933495158,
            0.5080179933495158
        ],
        "distance": 13.759940378675333,
        "xpert": [
            [
                6.0,
                287.2
            ],
            [
                1.8,
                284.2
            ],
            [
                0.0,
                280.0
            ],
            [
                0.0,
                274.0
            ],
            [
                6.0,
                274.6
            ],
            [
                10.4,
                275.6
            ],
            [
                12.6,
                280.0
            ],
            [
                10.0,
                284.0
            ]
        ],
        "stack": 0,
        "shift": [
            [
                0.0,
                0.0
            ],
            [
                0.0,
                0.0
            ],
            [
                0.0,
                0.0
            ],
            [
                0.0,
                0.0
            ],
            [
                0.0,
                0.0
            ],
            [
                0.0,
                0.0
            ],
            [
                0.0,
                0.0
            ],
            [
                0.0,
                0.0
            ],
            [
                0.0,
                0.0
            ]
        ],
        "channel": 0
    },
    {
        "type": "Spine",
        "location": [
            19,
            236
        ],
        "radloc": [
            0,
            0
        ],
        "mean": [
            54.4485294117647,
            54.80882352941177,
            48.088235294117645,
            53.029411764705884,
            46.661764705882355,
            48.338235294117645,
            34.80882352941177,
            28.78676470588235
        ],
        "min": [
            12,
            12,
            6,
            9,
            9,
            13,
            7,
            5
        ],
        "max": [
            144,
            142,
            111,
            114,
            114,
            111,
            98,
            84
        ],
        "RawIntDen": [
            7405,
            7454,
            6540,
            7212,
            6346,
            6574,
            4734,
            3915
        ],
        "IntDen": [
            4372.775732841285,
            4401.711048291552,
            3861.9788376478064,
            4258.806020965746,
            3747.418609130425,
            3882.0564034704403,
            2795.505782480843,
            2311.872652812104
        ],
        "FlagUp": 0,
        "Times": [],
        "width": 0,
        "height": 0,
        "area": [
            0.5905166418421722,
            0.5905166418421722,
            0.5905166418421722,
            0.5905166418421722,
            0.5905166418421722,
            0.5905166418421722,
            0.5905166418421722,
            0.5905166418421722
        ],
        "distance": 12.90337037867533,
        "xpert": [
            [
                19.0,
                243.2
            ],
            [
                15.0,
                240.0
            ],
            [
                13.6,
                236.0
            ],
            [
                14.2,
                231.2
            ],
            [
                19.0,
                230.4
            ],
            [
                24.0,
                231.0
            ],
            [
                26.8,
                236.0
            ],
            [
                25.6,
                242.6
            ]
        ],
        "stack": 0,
        "shift": [
            [
                0.0,
                0.0
            ],
            [
                0.0,
                0.0
            ],
            [
                0.0,
                0.0
            ],
            [
                0.0,
                0.0
            ],
            [
                0.0,
                0.0
            ],
            [
                0.0,
                0.0
            ],
            [
                0.0,
                0.0
            ],
            [
                0.0,
                0.0
            ],
            [
                0.0,
                0.0
            ]
        ],
        "channel": 0
    },
    {
        "type": "Spine",
        "location": [
            33,
            239
        ],
        "radloc": [
            0,
            0
        ],
        "mean": [
            81.6068376068376,
            87.00854700854701,
            70.82051282051282,
            74.28205128205128,
            70.68376068376068,
            72.2051282051282,
            53.1965811965812,
            45.00854700854701
        ],
        "min": [
            11,
            17,
            13,
            16,
            13,
            13,
            8,
            3
        ],
        "max": [
            217,
            210,
            172,
            174,
            181,
            159,
            143,
            115
        ],
        "RawIntDen": [
            9548,
            10180,
            8286,
            8691,
            8270,
            8448,
            6224,
            5266
        ],
        "IntDen": [
            4850.555800501177,
            5171.623172298071,
            4209.437092894088,
            4415.184380200642,
            4201.308805000496,
            4291.736007816709,
            3161.9039906073867,
            2675.2227529785505
        ],
        "FlagUp": 0,
        "Times": [],
        "width": 0,
        "height": 0,
        "area": [
            0.5080179933495158,
            0.5080179933495158,
            0.5080179933495158,
            0.5080179933495158,
            0.5080179933495158,
            0.5080179933495158,
            0.5080179933495158,
            0.5080179933495158
        ],
        "distance": 11.980910378675324,
        "xpert": [
            [
                33.0,
                245.2
            ],
            [
                26.6,
                245.4
            ],
            [
                25.6,
                239.0
            ],
            [
                26.8,
                232.8
            ],
            [
                33.0,
                234.0
            ],
            [
                36.0,
                236.0
            ],
            [
                38.0,
                239.0
            ],
            [
                36.4,
                242.4
            ]
        ],
        "stack": 0,
        "shift": [
            [
                0.0,
                0.0
            ],
            [
                0.0,
                0.0
            ],
            [
                0.0,
                0.0
            ],
            [
                0.0,
                0.0
            ],
            [
                0.0,
                0.0
            ],
            [
                0.0,
                0.0
            ],
            [
                0.0,
                0.0
            ],
            [
                0.0,
                0.0
            ],
            [
                0.0,
                0.0
            ]
        ],
        "channel": 0
    },
    {
        "type": "Spine",
        "location": [
            4,
            265
        ],
        "radloc": [
            0,
            0
        ],
        "mean": [
            72.77966101694915,
            71.59322033898304,
            72.22881355932203,
            70.4322033898305,
            78.15254237288136,
            73.63559322033899,
            60.05084745762712,
            58.42372881355932
        ],
        "min": [
            13,
            13,
            14,
            29,
            22,
            31,
            16,
            20
        ],
        "max": [
            147,
            161,
            137,
            137,
            156,
            133,
            103,
            101
        ],
        "RawIntDen": [
            8588,
            8448,
            8523,
            8311,
            9222,
            8689,
            7086,
            6894
        ],
        "IntDen": [
            4400.147916004323,
            4328.417512157023,
            4366.844514218076,
            4258.224188392166,
            4724.984173427092,
            4451.896278779875,
            3630.5831547282987,
            3532.210029452003
        ],
        "FlagUp": 0,
        "Times": [],
        "width": 0,
        "height": 0,
        "area": [
            0.5123600274807083,
            0.5123600274807083,
            0.5123600274807083,
            0.5123600274807083,
            0.5123600274807083,
            0.5123600274807083,
            0.5123600274807083,
            0.5123600274807083
        ],
        "distance": 13.891720378675332,
        "xpert": [
            [
                4.0,
                273.2
            ],
            [
                0.0,
                269.0
            ],
            [
                0.0,
                265.0
            ],
            [
                0.0,
                261.0
            ],
            [
                4.0,
                258.2
            ],
            [
                10.8,
                258.2
            ],
            [
                10.2,
                265.0
            ],
            [
                7.6,
                268.6
            ]
        ],
        "stack": 0,
        "shift": [
            [
                0.0,
                0.0
            ],
            [
                0.0,
                0.0
            ],
            [
                0.0,
                0.0
            ],
            [
                0.0,
                0.0
            ],
            [
                0.0,
                0.0
            ],
            [
                0.0,
                0.0
            ],
            [
                0.0,
                0.0
            ],
            [
                0.0,
                0.0
            ],
            [
                0.0,
                0.0
            ]
        ],
        "channel": 0
    },
    {
        "type": "Spine",
        "location": [
            69,
            272
        ],
        "radloc": [
            0,
            0
        ],
        "mean": [
            41.04624277456647,
            48.67052023121387,
            57.24277456647399,
            60.4393063583815,
            60.96531791907515,
            57.028901734104046,
            51.23699421965318,
            60.74566473988439
        ],
        "min": [
            7,
            6,
            10,
            12,
            12,
            10,
            11,
            16
        ],
        "max": [
            111,
            112,
            162,
            161,
            156,
            143,
            120,
            160
        ],
        "RawIntDen": [
            7101,
            8420,
            9903,
            10456,
            10547,
            9866,
            8864,
            10509
        ],
        "IntDen": [
            5334.071695248374,
            6324.8674375427845,
            7438.855372207386,
            7854.253435504436,
            7922.610078831798,
            7411.062011733623,
            6658.387763227938,
            7894.065546453339
        ],
        "FlagUp": 0,
        "Times": [],
        "width": 0,
        "height": 0,
        "area": [
            0.7511719046962927,
            0.7511719046962927,
            0.7511719046962927,
            0.7511719046962927,
            0.7511719046962927,
            0.7511719046962927,
            0.7511719046962927,
            0.7511719046962927
        ],
        "distance": 9.49970025217625,
        "xpert": [
            [
                69.0,
                277.2
            ],
            [
                64.0,
                277.0
            ],
            [
                60.4,
                272.0
            ],
            [
                62.4,
                265.4
            ],
            [
                69.0,
                263.8
            ],
            [
                77.2,
                263.8
            ],
            [
                75.0,
                272.0
            ],
            [
                73.0,
                276.0
            ]
        ],
        "stack": 0,
        "shift": [
            [
                0.0,
                0.0
            ],
            [
                0.0,
                0.0
            ],
            [
                0.0,
                0.0
            ],
            [
                0.0,
                0.0
            ],
            [
                0.0,
                0.0
            ],
            [
                0.0,
                0.0
            ],
            [
                0.0,
                0.0
            ],
            [
                0.0,
                0.0
            ],
            [
                0.0,
                0.0
            ]
        ],
        "channel": 0
    },
    {
        "type": "Spine",
        "location": [
            89,
            271
        ],
        "radloc": [
            0,
            0
        ],
        "mean": [
            51.14545454545455,
            52.8,
            48.157575757575756,
            46.07878787878788,
            43.43636363636364,
            41.53333333333333,
            42.38181818181818,
            52.61212121212121
        ],
        "min": [
            9,
            14,
            9,
            11,
            9,
            8,
            9,
            8
        ],
        "max": [
            137,
            131,
            126,
            98,
            99,
            95,
            97,
            118
        ],
        "RawIntDen": [
            8439,
            8712,
            7946,
            7603,
            7167,
            6853,
            6993,
            8681
        ],
        "IntDen": [
            6046.000295466949,
            6241.587222906513,
            5692.7975290651,
            5447.060107410264,
            5134.6941720122795,
            4909.733383675199,
            5010.034372105744,
            6219.377718325463
        ],
        "FlagUp": 0,
        "Times": [],
        "width": 0,
        "height": 0,
        "area": [
            0.7164356316467531,
            0.7164356316467531,
            0.7164356316467531,
            0.7164356316467531,
            0.7164356316467531,
            0.7164356316467531,
            0.7164356316467531,
            0.7164356316467531
        ],
        "distance": 8.181900252176249,
        "xpert": [
            [
                89.0,
                278.2
            ],
            [
                83.4,
                276.6
            ],
            [
                81.8,
                271.0
            ],
            [
                83.6,
                265.6
            ],
            [
                89.0,
                263.2
            ],
            [
                96.6,
                263.4
            ],
            [
                95.6,
                271.0
            ],
            [
                93.6,
                275.6
            ]
        ],
        "stack": 0,
        "shift": [
            [
                0.0,
                0.0
            ],
            [
                0.0,
                0.0
            ],
            [
                0.0,
                0.0
            ],
            [
                0.0,
                0.0
            ],
            [
                0.0,
                0.0
            ],
            [
                0.0,
                0.0
            ],
            [
                0.0,
                0.0
            ],
            [
                0.0,
                0.0
            ],
            [
                0.0,
                0.0
            ]
        ],
        "channel": 0
    },
    {
        "type": "Spine",
        "location": [
            85,
            241
        ],
        "radloc": [
            0,
            0
        ],
        "mean": [
            65.584,
            64.768,
            64.664,
            59.36,
            55.008,
            46.808,
            31.44,
            27.36
        ],
        "min": [
            12,
            14,
            9,
            11,
            18,
            6,
            4,
            3
        ],
        "max": [
            171,
            142,
            150,
            128,
            114,
            121,
            83,
            98
        ],
        "RawIntDen": [
            8198,
            8096,
            8083,
            7420,
            6876,
            5851,
            3930,
            3420
        ],
        "IntDen": [
            4449.499475939456,
            4394.138540766752,
            4387.082735303565,
            4027.236656680991,
            3731.978335759905,
            3175.655212700873,
            2133.0242669482877,
            1856.2195910847695
        ],
        "FlagUp": 0,
        "Times": [],
        "width": 0,
        "height": 0,
        "area": [
            0.5427542663990553,
            0.5427542663990553,
            0.5427542663990553,
            0.5427542663990553,
            0.5427542663990553,
            0.5427542663990553,
            0.5427542663990553,
            0.5427542663990553
        ],
        "distance": 8.445460252176247,
        "xpert": [
            [
                85.0,
                246.6
            ],
            [
                81.4,
                244.6
            ],
            [
                78.8,
                241.0
            ],
            [
                78.8,
                234.8
            ],
            [
                85.0,
                234.2
            ],
            [
                89.8,
                236.2
            ],
            [
                91.0,
                241.0
            ],
            [
                91.0,
                247.0
            ]
        ],
        "stack": 0,
        "shift": [
            [
                0.0,
                0.0
            ],
            [
                0.0,
                0.0
            ],
            [
                0.0,
                0.0
            ],
            [
                0.0,
                0.0
            ],
            [
                0.0,
                0.0
            ],
            [
                0.0,
                0.0
            ],
            [
                0.0,
                0.0
            ],
            [
                0.0,
                0.0
            ],
            [
                0.0,
                0.0
            ]
        ],
        "channel": 0
    },
    {
        "type": "Spine",
        "location": [
            127,
            221
        ],
        "radloc": [
            0,
            0
        ],
        "mean": [
            42.09285714285714,
            44.142857142857146,
            43.82857142857143,
            42.214285714285715,
            36.49285714285714,
            33.32857142857143,
            23.292857142857144,
            21.271428571428572
        ],
        "min": [
            8,
            9,
            10,
            5,
            5,
            6,
            4,
            4
        ],
        "max": [
            105,
            109,
            106,
            138,
            134,
            102,
            80,
            76
        ],
        "RawIntDen": [
            5893,
            6180,
            6136,
            5910,
            5109,
            4666,
            3261,
            2978
        ],
        "IntDen": [
            3582.2649989163892,
            3756.7279303077016,
            3729.981000059556,
            3592.5990401486274,
            3105.683332676707,
            2836.3903758601514,
            1982.312262254598,
            1810.2808699767534
        ],
        "FlagUp": 0,
        "Times": [],
        "width": 0,
        "height": 0,
        "area": [
            0.607884778366942,
            0.607884778366942,
            0.607884778366942,
            0.607884778366942,
            0.607884778366942,
            0.607884778366942,
            0.607884778366942,
            0.607884778366942
        ],
        "distance": 4.2927107890759695,
        "xpert": [
            [
                127.0,
                230.6
            ],
            [
                122.0,
                226.0
            ],
            [
                119.2,
                221.0
            ],
            [
                123.0,
                217.0
            ],
            [
                127.0,
                215.8
            ],
            [
                131.8,
                216.2
            ],
            [
                133.4,
                221.0
            ],
            [
                132.6,
                226.6
            ]
        ],
        "stack": 0,
        "shift": [
            [
                0.0,
                0.0
            ],
            [
                0.0,
                0.0
            ],
            [
                0.0,
                0.0
            ],
            [
                0.0,
                0.0
            ],
            [
                0.0,
                0.0
            ],
            [
                0.0,
                0.0
            ],
            [
                0.0,
                0.0
            ],
            [
                0.0,
                0.0
            ],
            [
                0.0,
                0.0
            ]
        ],
        "channel": 0
    },
    {
        "type": "Spine",
        "location": [
            144,
            225
        ],
        "radloc": [
            0,
            0
        ],
        "mean": [
            36.87378640776699,
            42.85436893203884,
            36.80582524271845,
            34.077669902912625,
            33.970873786407765,
            30.97087378640777,
            21.04854368932039,
            23.067961165048544
        ],
        "min": [
            8,
            10,
            11,
            10,
            8,
            7,
            5,
            4
        ],
        "max": [
            109,
            104,
            80,
            70,
            72,
            72,
            53,
            62
        ],
        "RawIntDen": [
            3798,
            4414,
            3791,
            3510,
            3499,
            3190,
            2168,
            2376
        ],
        "IntDen": [
            1698.5776999176965,
            1974.0710814735946,
            1695.4470933091068,
            1569.775599450004,
            1564.8560747793629,
            1426.662154485901,
            969.5935896317973,
            1062.6173288584641
        ],
        "FlagUp": 0,
        "Times": [],
        "width": 0,
        "height": 0,
        "area": [
            0.44722951551282164,
            0.44722951551282164,
            0.44722951551282164,
            0.44722951551282164,
            0.44722951551282164,
            0.44722951551282164,
            0.44722951551282164,
            0.44722951551282164
        ],
        "distance": 3.757764699572375,
        "xpert": [
            [
                144.0,
                233.0
            ],
            [
                140.4,
                228.6
            ],
            [
                138.4,
                225.0
            ],
            [
                140.6,
                221.6
            ],
            [
                144.0,
                219.2
            ],
            [
                148.4,
                220.6
            ],
            [
                149.6,
                225.0
            ],
            [
                149.0,
                230.0
            ]
        ],
        "stack": 0,
        "shift": [
            [
                0.0,
                0.0
            ],
            [
                0.0,
                0.0
            ],
            [
                0.0,
                0.0
            ],
            [
                0.0,
                0.0
            ],
            [
                0.0,
                0.0
            ],
            [
                0.0,
                0.0
            ],
            [
                0.0,
                0.0
            ],
            [
                0.0,
                0.0
            ],
            [
                0.0,
                0.0
            ]
        ],
        "channel": 0
    },
    {
        "type": "Spine",
        "location": [
            161,
            245
        ],
        "radloc": [
            0,
            0
        ],
        "mean": [
            32.49,
            29.83,
            38.57,
            32.35,
            31.96,
            27.96,
            28.99,
            34.96
        ],
        "min": [
            6,
            5,
            7,
            6,
            6,
            7,
            7,
            9
        ],
        "max": [
            102,
            75,
            85,
            96,
            87,
            74,
            73,
            85
        ],
        "RawIntDen": [
            3249,
            2983,
            3857,
            3235,
            3196,
            2796,
            2899,
            3496
        ],
        "IntDen": [
            1410.7268892244247,
            1295.2287813347057,
            1674.7225644009252,
            1404.6480414407554,
            1387.7141083291049,
            1214.032743081407,
            1258.7556946326893,
            1517.975132264878
        ],
        "FlagUp": 0,
        "Times": [],
        "width": 0,
        "height": 0,
        "area": [
            0.4342034131192443,
            0.4342034131192443,
            0.4342034131192443,
            0.4342034131192443,
            0.4342034131192443,
            0.4342034131192443,
            0.4342034131192443,
            0.4342034131192443
        ],
        "distance": 3.2101146829305156,
        "xpert": [
            [
                161.0,
                250.4
            ],
            [
                156.0,
                250.0
            ],
            [
                153.6,
                245.0
            ],
            [
                156.0,
                240.0
            ],
            [
                161.0,
                239.8
            ],
            [
                164.6,
                241.4
            ],
            [
                166.0,
                245.0
            ],
            [
                164.6,
                248.6
            ]
        ],
        "stack": 0,
        "shift": [
            [
                0.0,
                0.0
            ],
            [
                0.0,
                0.0
            ],
            [
                0.0,
                0.0
            ],
            [
                0.0,
                0.0
            ],
            [
                0.0,
                0.0
            ],
            [
                0.0,
                0.0
            ],
            [
                0.0,
                0.0
            ],
            [
                0.0,
                0.0
            ],
            [
                0.0,
                0.0
            ]
        ],
        "channel": 0
    },
    {
        "type": "Spine",
        "location": [
            148,
            261
        ],
        "radloc": [
            0,
            0
        ],
        "mean": [
            18.50526315789474,
            22.74736842105263,
            28.74736842105263,
            22.86315789473684,
            23.263157894736842,
            22.13684210526316,
            16.08421052631579,
            20.25263157894737
        ],
        "min": [
            5,
            5,
            9,
            7,
            7,
            4,
            4,
            6
        ],
        "max": [
            59,
            65,
            62,
            49,
            63,
            57,
            38,
            44
        ],
        "RawIntDen": [
            1758,
            2161,
            2731,
            2172,
            2210,
            2103,
            1528,
            1924
        ],
        "IntDen": [
            725.1631202504499,
            891.3978969631526,
            1126.5190451672233,
            895.9353226302487,
            911.6100658438534,
            867.4732889002822,
            630.289674483895,
            793.6369984993547
        ],
        "FlagUp": 0,
        "Times": [],
        "width": 0,
        "height": 0,
        "area": [
            0.41249324246328206,
            0.41249324246328206,
            0.41249324246328206,
            0.41249324246328206,
            0.41249324246328206,
            0.41249324246328206,
            0.41249324246328206,
            0.41249324246328206
        ],
        "distance": 4.828132530802908,
        "xpert": [
            [
                148.0,
                266.2
            ],
            [
                144.2,
                264.8
            ],
            [
                143.0,
                261.0
            ],
            [
                143.0,
                256.0
            ],
            [
                148.0,
                255.4
            ],
            [
                152.0,
                257.0
            ],
            [
                154.6,
                261.0
            ],
            [
                152.0,
                265.0
            ]
        ],
        "stack": 0,
        "shift": [
            [
                0.0,
                0.0
            ],
            [
                0.0,
                0.0
            ],
            [
                0.0,
                0.0
            ],
            [
                0.0,
                0.0
            ],
            [
                0.0,
                0.0
            ],
            [
                0.0,
                0.0
            ],
            [
                0.0,
                0.0
            ],
            [
                0.0,
                0.0
            ],
            [
                0.0,
                0.0
            ]
        ],
        "channel": 0
    },
    {
        "type": "Spine",
        "location": [
            171,
            198
        ],
        "radloc": [
            0,
            0
        ],
        "mean": [
            41.403614457831324,
            38.28313253012048,
            51.46987951807229,
            44.24698795180723,
            32.18072289156626,
            30.174698795180724,
            20.427710843373493,
            22.373493975903614
        ],
        "min": [
            8,
            9,
            15,
            11,
            7,
            5,
            5,
            4
        ],
        "max": [
            100,
            92,
            107,
            102,
            71,
            68,
            49,
            60
        ],
        "RawIntDen": [
            6873,
            6355,
            8544,
            7345,
            5342,
            5009,
            3391,
            3714
        ],
        "IntDen": [
            4953.90489689182,
            4580.542066018844,
            6158.3243764067665,
            5294.11195513901,
            3850.3942905857853,
            3610.3753278817294,
            2444.1570646530135,
            2676.96825069929
        ],
        "FlagUp": 0,
        "Times": [],
        "width": 0,
        "height": 0,
        "area": [
            0.7207776657779456,
            0.7207776657779456,
            0.7207776657779456,
            0.7207776657779456,
            0.7207776657779456,
            0.7207776657779456,
            0.7207776657779456,
            0.7207776657779456
        ],
        "distance": 1.3351591136847774,
        "xpert": [
            [
                171.0,
                206.4
            ],
            [
                166.4,
                202.6
            ],
            [
                161.6,
                198.0
            ],
            [
                166.0,
                193.0
            ],
            [
                171.0,
                193.2
            ],
            [
                175.4,
                193.6
            ],
            [
                179.0,
                198.0
            ],
            [
                179.0,
                206.0
            ]
        ],
        "stack": 0,
        "shift": [
            [
                0.0,
                0.0
            ],
            [
                0.0,
                0.0
            ],
            [
                0.0,
                0.0
            ],
            [
                0.0,
                0.0
            ],
            [
                0.0,
                0.0
            ],
            [
                0.0,
                0.0
            ],
            [
                0.0,
                0.0
            ],
            [
                0.0,
                0.0
            ],
            [
                0.0,
                0.0
            ]
        ],
        "channel": 0
    },
    {
        "type": "Spine",
        "location": [
            231,
            192
        ],
        "radloc": [
            0,
            0
        ],
        "mean": [
            85.1869918699187,
            85.26016260162602,
            88.21951219512195,
            83.869918699187,
            78.04065040650407,
            66.85365853658537,
            52.53658536585366,
            50.48780487804878
        ],
        "min": [
            15,
            17,
            24,
            21,
            14,
            12,
            10,
            9
        ],
        "max": [
            200,
            162,
            182,
            173,
            164,
            148,
            123,
            128
        ],
        "RawIntDen": [
            10478,
            10487,
            10851,
            10316,
            9599,
            8223,
            6462,
            6210
        ],
        "IntDen": [
            5595.987536076033,
            5600.794167859263,
            5795.195719981011,
            5509.468163977893,
            5126.5398319139,
            4391.659239277841,
            3451.1616203591648,
            3316.575930428724
        ],
        "FlagUp": 0,
        "Times": [],
        "width": 0,
        "height": 0,
        "area": [
            0.5340701981366704,
            0.5340701981366704,
            0.5340701981366704,
            0.5340701981366704,
            0.5340701981366704,
            0.5340701981366704,
            0.5340701981366704,
            0.5340701981366704
        ],
        "distance": 3.5875274675533837,
        "xpert": [
            [
                231.0,
                197.4
            ],
            [
                225.6,
                197.4
            ],
            [
                221.4,
                192.0
            ],
            [
                226.2,
                187.2
            ],
            [
                231.0,
                186.8
            ],
            [
                235.0,
                188.0
            ],
            [
                237.0,
                192.0
            ],
            [
                235.2,
                196.2
            ]
        ],
        "stack": 0,
        "shift": [
            [
                0.0,
                0.0
            ],
            [
                0.0,
                0.0
            ],
            [
                0.0,
                0.0
            ],
            [
                0.0,
                0.0
            ],
            [
                0.0,
                0.0
            ],
            [
                0.0,
                0.0
            ],
            [
                0.0,
                0.0
            ],
            [
                0.0,
                0.0
            ],
            [
                0.0,
                0.0
            ]
        ],
        "channel": 0
    },
    {
        "type": "Spine",
        "location": [
            243,
            177
        ],
        "radloc": [
            0,
            0
        ],
        "mean": [
            54.150442477876105,
            64.57522123893806,
            51.04424778761062,
            54.336283185840706,
            48.991150442477874,
            41.32743362831859,
            32.49557522123894,
            36.9646017699115
        ],
        "min": [
            15,
            16,
            12,
            13,
            14,
            8,
            8,
            11
        ],
        "max": [
            128,
            135,
            114,
            130,
            113,
            102,
            87,
            80
        ],
        "RawIntDen": [
            6119,
            7297,
            5768,
            6140,
            5536,
            4670,
            3672,
            4177
        ],
        "IntDen": [
            3002.286473910621,
            3580.272005250172,
            2830.068374165135,
            3012.5901209039407,
            2716.237607381794,
            2291.334831371564,
            1801.6662742604676,
            2049.4444519569643
        ],
        "FlagUp": 0,
        "Times": [],
        "width": 0,
        "height": 0,
        "area": [
            0.49064985682474604,
            0.49064985682474604,
            0.49064985682474604,
            0.49064985682474604,
            0.49064985682474604,
            0.49064985682474604,
            0.49064985682474604,
            0.49064985682474604
        ],
        "distance": 4.845491644487685,
        "xpert": [
            [
                243.0,
                182.8
            ],
            [
                238.2,
                181.8
            ],
            [
                235.6,
                177.0
            ],
            [
                238.0,
                172.0
            ],
            [
                243.0,
                171.6
            ],
            [
                247.6,
                172.4
            ],
            [
                249.0,
                177.0
            ],
            [
                247.0,
                181.0
            ]
        ],
        "stack": 0,
        "shift": [
            [
                0.0,
                0.0
            ],
            [
                0.0,
                0.0
            ],
            [
                0.0,
                0.0
            ],
            [
                0.0,
                0.0
            ],
            [
                0.0,
                0.0
            ],
            [
                0.0,
                0.0
            ],
            [
                0.0,
                0.0
            ],
            [
                0.0,
                0.0
            ],
            [
                0.0,
                0.0
            ]
        ],
        "channel": 0
    },
    {
        "type": "Spine",
        "location": [
            223,
            159
        ],
        "radloc": [
            0,
            0
        ],
        "mean": [
            29.976,
            30.488,
            33.208,
            28.864,
            34.696,
            40.416,
            29.784,
            40.048
        ],
        "min": [
            9,
            9,
            7,
            6,
            9,
            12,
            9,
            14
        ],
        "max": [
            67,
            58,
            82,
            60,
            80,
            92,
            67,
            115
        ],
        "RawIntDen": [
            3747,
            3811,
            4151,
            3608,
            4337,
            5052,
            3723,
            5006
        ],
        "IntDen": [
            2033.7002361972604,
            2068.4365092468,
            2252.972959822479,
            1958.2573931677919,
            2353.925253372703,
            2741.994553848028,
            2020.6741338036832,
            2717.0278575936713
        ],
        "FlagUp": 0,
        "Times": [],
        "width": 0,
        "height": 0,
        "area": [
            0.5427542663990553,
            0.5427542663990553,
            0.5427542663990553,
            0.5427542663990553,
            0.5427542663990553,
            0.5427542663990553,
            0.5427542663990553,
            0.5427542663990553
        ],
        "distance": 4.752309112862922,
        "xpert": [
            [
                223.0,
                163.8
            ],
            [
                219.6,
                162.4
            ],
            [
                218.0,
                159.0
            ],
            [
                214.0,
                150.0
            ],
            [
                223.0,
                152.4
            ],
            [
                227.6,
                154.4
            ],
            [
                230.2,
                159.0
            ],
            [
                227.4,
                163.4
            ]
        ],
        "stack": 0,
        "shift": [
            [
                0.0,
                0.0
            ],
            [
                0.0,
                0.0
            ],
            [
                0.0,
                0.0
            ],
            [
                0.0,
                0.0
            ],
            [
                0.0,
                0.0
            ],
            [
                0.0,
                0.0
            ],
            [
                0.0,
                0.0
            ],
            [
                0.0,
                0.0
            ],
            [
                0.0,
                0.0
            ]
        ],
        "channel": 0
    },
    {
        "type": "Spine",
        "location": [
            234,
            148
        ],
        "radloc": [
            0,
            0
        ],
        "mean": [
            38.776,
            46.768,
            48.936,
            53.072,
            52.544,
            40.792,
            29.232,
            33.064
        ],
        "min": [
            11,
            10,
            9,
            15,
            15,
            10,
            8,
            10
        ],
        "max": [
            121,
            113,
            105,
            117,
            114,
            86,
            80,
            72
        ],
        "RawIntDen": [
            4847,
            5846,
            6117,
            6634,
            6568,
            5099,
            3654,
            4133
        ],
        "IntDen": [
            2630.7299292362213,
            3172.941441368878,
            3320.0278475630216,
            3600.631803291333,
            3564.810021708996,
            2767.504004368783,
            1983.2240894221484,
            2243.203383027296
        ],
        "FlagUp": 0,
        "Times": [],
        "width": 0,
        "height": 0,
        "area": [
            0.5427542663990553,
            0.5427542663990553,
            0.5427542663990553,
            0.5427542663990553,
            0.5427542663990553,
            0.5427542663990553,
            0.5427542663990553,
            0.5427542663990553
        ],
        "distance": 5.777316960735316,
        "xpert": [
            [
                234.0,
                153.6
            ],
            [
                229.2,
                152.8
            ],
            [
                228.8,
                148.0
            ],
            [
                229.4,
                143.4
            ],
            [
                234.0,
                140.8
            ],
            [
                238.6,
                143.4
            ],
            [
                241.4,
                148.0
            ],
            [
                240.0,
                154.0
            ]
        ],
        "stack": 0,
        "shift": [
            [
                0.0,
                0.0
            ],
            [
                0.0,
                0.0
            ],
            [
                0.0,
                0.0
            ],
            [
                0.0,
                0.0
            ],
            [
                0.0,
                0.0
            ],
            [
                0.0,
                0.0
            ],
            [
                0.0,
                0.0
            ],
            [
                0.0,
                0.0
            ],
            [
                0.0,
                0.0
            ]
        ],
        "channel": 0
    },
    {
        "type": "Spine",
        "location": [
            265,
            158
        ],
        "radloc": [
            0,
            0
        ],
        "mean": [
            34.99130434782609,
            36.89565217391304,
            32.07826086956522,
            39.81739130434783,
            29.434782608695652,
            21.16521739130435,
            20.42608695652174,
            18.982608695652175
        ],
        "min": [
            7,
            9,
            9,
            9,
            7,
            6,
            5,
            6
        ],
        "max": [
            94,
            97,
            87,
            98,
            72,
            64,
            46,
            89
        ],
        "RawIntDen": [
            4024,
            4243,
            3689,
            4579,
            3385,
            2434,
            2349,
            2183
        ],
        "IntDen": [
            2009.319714550615,
            2118.6738441446964,
            1842.042849646426,
            2286.450042973973,
            1690.2453364199382,
            1215.3787736620768,
            1172.9353900296705,
            1090.045958465207
        ],
        "FlagUp": 0,
        "Times": [],
        "width": 0,
        "height": 0,
        "area": [
            0.4993339250871309,
            0.4993339250871309,
            0.4993339250871309,
            0.4993339250871309,
            0.4993339250871309,
            0.4993339250871309,
            0.4993339250871309,
            0.4993339250871309
        ],
        "distance": 6.755733542795329,
        "xpert": [
            [
                265.0,
                163.2
            ],
            [
                261.4,
                161.6
            ],
            [
                259.8,
                158.0
            ],
            [
                259.4,
                152.4
            ],
            [
                265.0,
                151.0
            ],
            [
                270.2,
                152.8
            ],
            [
                271.6,
                158.0
            ],
            [
                269.4,
                162.4
            ]
        ],
        "stack": 0,
        "shift": [
            [
                0.0,
                0.0
            ],
            [
                0.0,
                0.0
            ],
            [
                0.0,
                0.0
            ],
            [
                0.0,
                0.0
            ],
            [
                0.0,
                0.0
            ],
            [
                0.0,
                0.0
            ],
            [
                0.0,
                0.0
            ],
            [
                0.0,
                0.0
            ],
            [
                0.0,
                0.0
            ]
        ],
        "channel": 0
    },
    {
        "type": "Spine",
        "location": [
            275,
            146
        ],
        "radloc": [
            0,
            0
        ],
        "mean": [
            49.57258064516129,
            44.86290322580645,
            52.58870967741935,
            46.306451612903224,
            44.75,
            33.82258064516129,
            31.951612903225808,
            27.903225806451612
        ],
        "min": [
            10,
            8,
            13,
            15,
            16,
            12,
            10,
            14
        ],
        "max": [
            113,
            94,
            117,
            91,
            110,
            66,
            63,
            60
        ],
        "RawIntDen": [
            6147,
            5563,
            6521,
            5742,
            5549,
            4194,
            3962,
            3460
        ],
        "IntDen": [
            3309.6199917505533,
            2995.1872481061214,
            3510.9861666187344,
            3091.563037682069,
            2987.6494768543716,
            2258.100902131417,
            2133.189264245273,
            1862.9063236468057
        ],
        "FlagUp": 0,
        "Times": [],
        "width": 0,
        "height": 0,
        "area": [
            0.538412232267863,
            0.538412232267863,
            0.538412232267863,
            0.538412232267863,
            0.538412232267863,
            0.538412232267863,
            0.538412232267863,
            0.538412232267863
        ],
        "distance": 7.780741390667722,
        "xpert": [
            [
                275.0,
                153.2
            ],
            [
                269.2,
                151.8
            ],
            [
                269.0,
                146.0
            ],
            [
                270.4,
                141.4
            ],
            [
                275.0,
                138.8
            ],
            [
                279.2,
                141.8
            ],
            [
                280.4,
                146.0
            ],
            [
                279.8,
                150.8
            ]
        ],
        "stack": 0,
        "shift": [
            [
                0.0,
                0.0
            ],
            [
                0.0,
                0.0
            ],
            [
                0.0,
                0.0
            ],
            [
                0.0,
                0.0
            ],
            [
                0.0,
                0.0
            ],
            [
                0.0,
                0.0
            ],
            [
                0.0,
                0.0
            ],
            [
                0.0,
                0.0
            ],
            [
                0.0,
                0.0
            ]
        ],
        "channel": 0
    },
    {
        "type": "Spine",
        "location": [
            290,
            142
        ],
        "radloc": [
            0,
            0
        ],
        "mean": [
            71.8735632183908,
            84.5632183908046,
            76.67816091954023,
            78.86206896551724,
            86.06896551724138,
            66.83908045977012,
            38.04597701149425,
            45.747126436781606
        ],
        "min": [
            13,
            18,
            20,
            34,
            24,
            25,
            16,
            13
        ],
        "max": [
            150,
            183,
            151,
            173,
            200,
            115,
            75,
            98
        ],
        "RawIntDen": [
            6253,
            7357,
            6671,
            6861,
            7488,
            5815,
            3310,
            3980
        ],
        "IntDen": [
            2362.114329744132,
            2779.1580239769037,
            2520.0167429590765,
            2591.7905671476874,
            2828.6441869701043,
            2196.6567771409127,
            1250.3755687594878,
            1503.4727382666954
        ],
        "FlagUp": 0,
        "Times": [],
        "width": 0,
        "height": 0,
        "area": [
            0.37775696941374254,
            0.37775696941374254,
            0.37775696941374254,
            0.37775696941374254,
            0.37775696941374254,
            0.37775696941374254,
            0.37775696941374254,
            0.37775696941374254
        ],
        "distance": 8.746481517166773,
        "xpert": [
            [
                290.0,
                146.6
            ],
            [
                286.2,
                145.8
            ],
            [
                284.0,
                142.0
            ],
            [
                284.0,
                136.0
            ],
            [
                290.0,
                136.6
            ],
            [
                293.0,
                139.0
            ],
            [
                294.8,
                142.0
            ],
            [
                293.6,
                145.6
            ]
        ],
        "stack": 0,
        "shift": [
            [
                0.0,
                0.0
            ],
            [
                0.0,
                0.0
            ],
            [
                0.0,
                0.0
            ],
            [
                0.0,
                0.0
            ],
            [
                0.0,
                0.0
            ],
            [
                0.0,
                0.0
            ],
            [
                0.0,
                0.0
            ],
            [
                0.0,
                0.0
            ],
            [
                0.0,
                0.0
            ]
        ],
        "channel": 0
    },
    {
        "type": "Spine",
        "location": [
            281,
            83
        ],
        "radloc": [
            0,
            0
        ],
        "mean": [
            17.04,
            23.82,
            29.96,
            30.85,
            38.98,
            23.91,
            20.11,
            21.01
        ],
        "min": [
            5,
            6,
            9,
            6,
            13,
            7,
            5,
            6
        ],
        "max": [
            55,
            68,
            67,
            86,
            91,
            56,
            62,
            53
        ],
        "RawIntDen": [
            1704,
            2382,
            2996,
            3085,
            3898,
            2391,
            2011,
            2101
        ],
        "IntDen": [
            739.8826159551923,
            1034.27253005004,
            1300.8734257052558,
            1339.5175294728688,
            1692.5249043388144,
            1038.1803607681131,
            873.1830637828003,
            912.2613709635323
        ],
        "FlagUp": 0,
        "Times": [],
        "width": 0,
        "height": 0,
        "area": [
            0.4342034131192443,
            0.4342034131192443,
            0.4342034131192443,
            0.4342034131192443,
            0.4342034131192443,
            0.4342034131192443,
            0.4342034131192443,
            0.4342034131192443
        ],
        "distance": 11.053434934284923,
        "xpert": [
            [
                281.0,
                90.0
            ],
            [
                276.2,
                87.8
            ],
            [
                275.8,
                83.0
            ],
            [
                277.8,
                79.8
            ],
            [
                281.0,
                77.8
            ],
            [
                284.4,
                79.6
            ],
            [
                286.4,
                83.0
            ],
            [
                287.0,
                89.0
            ]
        ],
        "stack": 0,
        "shift": [
            [
                0.0,
                0.0
            ],
            [
                0.0,
                0.0
            ],
            [
                0.0,
                0.0
            ],
            [
                0.0,
                0.0
            ],
            [
                0.0,
                0.0
            ],
            [
                0.0,
                0.0
            ],
            [
                0.0,
                0.0
            ],
            [
                0.0,
                0.0
            ],
            [
                0.0,
                0.0
            ]
        ],
        "channel": 0
    },
    {
        "type": "Spine",
        "location": [
            343,
            77
        ],
        "radloc": [
            0,
            0
        ],
        "mean": [
            27.58490566037736,
            32.528301886792455,
            32.179245283018865,
            31.5,
            27.5,
            28.9811320754717,
            21.330188679245282,
            17.99056603773585
        ],
        "min": [
            6,
            9,
            9,
            8,
            8,
            5,
            5,
            4
        ],
        "max": [
            57,
            68,
            66,
            63,
            63,
            90,
            51,
            49
        ],
        "RawIntDen": [
            2924,
            3448,
            3411,
            3339,
            2915,
            3072,
            2261,
            1907
        ],
        "IntDen": [
            1345.7874267583106,
            1586.9613705412637,
            1569.9319126787268,
            1536.7935081894661,
            1341.6451261971529,
            1413.9052582084576,
            1040.6379520863682,
            877.7074633475028
        ],
        "FlagUp": 0,
        "Times": [],
        "width": 0,
        "height": 0,
        "area": [
            0.46025561790639896,
            0.46025561790639896,
            0.46025561790639896,
            0.46025561790639896,
            0.46025561790639896,
            0.46025561790639896,
            0.46025561790639896,
            0.46025561790639896
        ],
        "distance": 14.31813468046499,
        "xpert": [
            [
                343.0,
                84.0
            ],
            [
                336.8,
                83.2
            ],
            [
                336.6,
                77.0
            ],
            [
                338.6,
                72.6
            ],
            [
                343.0,
                72.2
            ],
            [
                346.4,
                73.6
            ],
            [
                348.0,
                77.0
            ],
            [
                347.0,
                81.0
            ]
        ],
        "stack": 0,
        "shift": [
            [
                0.0,
                0.0
            ],
            [
                0.0,
                0.0
            ],
            [
                0.0,
                0.0
            ],
            [
                0.0,
                0.0
            ],
            [
                0.0,
                0.0
            ],
            [
                0.0,
                0.0
            ],
            [
                0.0,
                0.0
            ],
            [
                0.0,
                0.0
            ],
            [
                0.0,
                0.0
            ]
        ],
        "channel": 0
    }
]