[
    {
        "type": "Stim",
        "location": [
            280,
            109
        ],
        "radloc": [
            0,
            0
        ],
        "mean": [
            69.75757575757575,
            62.97727272727273,
            77.22727272727273,
            75.68939393939394,
            73.53030303030303,
            68.75,
            63.083333333333336,
            57.06818181818182
        ],
        "min": [
            11,
            10,
            18,
            18,
            17,
            15,
            15,
            10
        ],
        "max": [
            180,
            158,
            202,
            152,
            162,
            151,
            143,
            139
        ],
        "RawIntDen": [
            9208,
            8313,
            10194,
            9991,
            9706,
            9075,
            8327,
            7533
        ],
        "IntDen": [
            5277.55143696266,
            4764.583524703583,
            5842.675863205621,
            5726.326716626188,
            5562.979392610728,
            5201.3226857554455,
            4772.607603778027,
            4317.527690556008
        ],
        "FlagUp": 0,
        "Times": [],
        "width": 0,
        "height": 0,
        "area": [
            0.5731485053174045,
            0.5731485053174045,
            0.5731485053174045,
            0.5731485053174045,
            0.5731485053174045,
            0.5731485053174045,
            0.5731485053174045,
            0.5731485053174045
        ],
        "distance": 0,
        "xpert": [
            [
                280.0,
                116.8
            ],
            [
                274.8,
                114.2
            ],
            [
                274.2,
                109.0
            ],
            [
                275.6,
                104.6
            ],
            [
                280.0,
                100.8
            ],
            [
                284.4,
                104.6
            ],
            [
                285.8,
                109.0
            ],
            [
                285.2,
                114.2
            ]
        ],
        "stack": 0,
        "shift": [
            [
                0.0,
                0.0
            ],
            [
                0.0,
                0.0
            ],
            [
                0.0,
                0.0
            ],
            [
                0.0,
                0.0
            ],
            [
                0.0,
                0.0
            ],
            [
                0.0,
                0.0
            ],
            [
                0.0,
                0.0
            ],
            [
                0.0,
                0.0
            ],
            [
                0.0,
                0.0
            ]
        ],
        "channel": 0
    },
    {
        "type": "Spine",
        "location": [
            17,
            68
        ],
        "radloc": [
            0,
            0
        ],
        "mean": [
            99.50961538461539,
            55.70192307692308,
            103.125,
            74.39423076923077,
            73.29807692307692,
            83.4326923076923,
            74.27884615384616,
            95.29807692307692
        ],
        "min": [
            8,
            6,
            22,
            12,
            14,
            13,
            17,
            27
        ],
        "max": [
            217,
            157,
            177,
            154,
            146,
            192,
            177,
            176
        ],
        "RawIntDen": [
            10349,
            5793,
            10725,
            7737,
            7623,
            8677,
            7725,
            9911
        ],
        "IntDen": [
            4673.313967265917,
            2615.9539870877825,
            4843.104869932067,
            3493.8090795957487,
            3442.329922936331,
            3918.2863362611233,
            3488.3902210000206,
            4475.525628521838
        ],
        "FlagUp": 0,
        "Times": [],
        "width": 0,
        "height": 0,
        "area": [
            0.4515715496440156,
            0.4515715496440156,
            0.4515715496440156,
            0.4515715496440156,
            0.4515715496440156,
            0.4515715496440156,
            0.4515715496440156,
            0.4515715496440156
        ],
        "distance": 18.284308606866727,
        "xpert": [
            [
                17.0,
                72.2
            ],
            [
                12.8,
                72.2
            ],
            [
                9.8,
                68.0
            ],
            [
                12.0,
                63.0
            ],
            [
                17.0,
                62.8
            ],
            [
                21.4,
                63.6
            ],
            [
                22.6,
                68.0
            ],
            [
                21.2,
                72.2
            ]
        ],
        "stack": 0,
        "shift": [
            [
                0.0,
                0.0
            ],
            [
                0.0,
                0.0
            ],
            [
                0.0,
                0.0
            ],
            [
                0.0,
                0.0
            ],
            [
                0.0,
                0.0
            ],
            [
                0.0,
                0.0
            ],
            [
                0.0,
                0.0
            ],
            [
                0.0,
                0.0
            ],
            [
                0.0,
                0.0
            ]
        ],
        "channel": 0
    },
    {
        "type": "Spine",
        "location": [
            9,
            89
        ],
        "radloc": [
            0,
            0
        ],
        "mean": [
            37.27972027972028,
            36.25874125874126,
            32.91608391608391,
            40.37762237762238,
            38.95804195804196,
            42.50349650349651,
            34.51748251748252,
            33.36363636363637
        ],
        "min": [
            6,
            8,
            7,
            9,
            7,
            8,
            6,
            6
        ],
        "max": [
            101,
            89,
            83,
            83,
            81,
            109,
            94,
            84
        ],
        "RawIntDen": [
            5331,
            5185,
            4707,
            5774,
            5571,
            6078,
            4936,
            4771
        ],
        "IntDen": [
            3310.07590533434,
            3219.4229167433036,
            2922.6275157397745,
            3585.139425511251,
            3459.094516716865,
            3773.8963332624494,
            3064.816107433934,
            2962.3658121084477
        ],
        "FlagUp": 0,
        "Times": [],
        "width": 0,
        "height": 0,
        "area": [
            0.6209108807605215,
            0.6209108807605215,
            0.6209108807605215,
            0.6209108807605215,
            0.6209108807605215,
            0.6209108807605215,
            0.6209108807605215,
            0.6209108807605215
        ],
        "distance": 18.811428606866727,
        "xpert": [
            [
                9.0,
                95.6
            ],
            [
                3.8,
                94.2
            ],
            [
                2.2,
                89.0
            ],
            [
                1.2,
                81.2
            ],
            [
                9.0,
                81.2
            ],
            [
                12.8,
                85.2
            ],
            [
                14.2,
                89.0
            ],
            [
                13.8,
                93.8
            ]
        ],
        "stack": 0,
        "shift": [
            [
                0.0,
                0.0
            ],
            [
                0.0,
                0.0
            ],
            [
                0.0,
                0.0
            ],
            [
                0.0,
                0.0
            ],
            [
                0.0,
                0.0
            ],
            [
                0.0,
                0.0
            ],
            [
                0.0,
                0.0
            ],
            [
                0.0,
                0.0
            ],
            [
                0.0,
                0.0
            ]
        ],
        "channel": 0
    },
    {
        "type": "Spine",
        "location": [
            71,
            105
        ],
        "radloc": [
            0,
            0
        ],
        "mean": [
            41.00970873786408,
            50.25242718446602,
            42.57281553398058,
            35.980582524271846,
            33.271844660194176,
            32.45631067961165,
            23.961165048543688,
            15.669902912621358
        ],
        "min": [
            7,
            16,
            8,
            6,
            5,
            3,
            5,
            4
        ],
        "max": [
            126,
            106,
            141,
            163,
            120,
            140,
            93,
            68
        ],
        "RawIntDen": [
            4224,
            5176,
            4385,
            3706,
            3427,
            3343,
            2468,
            1614
        ],
        "IntDen": [
            1889.097473526165,
            2314.8599722943727,
            1961.1014255237294,
            1657.4325844905227,
            1532.6555496624449,
            1495.0882703593677,
            1103.7624442856475,
            721.8284380376965
        ],
        "FlagUp": 0,
        "Times": [],
        "width": 0,
        "height": 0,
        "area": [
            0.44722951551282314,
            0.44722951551282314,
            0.44722951551282314,
            0.44722951551282314,
            0.44722951551282314,
            0.44722951551282314,
            0.44722951551282314,
            0.44722951551282314
        ],
        "distance": 14.398738227369563,
        "xpert": [
            [
                71.0,
                110.6
            ],
            [
                67.4,
                108.6
            ],
            [
                65.4,
                105.0
            ],
            [
                66.8,
                100.8
            ],
            [
                71.0,
                97.8
            ],
            [
                77.4,
                98.6
            ],
            [
                76.4,
                105.0
            ],
            [
                74.0,
                108.0
            ]
        ],
        "stack": 0,
        "shift": [
            [
                0.0,
                0.0
            ],
            [
                0.0,
                0.0
            ],
            [
                0.0,
                0.0
            ],
            [
                0.0,
                0.0
            ],
            [
                0.0,
                0.0
            ],
            [
                0.0,
                0.0
            ],
            [
                0.0,
                0.0
            ],
            [
                0.0,
                0.0
            ],
            [
                0.0,
                0.0
            ]
        ],
        "channel": 0
    },
    {
        "type": "Spine",
        "location": [
            139,
            104
        ],
        "radloc": [
            0,
            0
        ],
        "mean": [
            31.96078431372549,
            40.27450980392157,
            42.44117647058823,
            56.21568627450981,
            34.94117647058823,
            20.813725490196077,
            35.18627450980392,
            15.147058823529411
        ],
        "min": [
            6,
            7,
            7,
            21,
            6,
            5,
            8,
            4
        ],
        "max": [
            110,
            119,
            121,
            122,
            99,
            74,
            90,
            50
        ],
        "RawIntDen": [
            3260,
            4108,
            4329,
            5734,
            3564,
            2123,
            3589,
            1545
        ],
        "IntDen": [
            1443.8131893041161,
            1819.3817735157388,
            1917.2599069010794,
            2539.5168182422703,
            1578.4509836441318,
            940.250122973202,
            1589.5231706786726,
            684.2611587346195
        ],
        "FlagUp": 0,
        "Times": [],
        "width": 0,
        "height": 0,
        "area": [
            0.4428874813816307,
            0.4428874813816307,
            0.4428874813816307,
            0.4428874813816307,
            0.4428874813816307,
            0.4428874813816307,
            0.4428874813816307,
            0.4428874813816307
        ],
        "distance": 9.754463037620976,
        "xpert": [
            [
                139.0,
                109.4
            ],
            [
                135.8,
                107.2
            ],
            [
                134.2,
                104.0
            ],
            [
                133.0,
                98.0
            ],
            [
                139.0,
                97.8
            ],
            [
                145.0,
                98.0
            ],
            [
                143.8,
                104.0
            ],
            [
                142.2,
                107.2
            ]
        ],
        "stack": 0,
        "shift": [
            [
                0.0,
                0.0
            ],
            [
                0.0,
                0.0
            ],
            [
                0.0,
                0.0
            ],
            [
                0.0,
                0.0
            ],
            [
                0.0,
                0.0
            ],
            [
                0.0,
                0.0
            ],
            [
                0.0,
                0.0
            ],
            [
                0.0,
                0.0
            ],
            [
                0.0,
                0.0
            ]
        ],
        "channel": 0
    },
    {
        "type": "Spine",
        "location": [
            171,
            112
        ],
        "radloc": [
            0,
            0
        ],
        "mean": [
            34.32743362831859,
            33.69911504424779,
            31.283185840707965,
            29.893805309734514,
            42.92035398230089,
            54.876106194690266,
            64.30088495575221,
            49.9646017699115
        ],
        "min": [
            5,
            6,
            5,
            6,
            7,
            7,
            15,
            9
        ],
        "max": [
            83,
            99,
            70,
            77,
            126,
            147,
            140,
            145
        ],
        "RawIntDen": [
            3879,
            3808,
            3535,
            3378,
            4850,
            6201,
            7266,
            5646
        ],
        "IntDen": [
            1903.2307946231965,
            1868.3946547886394,
            1734.4472438754833,
            1657.4152163539977,
            2379.6518056000264,
            3042.5197621702605,
            3565.061859688617,
            2770.2090916325255
        ],
        "FlagUp": 0,
        "Times": [],
        "width": 0,
        "height": 0,
        "area": [
            0.4906498568247477,
            0.4906498568247477,
            0.4906498568247477,
            0.4906498568247477,
            0.4906498568247477,
            0.4906498568247477,
            0.4906498568247477,
            0.4906498568247477
        ],
        "distance": 7.564105442746684,
        "xpert": [
            [
                171.0,
                116.6
            ],
            [
                167.0,
                116.0
            ],
            [
                165.0,
                112.0
            ],
            [
                165.4,
                106.4
            ],
            [
                171.0,
                103.2
            ],
            [
                175.6,
                107.4
            ],
            [
                176.8,
                112.0
            ],
            [
                174.4,
                115.4
            ]
        ],
        "stack": 0,
        "shift": [
            [
                0.0,
                0.0
            ],
            [
                0.0,
                0.0
            ],
            [
                0.0,
                0.0
            ],
            [
                0.0,
                0.0
            ],
            [
                0.0,
                0.0
            ],
            [
                0.0,
                0.0
            ],
            [
                0.0,
                0.0
            ],
            [
                0.0,
                0.0
            ],
            [
                0.0,
                0.0
            ]
        ],
        "channel": 0
    },
    {
        "type": "Spine",
        "location": [
            174,
            84
        ],
        "radloc": [
            0,
            0
        ],
        "mean": [
            64.83739837398375,
            62.90243902439025,
            63.58536585365854,
            94.52845528455285,
            68.82926829268293,
            61.6910569105691,
            51.959349593495936,
            49.552845528455286
        ],
        "min": [
            10,
            14,
            21,
            30,
            24,
            16,
            14,
            13
        ],
        "max": [
            141,
            141,
            130,
            201,
            143,
            120,
            97,
            101
        ],
        "RawIntDen": [
            7975,
            7737,
            7821,
            11627,
            8466,
            7588,
            6391,
            6095
        ],
        "IntDen": [
            4259.209830139962,
            4132.101122983434,
            4176.9630196269145,
            6209.634193735089,
            4521.4382974250675,
            4052.5246634610694,
            3413.2426362914725,
            3255.157857643018
        ],
        "FlagUp": 0,
        "Times": [],
        "width": 0,
        "height": 0,
        "area": [
            0.5340701981366723,
            0.5340701981366723,
            0.5340701981366723,
            0.5340701981366723,
            0.5340701981366723,
            0.5340701981366723,
            0.5340701981366723,
            0.5340701981366723
        ],
        "distance": 7.366435442746684,
        "xpert": [
            [
                174.0,
                90.8
            ],
            [
                170.2,
                87.8
            ],
            [
                167.8,
                84.0
            ],
            [
                168.0,
                78.0
            ],
            [
                174.0,
                77.6
            ],
            [
                178.6,
                79.4
            ],
            [
                179.8,
                84.0
            ],
            [
                178.4,
                88.4
            ]
        ],
        "stack": 0,
        "shift": [
            [
                0.0,
                0.0
            ],
            [
                0.0,
                0.0
            ],
            [
                0.0,
                0.0
            ],
            [
                0.0,
                0.0
            ],
            [
                0.0,
                0.0
            ],
            [
                0.0,
                0.0
            ],
            [
                0.0,
                0.0
            ],
            [
                0.0,
                0.0
            ],
            [
                0.0,
                0.0
            ]
        ],
        "channel": 0
    },
    {
        "type": "Spine",
        "location": [
            181,
            74
        ],
        "radloc": [
            0,
            0
        ],
        "mean": [
            33.379629629629626,
            34.657407407407405,
            26.99074074074074,
            36.06481481481482,
            31.444444444444443,
            22.055555555555557,
            22.63888888888889,
            28.37037037037037
        ],
        "min": [
            6,
            5,
            5,
            5,
            10,
            7,
            7,
            9
        ],
        "max": [
            85,
            92,
            63,
            86,
            67,
            43,
            55,
            58
        ],
        "RawIntDen": [
            3605,
            3743,
            2915,
            3895,
            3396,
            2382,
            2445,
            3064
        ],
        "IntDen": [
            1690.5275686384714,
            1755.2412453297638,
            1366.9591851820096,
            1826.5200776274194,
            1592.5191742291954,
            1117.014332454047,
            1146.5575326826804,
            1436.8311984211587
        ],
        "FlagUp": 0,
        "Times": [],
        "width": 0,
        "height": 0,
        "area": [
            0.46893968616878545,
            0.46893968616878545,
            0.46893968616878545,
            0.46893968616878545,
            0.46893968616878545,
            0.46893968616878545,
            0.46893968616878545,
            0.46893968616878545
        ],
        "distance": 6.905205442746685,
        "xpert": [
            [
                181.0,
                81.2
            ],
            [
                176.0,
                79.0
            ],
            [
                175.2,
                74.0
            ],
            [
                177.0,
                70.0
            ],
            [
                181.0,
                68.6
            ],
            [
                186.2,
                68.8
            ],
            [
                186.2,
                74.0
            ],
            [
                184.6,
                77.6
            ]
        ],
        "stack": 0,
        "shift": [
            [
                0.0,
                0.0
            ],
            [
                0.0,
                0.0
            ],
            [
                0.0,
                0.0
            ],
            [
                0.0,
                0.0
            ],
            [
                0.0,
                0.0
            ],
            [
                0.0,
                0.0
            ],
            [
                0.0,
                0.0
            ],
            [
                0.0,
                0.0
            ],
            [
                0.0,
                0.0
            ]
        ],
        "channel": 0
    },
    {
        "type": "Spine",
        "location": [
            159,
            88
        ],
        "radloc": [
            0,
            0
        ],
        "mean": [
            55.26086956521739,
            46.18478260869565,
            47.75,
            59.27173913043478,
            51.91304347826087,
            47.96739130434783,
            43.25,
            49.27173913043478
        ],
        "min": [
            15,
            10,
            15,
            16,
            15,
            13,
            13,
            14
        ],
        "max": [
            131,
            97,
            101,
            131,
            103,
            120,
            106,
            118
        ],
        "RawIntDen": [
            5084,
            4249,
            4393,
            5453,
            4776,
            4413,
            3979,
            4533
        ],
        "IntDen": [
            2030.8909401143858,
            1697.3358781561813,
            1754.859146326219,
            2178.2943148001073,
            1907.8550609729164,
            1762.848489127613,
            1589.4797503373607,
            1810.7845459359778
        ],
        "FlagUp": 0,
        "Times": [],
        "width": 0,
        "height": 0,
        "area": [
            0.39946714006970613,
            0.39946714006970613,
            0.39946714006970613,
            0.39946714006970613,
            0.39946714006970613,
            0.39946714006970613,
            0.39946714006970613,
            0.39946714006970613
        ],
        "distance": 8.40937050599621,
        "xpert": [
            [
                159.0,
                93.6
            ],
            [
                154.4,
                92.6
            ],
            [
                153.8,
                88.0
            ],
            [
                155.4,
                84.4
            ],
            [
                159.0,
                82.8
            ],
            [
                162.8,
                84.2
            ],
            [
                164.2,
                88.0
            ],
            [
                164.0,
                93.0
            ]
        ],
        "stack": 0,
        "shift": [
            [
                0.0,
                0.0
            ],
            [
                0.0,
                0.0
            ],
            [
                0.0,
                0.0
            ],
            [
                0.0,
                0.0
            ],
            [
                0.0,
                0.0
            ],
            [
                0.0,
                0.0
            ],
            [
                0.0,
                0.0
            ],
            [
                0.0,
                0.0
            ],
            [
                0.0,
                0.0
            ]
        ],
        "channel": 0
    },
    {
        "type": "Spine",
        "location": [
            144,
            76
        ],
        "radloc": [
            0,
            0
        ],
        "mean": [
            20.203703703703702,
            20.97222222222222,
            13.50925925925926,
            10.592592592592593,
            19.824074074074073,
            23.85185185185185,
            43.7037037037037,
            30.916666666666668
        ],
        "min": [
            6,
            5,
            3,
            4,
            3,
            6,
            9,
            9
        ],
        "max": [
            104,
            93,
            63,
            47,
            80,
            69,
            95,
            74
        ],
        "RawIntDen": [
            2182,
            2265,
            1459,
            1144,
            2141,
            2576,
            4720,
            3339
        ],
        "IntDen": [
            1023.2263952202899,
            1062.148389172299,
            684.1830021202579,
            536.4670009770905,
            1003.9998680873696,
            1207.9886315707913,
            2213.395318716667,
            1565.7896121175745
        ],
        "FlagUp": 0,
        "Times": [],
        "width": 0,
        "height": 0,
        "area": [
            0.46893968616878545,
            0.46893968616878545,
            0.46893968616878545,
            0.46893968616878545,
            0.46893968616878545,
            0.46893968616878545,
            0.46893968616878545,
            0.46893968616878545
        ],
        "distance": 9.425013037620975,
        "xpert": [
            [
                144.0,
                83.0
            ],
            [
                138.0,
                82.0
            ],
            [
                137.8,
                76.0
            ],
            [
                140.2,
                72.2
            ],
            [
                144.0,
                70.6
            ],
            [
                147.8,
                72.2
            ],
            [
                149.0,
                76.0
            ],
            [
                148.4,
                80.4
            ]
        ],
        "stack": 0,
        "shift": [
            [
                0.0,
                0.0
            ],
            [
                0.0,
                0.0
            ],
            [
                0.0,
                0.0
            ],
            [
                0.0,
                0.0
            ],
            [
                0.0,
                0.0
            ],
            [
                0.0,
                0.0
            ],
            [
                0.0,
                0.0
            ],
            [
                0.0,
                0.0
            ],
            [
                0.0,
                0.0
            ]
        ],
        "channel": 0
    },
    {
        "type": "Spine",
        "location": [
            132,
            85
        ],
        "radloc": [
            0,
            0
        ],
        "mean": [
            52.588235294117645,
            48.91596638655462,
            39.81512605042017,
            44.2436974789916,
            36.831932773109244,
            30.15126050420168,
            24.176470588235293,
            26.478991596638654
        ],
        "min": [
            15,
            15,
            17,
            8,
            12,
            12,
            7,
            5
        ],
        "max": [
            118,
            114,
            82,
            80,
            70,
            64,
            55,
            85
        ],
        "RawIntDen": [
            6258,
            5821,
            4738,
            5265,
            4383,
            3588,
            2877,
            3151
        ],
        "IntDen": [
            3233.5215015672857,
            3007.7227006428843,
            2448.134367917194,
            2720.4363543866666,
            2264.7051360449686,
            1853.9269970635062,
            1486.5518312574434,
            1628.1281961391046
        ],
        "FlagUp": 0,
        "Times": [],
        "width": 0,
        "height": 0,
        "area": [
            0.5167020616119025,
            0.5167020616119025,
            0.5167020616119025,
            0.5167020616119025,
            0.5167020616119025,
            0.5167020616119025,
            0.5167020616119025,
            0.5167020616119025
        ],
        "distance": 10.215693037620976,
        "xpert": [
            [
                132.0,
                89.8
            ],
            [
                127.2,
                89.8
            ],
            [
                125.2,
                85.0
            ],
            [
                125.4,
                78.4
            ],
            [
                132.0,
                79.6
            ],
            [
                137.8,
                79.2
            ],
            [
                138.8,
                85.0
            ],
            [
                136.8,
                89.8
            ]
        ],
        "stack": 0,
        "shift": [
            [
                0.0,
                0.0
            ],
            [
                0.0,
                0.0
            ],
            [
                0.0,
                0.0
            ],
            [
                0.0,
                0.0
            ],
            [
                0.0,
                0.0
            ],
            [
                0.0,
                0.0
            ],
            [
                0.0,
                0.0
            ],
            [
                0.0,
                0.0
            ],
            [
                0.0,
                0.0
            ]
        ],
        "channel": 0
    },
    {
        "type": "Spine",
        "location": [
            119,
            86
        ],
        "radloc": [
            0,
            0
        ],
        "mean": [
            39.18627450980392,
            48.166666666666664,
            36.549019607843135,
            40.0,
            42.931372549019606,
            48.15686274509804,
            45.009803921568626,
            47.61764705882353
        ],
        "min": [
            9,
            11,
            10,
            8,
            15,
            16,
            10,
            5
        ],
        "max": [
            91,
            136,
            85,
            95,
            97,
            97,
            102,
            145
        ],
        "RawIntDen": [
            3997,
            4913,
            3728,
            4080,
            4379,
            4912,
            4591,
            4857
        ],
        "IntDen": [
            1770.2212630823778,
            2175.9061960279514,
            1651.0845305907192,
            1806.9809240370532,
            1939.4042809701607,
            2175.46330854657,
            2033.2964270230666,
            2151.1044970705802
        ],
        "FlagUp": 0,
        "Times": [],
        "width": 0,
        "height": 0,
        "area": [
            0.4428874813816307,
            0.4428874813816307,
            0.4428874813816307,
            0.4428874813816307,
            0.4428874813816307,
            0.4428874813816307,
            0.4428874813816307,
            0.4428874813816307
        ],
        "distance": 11.072263037620978,
        "xpert": [
            [
                119.0,
                90.2
            ],
            [
                114.8,
                90.2
            ],
            [
                112.4,
                86.0
            ],
            [
                114.8,
                81.8
            ],
            [
                119.0,
                80.4
            ],
            [
                124.4,
                80.6
            ],
            [
                124.4,
                86.0
            ],
            [
                123.2,
                90.2
            ]
        ],
        "stack": 0,
        "shift": [
            [
                0.0,
                0.0
            ],
            [
                0.0,
                0.0
            ],
            [
                0.0,
                0.0
            ],
            [
                0.0,
                0.0
            ],
            [
                0.0,
                0.0
            ],
            [
                0.0,
                0.0
            ],
            [
                0.0,
                0.0
            ],
            [
                0.0,
                0.0
            ],
            [
                0.0,
                0.0
            ]
        ],
        "channel": 0
    },
    {
        "type": "Spine",
        "location": [
            227,
            56
        ],
        "radloc": [
            0,
            0
        ],
        "mean": [
            30.365384615384617,
            16.221153846153847,
            15.932692307692308,
            27.5,
            29.115384615384617,
            21.08653846153846,
            19.846153846153847,
            19.0
        ],
        "min": [
            7,
            5,
            5,
            6,
            7,
            6,
            5,
            3
        ],
        "max": [
            70,
            40,
            31,
            68,
            73,
            45,
            52,
            53
        ],
        "RawIntDen": [
            3158,
            1687,
            1657,
            2860,
            3028,
            2193,
            2064,
            1976
        ],
        "IntDen": [
            1426.0629537758014,
            761.8012042494544,
            748.2540577601338,
            1291.4946319818846,
            1367.3586523220793,
            990.2964083693262,
            932.0436784652483,
            892.3053820965748
        ],
        "FlagUp": 0,
        "Times": [],
        "width": 0,
        "height": 0,
        "area": [
            0.4515715496440156,
            0.4515715496440156,
            0.4515715496440156,
            0.4515715496440156,
            0.4515715496440156,
            0.4515715496440156,
            0.4515715496440156,
            0.4515715496440156
        ],
        "distance": 3.655925189748579,
        "xpert": [
            [
                227.0,
                64.2
            ],
            [
                222.2,
                60.8
            ],
            [
                221.8,
                56.0
            ],
            [
                223.8,
                52.8
            ],
            [
                227.0,
                51.0
            ],
            [
                230.4,
                52.6
            ],
            [
                232.6,
                56.0
            ],
            [
                232.4,
                61.4
            ]
        ],
        "stack": 0,
        "shift": [
            [
                0.0,
                0.0
            ],
            [
                0.0,
                0.0
            ],
            [
                0.0,
                0.0
            ],
            [
                0.0,
                0.0
            ],
            [
                0.0,
                0.0
            ],
            [
                0.0,
                0.0
            ],
            [
                0.0,
                0.0
            ],
            [
                0.0,
                0.0
            ],
            [
                0.0,
                0.0
            ]
        ],
        "channel": 0
    },
    {
        "type": "Spine",
        "location": [
            225,
            71
        ],
        "radloc": [
            0,
            0
        ],
        "mean": [
            29.228395061728396,
            35.925925925925924,
            33.166666666666664,
            36.17283950617284,
            52.17901234567901,
            42.68518518518518,
            52.58024691358025,
            44.00617283950617
        ],
        "min": [
            5,
            6,
            6,
            5,
            8,
            6,
            9,
            7
        ],
        "max": [
            96,
            100,
            109,
            98,
            144,
            107,
            128,
            130
        ],
        "RawIntDen": [
            4735,
            5820,
            5373,
            5860,
            8453,
            6915,
            8518,
            7129
        ],
        "IntDen": [
            3330.6441210137987,
            4093.8434602534967,
            3779.4194006773264,
            4121.979841423624,
            5945.920750777115,
            4864.076894785727,
            5991.642370178572,
            5014.606534045907
        ],
        "FlagUp": 0,
        "Times": [],
        "width": 0,
        "height": 0,
        "area": [
            0.7034095292531781,
            0.7034095292531781,
            0.7034095292531781,
            0.7034095292531781,
            0.7034095292531781,
            0.7034095292531781,
            0.7034095292531781,
            0.7034095292531781
        ],
        "distance": 3.787705189748579,
        "xpert": [
            [
                225.0,
                80.2
            ],
            [
                218.0,
                78.0
            ],
            [
                217.4,
                71.0
            ],
            [
                219.6,
                65.6
            ],
            [
                225.0,
                64.8
            ],
            [
                230.0,
                66.0
            ],
            [
                230.8,
                71.0
            ],
            [
                229.6,
                75.6
            ]
        ],
        "stack": 0,
        "shift": [
            [
                0.0,
                0.0
            ],
            [
                0.0,
                0.0
            ],
            [
                0.0,
                0.0
            ],
            [
                0.0,
                0.0
            ],
            [
                0.0,
                0.0
            ],
            [
                0.0,
                0.0
            ],
            [
                0.0,
                0.0
            ],
            [
                0.0,
                0.0
            ],
            [
                0.0,
                0.0
            ]
        ],
        "channel": 0
    },
    {
        "type": "Spine",
        "location": [
            203,
            76
        ],
        "radloc": [
            0,
            0
        ],
        "mean": [
            49.48251748251748,
            48.10489510489511,
            42.13986013986014,
            36.04195804195804,
            44.21678321678322,
            46.48951048951049,
            43.95804195804196,
            57.72027972027972
        ],
        "min": [
            5,
            5,
            6,
            6,
            8,
            7,
            11,
            11
        ],
        "max": [
            149,
            128,
            115,
            98,
            126,
            107,
            99,
            135
        ],
        "RawIntDen": [
            7076,
            6879,
            6026,
            5154,
            6323,
            6648,
            6286,
            8254
        ],
        "IntDen": [
            4393.56539226145,
            4271.245948751627,
            3741.6089674629025,
            3200.1746794397277,
            3926.019499048777,
            4127.815535295947,
            3903.045796460638,
            5124.998409797344
        ],
        "FlagUp": 0,
        "Times": [],
        "width": 0,
        "height": 0,
        "area": [
            0.6209108807605215,
            0.6209108807605215,
            0.6209108807605215,
            0.6209108807605215,
            0.6209108807605215,
            0.6209108807605215,
            0.6209108807605215,
            0.6209108807605215
        ],
        "distance": 5.023528432795818,
        "xpert": [
            [
                203.0,
                84.0
            ],
            [
                196.4,
                82.6
            ],
            [
                197.8,
                76.0
            ],
            [
                199.4,
                72.4
            ],
            [
                203.0,
                71.0
            ],
            [
                209.4,
                69.6
            ],
            [
                209.8,
                76.0
            ],
            [
                209.0,
                82.0
            ]
        ],
        "stack": 0,
        "shift": [
            [
                0.0,
                0.0
            ],
            [
                0.0,
                0.0
            ],
            [
                0.0,
                0.0
            ],
            [
                0.0,
                0.0
            ],
            [
                0.0,
                0.0
            ],
            [
                0.0,
                0.0
            ],
            [
                0.0,
                0.0
            ],
            [
                0.0,
                0.0
            ],
            [
                0.0,
                0.0
            ]
        ],
        "channel": 0
    },
    {
        "type": "Spine",
        "location": [
            204,
            98
        ],
        "radloc": [
            0,
            0
        ],
        "mean": [
            65.62608695652175,
            58.80869565217391,
            54.8,
            55.678260869565214,
            53.68695652173913,
            58.73913043478261,
            56.40869565217391,
            60.017391304347825
        ],
        "min": [
            10,
            13,
            12,
            10,
            15,
            7,
            10,
            9
        ],
        "max": [
            136,
            120,
            115,
            112,
            103,
            129,
            121,
            150
        ],
        "RawIntDen": [
            7547,
            6763,
            6302,
            6403,
            6174,
            6755,
            6487,
            6902
        ],
        "IntDen": [
            3768.47313263259,
            3376.995335364278,
            3146.80239589911,
            3197.23512233291,
            3082.887653487957,
            3373.000663963581,
            3239.1791720402293,
            3446.4027509513894
        ],
        "FlagUp": 0,
        "Times": [],
        "width": 0,
        "height": 0,
        "area": [
            0.49933392508713265,
            0.49933392508713265,
            0.49933392508713265,
            0.49933392508713265,
            0.49933392508713265,
            0.49933392508713265,
            0.49933392508713265,
            0.49933392508713265
        ],
        "distance": 5.544125316247632,
        "xpert": [
            [
                204.0,
                104.4
            ],
            [
                198.8,
                103.2
            ],
            [
                196.6,
                98.0
            ],
            [
                199.2,
                93.2
            ],
            [
                204.0,
                92.6
            ],
            [
                208.8,
                93.2
            ],
            [
                209.8,
                98.0
            ],
            [
                207.4,
                101.4
            ]
        ],
        "stack": 0,
        "shift": [
            [
                0.0,
                0.0
            ],
            [
                0.0,
                0.0
            ],
            [
                0.0,
                0.0
            ],
            [
                0.0,
                0.0
            ],
            [
                0.0,
                0.0
            ],
            [
                0.0,
                0.0
            ],
            [
                0.0,
                0.0
            ],
            [
                0.0,
                0.0
            ],
            [
                0.0,
                0.0
            ]
        ],
        "channel": 0
    },
    {
        "type": "Spine",
        "location": [
            260,
            82
        ],
        "radloc": [
            0,
            0
        ],
        "mean": [
            40.28089887640449,
            43.651685393258425,
            45.258426966292134,
            46.2247191011236,
            63.50561797752809,
            62.38202247191011,
            55.92134831460674,
            56.17977528089887
        ],
        "min": [
            7,
            9,
            6,
            7,
            9,
            12,
            11,
            16
        ],
        "max": [
            147,
            119,
            132,
            125,
            115,
            143,
            119,
            112
        ],
        "RawIntDen": [
            3585,
            3885,
            4028,
            4114,
            5652,
            5552,
            4977,
            5000
        ],
        "IntDen": [
            1385.3911200689215,
            1501.32343137176,
            1556.5844997594465,
            1589.8184289995936,
            2184.1647449454795,
            2145.5206411778668,
            1923.3170445140927,
            1932.2051883806437
        ],
        "FlagUp": 0,
        "Times": [],
        "width": 0,
        "height": 0,
        "area": [
            0.38644103767612875,
            0.38644103767612875,
            0.38644103767612875,
            0.38644103767612875,
            0.38644103767612875,
            0.38644103767612875,
            0.38644103767612875,
            0.38644103767612875
        ],
        "distance": 1.6766177417290231,
        "xpert": [
            [
                260.0,
                87.0
            ],
            [
                256.0,
                86.0
            ],
            [
                254.0,
                82.0
            ],
            [
                256.4,
                78.4
            ],
            [
                260.0,
                77.4
            ],
            [
                264.0,
                78.0
            ],
            [
                266.6,
                82.0
            ],
            [
                265.0,
                87.0
            ]
        ],
        "stack": 0,
        "shift": [
            [
                0.0,
                0.0
            ],
            [
                0.0,
                0.0
            ],
            [
                0.0,
                0.0
            ],
            [
                0.0,
                0.0
            ],
            [
                0.0,
                0.0
            ],
            [
                0.0,
                0.0
            ],
            [
                0.0,
                0.0
            ],
            [
                0.0,
                0.0
            ],
            [
                0.0,
                0.0
            ]
        ],
        "channel": 0
    },
    {
        "type": "Spine",
        "location": [
            302,
            77
        ],
        "radloc": [
            0,
            0
        ],
        "mean": [
            76.07692307692308,
            77.56410256410257,
            71.3931623931624,
            63.64102564102564,
            84.83760683760684,
            114.8119658119658,
            74.14529914529915,
            70.25641025641026
        ],
        "min": [
            7,
            9,
            6,
            6,
            9,
            24,
            11,
            10
        ],
        "max": [
            245,
            232,
            231,
            233,
            233,
            220,
            167,
            183
        ],
        "RawIntDen": [
            8901,
            9075,
            8353,
            7446,
            9926,
            13433,
            8675,
            8220
        ],
        "IntDen": [
            4521.868158804055,
            4610.263289646872,
            4243.47429844852,
            3782.701978480508,
            5042.586601987311,
            6824.205704664069,
            4407.056092307065,
            4175.907905333034
        ],
        "FlagUp": 0,
        "Times": [],
        "width": 0,
        "height": 0,
        "area": [
            0.5080179933495176,
            0.5080179933495176,
            0.5080179933495176,
            0.5080179933495176,
            0.5080179933495176,
            0.5080179933495176,
            0.5080179933495176,
            0.5080179933495176
        ],
        "distance": 1.7451151897485795,
        "xpert": [
            [
                302.0,
                83.2
            ],
            [
                296.6,
                82.4
            ],
            [
                295.8,
                77.0
            ],
            [
                297.8,
                72.8
            ],
            [
                302.0,
                72.0
            ],
            [
                306.4,
                72.6
            ],
            [
                307.6,
                77.0
            ],
            [
                308.2,
                83.2
            ]
        ],
        "stack": 0,
        "shift": [
            [
                0.0,
                0.0
            ],
            [
                0.0,
                0.0
            ],
            [
                0.0,
                0.0
            ],
            [
                0.0,
                0.0
            ],
            [
                0.0,
                0.0
            ],
            [
                0.0,
                0.0
            ],
            [
                0.0,
                0.0
            ],
            [
                0.0,
                0.0
            ],
            [
                0.0,
                0.0
            ]
        ],
        "channel": 0
    },
    {
        "type": "Spine",
        "location": [
            334,
            76
        ],
        "radloc": [
            0,
            0
        ],
        "mean": [
            121.81884057971014,
            130.97826086956522,
            123.78260869565217,
            133.0,
            135.7173913043478,
            107.84782608695652,
            82.55072463768116,
            91.23188405797102
        ],
        "min": [
            50,
            23,
            18,
            19,
            42,
            15,
            17,
            14
        ],
        "max": [
            220,
            248,
            227,
            246,
            246,
            217,
            163,
            200
        ],
        "RawIntDen": [
            16811,
            18075,
            17082,
            18354,
            18729,
            14883,
            11392,
            12590
        ],
        "IntDen": [
            10073.163137567744,
            10830.552835139906,
            10235.54653000608,
            10997.72983325908,
            11222.430099548288,
            8917.904168486155,
            6826.094489511138,
            7543.9369402164
        ],
        "FlagUp": 0,
        "Times": [],
        "width": 0,
        "height": 0,
        "area": [
            0.5992007101045592,
            0.5992007101045592,
            0.5992007101045592,
            0.5992007101045592,
            0.5992007101045592,
            0.5992007101045592,
            0.5992007101045592,
            0.5992007101045592
        ],
        "distance": 3.7218151897485785,
        "xpert": [
            [
                334.0,
                82.8
            ],
            [
                327.2,
                82.8
            ],
            [
                327.0,
                76.0
            ],
            [
                329.6,
                71.6
            ],
            [
                334.0,
                70.8
            ],
            [
                338.4,
                71.6
            ],
            [
                340.8,
                76.0
            ],
            [
                340.8,
                82.8
            ]
        ],
        "stack": 0,
        "shift": [
            [
                0.0,
                0.0
            ],
            [
                0.0,
                0.0
            ],
            [
                0.0,
                0.0
            ],
            [
                0.0,
                0.0
            ],
            [
                0.0,
                0.0
            ],
            [
                0.0,
                0.0
            ],
            [
                0.0,
                0.0
            ],
            [
                0.0,
                0.0
            ],
            [
                0.0,
                0.0
            ]
        ],
        "channel": 0
    },
    {
        "type": "Spine",
        "location": [
            419,
            64
        ],
        "radloc": [
            0,
            0
        ],
        "mean": [
            71.78301886792453,
            62.24528301886792,
            64.90566037735849,
            60.39622641509434,
            61.783018867924525,
            52.83018867924528,
            48.89622641509434,
            41.716981132075475
        ],
        "min": [
            19,
            12,
            10,
            15,
            11,
            11,
            8,
            8
        ],
        "max": [
            135,
            187,
            144,
            165,
            121,
            119,
            117,
            128
        ],
        "RawIntDen": [
            7609,
            6598,
            6880,
            6402,
            6549,
            5600,
            5183,
            4422
        ],
        "IntDen": [
            3502.0849966498017,
            3036.7665669464304,
            3166.5586511960355,
            2946.556465836776,
            3014.214041669017,
            2577.4314602758427,
            2385.504867608874,
            2035.250342382103
        ],
        "FlagUp": 0,
        "Times": [],
        "width": 0,
        "height": 0,
        "area": [
            0.4602556179064005,
            0.4602556179064005,
            0.4602556179064005,
            0.4602556179064005,
            0.4602556179064005,
            0.4602556179064005,
            0.4602556179064005,
            0.4602556179064005
        ],
        "distance": 9.731853164120027,
        "xpert": [
            [
                419.0,
                69.2
            ],
            [
                413.8,
                69.2
            ],
            [
                412.2,
                64.0
            ],
            [
                414.6,
                59.6
            ],
            [
                419.0,
                59.2
            ],
            [
                422.6,
                60.4
            ],
            [
                424.2,
                64.0
            ],
            [
                424.2,
                69.2
            ]
        ],
        "stack": 0,
        "shift": [
            [
                0.0,
                0.0
            ],
            [
                0.0,
                0.0
            ],
            [
                0.0,
                0.0
            ],
            [
                0.0,
                0.0
            ],
            [
                0.0,
                0.0
            ],
            [
                0.0,
                0.0
            ],
            [
                0.0,
                0.0
            ],
            [
                0.0,
                0.0
            ],
            [
                0.0,
                0.0
            ]
        ],
        "channel": 0
    },
    {
        "type": "Spine",
        "location": [
            433,
            67
        ],
        "radloc": [
            0,
            0
        ],
        "mean": [
            55.08988764044944,
            55.561797752808985,
            57.37078651685393,
            55.51685393258427,
            63.60674157303371,
            55.87640449438202,
            64.71910112359551,
            54.06741573033708
        ],
        "min": [
            10,
            15,
            22,
            20,
            19,
            14,
            9,
            10
        ],
        "max": [
            138,
            127,
            136,
            99,
            124,
            128,
            159,
            133
        ],
        "RawIntDen": [
            4903,
            4945,
            5106,
            4941,
            5661,
            4973,
            5760,
            4812
        ],
        "IntDen": [
            1894.7204077260592,
            1910.9509313084566,
            1973.1679383743133,
            1909.4051671577522,
            2187.6427142845646,
            1921.7712803633883,
            2225.9003770145014,
            1859.5542732975316
        ],
        "FlagUp": 0,
        "Times": [],
        "width": 0,
        "height": 0,
        "area": [
            0.38644103767612875,
            0.38644103767612875,
            0.38644103767612875,
            0.38644103767612875,
            0.38644103767612875,
            0.38644103767612875,
            0.38644103767612875,
            0.38644103767612875
        ],
        "distance": 10.65431316412003,
        "xpert": [
            [
                433.0,
                72.4
            ],
            [
                428.4,
                71.6
            ],
            [
                425.6,
                67.0
            ],
            [
                429.0,
                63.0
            ],
            [
                433.0,
                62.2
            ],
            [
                436.0,
                64.0
            ],
            [
                438.0,
                67.0
            ],
            [
                437.2,
                71.2
            ]
        ],
        "stack": 0,
        "shift": [
            [
                0.0,
                0.0
            ],
            [
                0.0,
                0.0
            ],
            [
                0.0,
                0.0
            ],
            [
                0.0,
                0.0
            ],
            [
                0.0,
                0.0
            ],
            [
                0.0,
                0.0
            ],
            [
                0.0,
                0.0
            ],
            [
                0.0,
                0.0
            ],
            [
                0.0,
                0.0
            ]
        ],
        "channel": 0
    },
    {
        "type": "Spine",
        "location": [
            428,
            103
        ],
        "radloc": [
            0,
            0
        ],
        "mean": [
            52.863945578231295,
            43.795918367346935,
            62.374149659863946,
            65.05442176870748,
            77.20408163265306,
            61.45578231292517,
            74.83673469387755,
            71.33333333333333
        ],
        "min": [
            14,
            8,
            9,
            18,
            19,
            12,
            18,
            11
        ],
        "max": [
            108,
            91,
            143,
            124,
            149,
            117,
            162,
            155
        ],
        "RawIntDen": [
            7771,
            6438,
            9169,
            9563,
            11349,
            9034,
            11001,
            10486
        ],
        "IntDen": [
            4960.066243323999,
            4109.240313282706,
            5852.380309488836,
            6103.86224229924,
            7243.828567170771,
            5766.212642155321,
            7021.70746915549,
            6692.993775253564
        ],
        "FlagUp": 0,
        "Times": [],
        "width": 0,
        "height": 0,
        "area": [
            0.6382790172852912,
            0.6382790172852912,
            0.6382790172852912,
            0.6382790172852912,
            0.6382790172852912,
            0.6382790172852912,
            0.6382790172852912,
            0.6382790172852912
        ],
        "distance": 11.938198353868609,
        "xpert": [
            [
                428.0,
                110.0
            ],
            [
                422.8,
                108.2
            ],
            [
                422.6,
                103.0
            ],
            [
                423.4,
                98.4
            ],
            [
                428.0,
                93.4
            ],
            [
                436.6,
                94.4
            ],
            [
                433.2,
                103.0
            ],
            [
                432.6,
                107.6
            ]
        ],
        "stack": 0,
        "shift": [
            [
                0.0,
                0.0
            ],
            [
                0.0,
                0.0
            ],
            [
                0.0,
                0.0
            ],
            [
                0.0,
                0.0
            ],
            [
                0.0,
                0.0
            ],
            [
                0.0,
                0.0
            ],
            [
                0.0,
                0.0
            ],
            [
                0.0,
                0.0
            ],
            [
                0.0,
                0.0
            ]
        ],
        "channel": 0
    }
]