[
    {
        "type": "Stim",
        "location": [
            206,
            148
        ],
        "radloc": [
            0,
            0
        ],
        "mean": [
            47.22935779816514,
            56.6605504587156,
            47.41284403669725,
            37.669724770642205,
            35.11926605504587,
            37.48623853211009,
            37.37614678899082,
            36.26605504587156
        ],
        "min": [
            12,
            10,
            13,
            11,
            7,
            8,
            8,
            8
        ],
        "max": [
            105,
            128,
            103,
            77,
            89,
            89,
            78,
            71
        ],
        "RawIntDen": [
            5148,
            6176,
            5168,
            4106,
            3828,
            4086,
            4074,
            3953
        ],
        "IntDen": [
            2436.454296104284,
            2922.9879045726607,
            2445.9199305102834,
            1943.2947435517074,
            1811.7224253083136,
            1933.8291091457077,
            1928.149728502108,
            1870.8826403458108
        ],
        "FlagUp": 0,
        "Times": [
            -15,
            -10,
            -5,
            2,
            10,
            20,
            30,
            40
        ],
        "width": 0,
        "height": 0,
        "area": [
            0.47328172029997745,
            0.47328172029997745,
            0.47328172029997745,
            0.47328172029997745,
            0.47328172029997745,
            0.47328172029997745,
            0.47328172029997745,
            0.47328172029997745
        ],
        "distance": 0,
        "xpert": [
            [
                206.0,
                154.2
            ],
            [
                202.8,
                151.2
            ],
            [
                201.0,
                148.0
            ],
            [
                201.4,
                143.4
            ],
            [
                206.0,
                141.2
            ],
            [
                210.6,
                143.4
            ],
            [
                211.6,
                148.0
            ],
            [
                212.2,
                154.2
            ]
        ],
        "stack": 0,
        "shift": [
            [
                0,
                0
            ],
            [
                0,
                0
            ],
            [
                0,
                0
            ],
            [
                0,
                0
            ],
            [
                0,
                0
            ],
            [
                0,
                0
            ],
            [
                0,
                -2
            ],
            [
                0,
                0
            ]
        ],
        "channel": 0
    },
    {
        "type": "Stim",
        "location": [
            119,
            164
        ],
        "radloc": [
            0,
            0
        ],
        "mean": [
            50.15652173913043,
            58.92173913043478,
            60.06956521739131,
            112.43478260869566,
            55.92173913043478,
            60.721739130434784,
            62.81739130434783,
            52.21739130434783
        ],
        "min": [
            11,
            11,
            9,
            16,
            9,
            6,
            10,
            8
        ],
        "max": [
            121,
            148,
            150,
            220,
            147,
            145,
            159,
            158
        ],
        "RawIntDen": [
            5768,
            6776,
            6908,
            12930,
            6431,
            6983,
            7224,
            6005
        ],
        "IntDen": [
            2880.1580799025783,
            3383.4866763904074,
            3449.398754501909,
            6456.387651376619,
            3211.216472235347,
            3486.8487988834436,
            3607.1882748294424,
            2998.5002201482284
        ],
        "FlagUp": 0,
        "Times": [
            -15,
            -10,
            -5,
            2,
            10,
            20,
            30,
            40
        ],
        "width": 0,
        "height": 0,
        "area": [
            0.49933392508713215,
            0.49933392508713215,
            0.49933392508713215,
            0.49933392508713215,
            0.49933392508713215,
            0.49933392508713215,
            0.49933392508713215,
            0.49933392508713215
        ],
        "distance": 0,
        "xpert": [
            [
                119.0,
                169.8
            ],
            [
                115.0,
                168.0
            ],
            [
                113.6,
                164.0
            ],
            [
                115.0,
                160.0
            ],
            [
                119.0,
                158.8
            ],
            [
                124.4,
                158.6
            ],
            [
                126.4,
                164.0
            ],
            [
                124.6,
                169.6
            ]
        ],
        "stack": 0,
        "shift": [
            [
                0,
                0
            ],
            [
                0,
                0
            ],
            [
                0,
                0
            ],
            [
                0,
                0
            ],
            [
                0,
                0
            ],
            [
                0,
                0
            ],
            [
                0,
                0
            ],
            [
                0,
                0
            ]
        ],
        "channel": 0
    },
    {
        "type": "Stim",
        "location": [
            144,
            184
        ],
        "radloc": [
            0,
            0
        ],
        "mean": [
            62.611111111111114,
            76.32539682539682,
            74.77777777777777,
            73.7936507936508,
            82.9920634920635,
            74.71428571428571,
            86.27777777777777,
            72.85714285714286
        ],
        "min": [
            12,
            19,
            23,
            18,
            16,
            13,
            20,
            24
        ],
        "max": [
            141,
            159,
            179,
            172,
            195,
            165,
            167,
            166
        ],
        "RawIntDen": [
            7889,
            9617,
            9422,
            9298,
            10457,
            9414,
            10871,
            9180
        ],
        "IntDen": [
            4316.042714883135,
            5261.425122199405,
            5154.741343596007,
            5086.901402330256,
            5720.986014644815,
            5150.364573191765,
            5947.483883064338,
            5022.344038867687
        ],
        "FlagUp": 0,
        "Times": [
            -15,
            -10,
            -5,
            2,
            10,
            20,
            30,
            40
        ],
        "width": 0,
        "height": 0,
        "area": [
            0.5470963005302492,
            0.5470963005302492,
            0.5470963005302492,
            0.5470963005302492,
            0.5470963005302492,
            0.5470963005302492,
            0.5470963005302492,
            0.5470963005302492
        ],
        "distance": 0,
        "xpert": [
            [
                144.0,
                193.6
            ],
            [
                139.0,
                189.0
            ],
            [
                136.8,
                184.0
            ],
            [
                139.2,
                179.2
            ],
            [
                144.0,
                179.6
            ],
            [
                147.4,
                180.6
            ],
            [
                149.2,
                184.0
            ],
            [
                149.4,
                189.4
            ]
        ],
        "stack": 0,
        "shift": [
            [
                0,
                0
            ],
            [
                0,
                0
            ],
            [
                0,
                0
            ],
            [
                0,
                0
            ],
            [
                0,
                0
            ],
            [
                0,
                0
            ],
            [
                0,
                0
            ],
            [
                0,
                0
            ]
        ],
        "channel": 0
    },
    {
        "type": "Stim",
        "location": [
            83,
            238
        ],
        "radloc": [
            0,
            0
        ],
        "mean": [
            83.19565217391305,
            65.76086956521739,
            89.3586956521739,
            75.15217391304348,
            73.46739130434783,
            61.17391304347826,
            63.43478260869565,
            66.75
        ],
        "min": [
            29,
            10,
            25,
            17,
            18,
            9,
            12,
            13
        ],
        "max": [
            195,
            177,
            190,
            168,
            197,
            134,
            148,
            165
        ],
        "RawIntDen": [
            7654,
            6050,
            8221,
            6914,
            6759,
            5628,
            5836,
            6141
        ],
        "IntDen": [
            3057.5214900935275,
            2416.7761974217196,
            3284.0193585130505,
            2761.9158064419453,
            2699.998399731141,
            2248.201064312304,
            2331.2902294468026,
            2453.127707168063
        ],
        "FlagUp": 0,
        "Times": [
            -15,
            -10,
            -5,
            2,
            10,
            20,
            30,
            40
        ],
        "width": 0,
        "height": 0,
        "area": [
            0.39946714006970574,
            0.39946714006970574,
            0.39946714006970574,
            0.39946714006970574,
            0.39946714006970574,
            0.39946714006970574,
            0.39946714006970574,
            0.39946714006970574
        ],
        "distance": 0,
        "xpert": [
            [
                83.0,
                243.4
            ],
            [
                79.0,
                242.0
            ],
            [
                77.0,
                238.0
            ],
            [
                79.4,
                234.4
            ],
            [
                83.0,
                232.8
            ],
            [
                87.6,
                233.4
            ],
            [
                88.6,
                238.0
            ],
            [
                87.6,
                242.6
            ]
        ],
        "stack": 0,
        "shift": [
            [
                0,
                0
            ],
            [
                0,
                0
            ],
            [
                0,
                0
            ],
            [
                -1,
                0
            ],
            [
                0,
                0
            ],
            [
                1,
                0
            ],
            [
                1,
                0
            ],
            [
                1,
                0
            ]
        ],
        "channel": 0
    },
    {
        "type": "Stim",
        "location": [
            32,
            202
        ],
        "radloc": [
            0,
            0
        ],
        "mean": [
            79.70588235294117,
            58.72549019607843,
            110.06535947712419,
            101.3529411764706,
            75.3529411764706,
            94.69281045751634,
            114.16993464052288,
            63.07843137254902
        ],
        "min": [
            11,
            8,
            14,
            16,
            8,
            18,
            19,
            8
        ],
        "max": [
            191,
            144,
            229,
            230,
            225,
            221,
            232,
            144
        ],
        "RawIntDen": [
            12195,
            8985,
            16840,
            15507,
            11529,
            14488,
            17468,
            9651
        ],
        "IntDen": [
            8101.519253173471,
            5969.016030320921,
            11187.33777969998,
            10301.78426067741,
            7659.074659273223,
            9624.830745385589,
            11604.537787161476,
            6411.46062422117
        ],
        "FlagUp": 0,
        "Times": [
            -15,
            -10,
            -5,
            2,
            10,
            20,
            30,
            40
        ],
        "width": 0,
        "height": 0,
        "area": [
            0.6643312220724453,
            0.6643312220724453,
            0.6643312220724453,
            0.6643312220724453,
            0.6643312220724453,
            0.6643312220724453,
            0.6643312220724453,
            0.6643312220724453
        ],
        "distance": 0,
        "xpert": [
            [
                32.0,
                212.4
            ],
            [
                27.0,
                207.0
            ],
            [
                26.2,
                202.0
            ],
            [
                26.8,
                196.8
            ],
            [
                32.0,
                195.6
            ],
            [
                36.0,
                198.0
            ],
            [
                38.6,
                202.0
            ],
            [
                38.4,
                208.4
            ]
        ],
        "stack": 0,
        "shift": [
            [
                0,
                0
            ],
            [
                -1,
                0
            ],
            [
                -1,
                0
            ],
            [
                -2,
                0
            ],
            [
                -3,
                0
            ],
            [
                -2,
                0
            ],
            [
                -2,
                0
            ],
            [
                -2,
                0
            ]
        ],
        "channel": 0
    },
    {
        "type": "Stim",
        "location": [
            206,
            207
        ],
        "radloc": [
            0,
            0
        ],
        "mean": [
            52.44,
            46.45,
            66.31,
            74.57,
            64.62,
            59.83,
            42.88,
            52.86
        ],
        "min": [
            11,
            12,
            17,
            18,
            11,
            9,
            9,
            7
        ],
        "max": [
            122,
            129,
            152,
            164,
            144,
            139,
            109,
            136
        ],
        "RawIntDen": [
            5244,
            4645,
            6631,
            7457,
            6462,
            5983,
            4288,
            5286
        ],
        "IntDen": [
            2276.9626983973226,
            2016.8748539388946,
            2879.2028323937157,
            3237.8548516302126,
            2805.8224555765632,
            2597.839020692445,
            1861.864235455324,
            2295.1992417483307
        ],
        "FlagUp": 0,
        "Times": [
            -15,
            -10,
            -5,
            2,
            10,
            20,
            30,
            40
        ],
        "width": 0,
        "height": 0,
        "area": [
            0.4342034131192453,
            0.4342034131192453,
            0.4342034131192453,
            0.4342034131192453,
            0.4342034131192453,
            0.4342034131192453,
            0.4342034131192453,
            0.4342034131192453
        ],
        "distance": 0,
        "xpert": [
            [
                206.0,
                212.2
            ],
            [
                201.6,
                211.4
            ],
            [
                200.6,
                207.0
            ],
            [
                202.2,
                203.2
            ],
            [
                206.0,
                201.6
            ],
            [
                212.0,
                201.0
            ],
            [
                212.6,
                207.0
            ],
            [
                209.6,
                210.6
            ]
        ],
        "stack": 0,
        "shift": [
            [
                0,
                0
            ],
            [
                0,
                0
            ],
            [
                0,
                0
            ],
            [
                1,
                1
            ],
            [
                2,
                1
            ],
            [
                2,
                1
            ],
            [
                1,
                2
            ],
            [
                0,
                3
            ]
        ],
        "channel": 0
    },
    {
        "type": "Stim",
        "location": [
            266,
            208
        ],
        "radloc": [
            0,
            0
        ],
        "mean": [
            68.54285714285714,
            79.9,
            56.77857142857143,
            72.14285714285714,
            51.77857142857143,
            48.84285714285714,
            44.82857142857143,
            42.464285714285715
        ],
        "min": [
            13,
            18,
            7,
            15,
            8,
            10,
            9,
            13
        ],
        "max": [
            172,
            176,
            123,
            172,
            116,
            115,
            102,
            110
        ],
        "RawIntDen": [
            9596,
            11186,
            7949,
            10100,
            7249,
            6838,
            6276,
            5945
        ],
        "IntDen": [
            5833.26233320919,
            6799.79913081263,
            4832.076103238834,
            6139.636261506129,
            4406.556758381973,
            4156.71611447316,
            3815.084869030937,
            3613.875007391479
        ],
        "FlagUp": 0,
        "Times": [
            -15,
            -10,
            -5,
            2,
            10,
            20,
            30,
            40
        ],
        "width": 0,
        "height": 0,
        "area": [
            0.6078847783669434,
            0.6078847783669434,
            0.6078847783669434,
            0.6078847783669434,
            0.6078847783669434,
            0.6078847783669434,
            0.6078847783669434,
            0.6078847783669434
        ],
        "distance": 0,
        "xpert": [
            [
                266.0,
                213.8
            ],
            [
                261.8,
                212.2
            ],
            [
                259.8,
                208.0
            ],
            [
                257.6,
                199.6
            ],
            [
                266.0,
                202.0
            ],
            [
                271.6,
                202.4
            ],
            [
                273.4,
                208.0
            ],
            [
                271.4,
                213.4
            ]
        ],
        "stack": 0,
        "shift": [
            [
                0,
                0
            ],
            [
                0,
                0
            ],
            [
                1,
                0
            ],
            [
                1,
                0
            ],
            [
                2,
                0
            ],
            [
                2,
                0
            ],
            [
                1,
                0
            ],
            [
                -2,
                0
            ]
        ],
        "channel": 0
    },
    {
        "type": "Stim",
        "location": [
            314,
            171
        ],
        "radloc": [
            0,
            0
        ],
        "mean": [
            65.64556962025317,
            70.61392405063292,
            66.16455696202532,
            77.25316455696202,
            84.75316455696202,
            88.75316455696202,
            69.17721518987342,
            66.27848101265823
        ],
        "min": [
            13,
            10,
            13,
            13,
            12,
            11,
            13,
            12
        ],
        "max": [
            176,
            163,
            192,
            224,
            219,
            208,
            149,
            157
        ],
        "RawIntDen": [
            10372,
            11157,
            10454,
            12206,
            13391,
            14023,
            10930,
            10472
        ],
        "IntDen": [
            7115.621325379044,
            7654.163818670844,
            7171.876719582773,
            8373.821239642944,
            9186.780290026107,
            9620.35845023046,
            7498.432422521496,
            7184.225464651885
        ],
        "FlagUp": 0,
        "Times": [
            -15,
            -10,
            -5,
            2,
            10,
            20,
            30,
            40
        ],
        "width": 0,
        "height": 0,
        "area": [
            0.6860413927284077,
            0.6860413927284077,
            0.6860413927284077,
            0.6860413927284077,
            0.6860413927284077,
            0.6860413927284077,
            0.6860413927284077,
            0.6860413927284077
        ],
        "distance": 0,
        "xpert": [
            [
                314.0,
                176.4
            ],
            [
                308.8,
                176.2
            ],
            [
                305.8,
                171.0
            ],
            [
                308.4,
                165.4
            ],
            [
                314.0,
                164.4
            ],
            [
                319.6,
                165.4
            ],
            [
                322.2,
                171.0
            ],
            [
                319.8,
                176.8
            ]
        ],
        "stack": 0,
        "shift": [
            [
                0,
                0
            ],
            [
                0,
                0
            ],
            [
                1,
                0
            ],
            [
                1,
                0
            ],
            [
                1,
                0
            ],
            [
                1,
                0
            ],
            [
                0,
                0
            ],
            [
                -2,
                0
            ]
        ],
        "channel": 0
    },
    {
        "type": "Stim",
        "location": [
            377,
            200
        ],
        "radloc": [
            0,
            0
        ],
        "mean": [
            83.43,
            68.52,
            67.41,
            68.14,
            55.15,
            44.51,
            51.73,
            59.96
        ],
        "min": [
            15,
            11,
            17,
            15,
            11,
            10,
            11,
            9
        ],
        "max": [
            168,
            172,
            153,
            138,
            137,
            103,
            127,
            147
        ],
        "RawIntDen": [
            8343,
            6852,
            6741,
            6814,
            5515,
            4451,
            5173,
            5996
        ],
        "IntDen": [
            3622.559075653864,
            2975.161786693069,
            2926.9652078368326,
            2958.6620569945376,
            2394.631823352638,
            1932.639391793761,
            2246.1342560658563,
            2603.483665062995
        ],
        "FlagUp": 0,
        "Times": [
            -15,
            -10,
            -5,
            2,
            10,
            20,
            30,
            40
        ],
        "width": 0,
        "height": 0,
        "area": [
            0.4342034131192453,
            0.4342034131192453,
            0.4342034131192453,
            0.4342034131192453,
            0.4342034131192453,
            0.4342034131192453,
            0.4342034131192453,
            0.4342034131192453
        ],
        "distance": 0,
        "xpert": [
            [
                377.0,
                205.2
            ],
            [
                373.0,
                204.0
            ],
            [
                370.0,
                200.0
            ],
            [
                371.6,
                194.6
            ],
            [
                377.0,
                195.2
            ],
            [
                380.8,
                196.2
            ],
            [
                383.0,
                200.0
            ],
            [
                381.2,
                204.2
            ]
        ],
        "stack": 0,
        "shift": [
            [
                0,
                0
            ],
            [
                1,
                0
            ],
            [
                2,
                0
            ],
            [
                2,
                0
            ],
            [
                1,
                0
            ],
            [
                2,
                0
            ],
            [
                1,
                0
            ],
            [
                -1,
                0
            ]
        ],
        "channel": 0
    },
    {
        "type": "Stim",
        "location": [
            351,
            211
        ],
        "radloc": [
            0,
            0
        ],
        "mean": [
            62.75,
            83.8125,
            71.7578125,
            92.6171875,
            97.109375,
            113.25,
            109.0625,
            94.625
        ],
        "min": [
            9,
            19,
            13,
            11,
            21,
            15,
            17,
            11
        ],
        "max": [
            161,
            173,
            199,
            224,
            208,
            233,
            218,
            212
        ],
        "RawIntDen": [
            8032,
            10728,
            9185,
            11855,
            12430,
            14496,
            13960,
            12112
        ],
        "IntDen": [
            4464.027922142436,
            5962.411796407378,
            5104.842687360344,
            6588.776272036676,
            6908.349984092441,
            8056.592226018023,
            7758.6939483451715,
            6731.611826816384
        ],
        "FlagUp": 0,
        "Times": [
            -15,
            -10,
            -5,
            2,
            10,
            20,
            30,
            40
        ],
        "width": 0,
        "height": 0,
        "area": [
            0.555780368792634,
            0.555780368792634,
            0.555780368792634,
            0.555780368792634,
            0.555780368792634,
            0.555780368792634,
            0.555780368792634,
            0.555780368792634
        ],
        "distance": 0,
        "xpert": [
            [
                351.0,
                216.4
            ],
            [
                347.6,
                214.4
            ],
            [
                345.8,
                211.0
            ],
            [
                347.6,
                207.6
            ],
            [
                351.0,
                205.0
            ],
            [
                357.0,
                205.0
            ],
            [
                361.0,
                211.0
            ],
            [
                356.0,
                216.0
            ]
        ],
        "stack": 0,
        "shift": [
            [
                0,
                0
            ],
            [
                1,
                0
            ],
            [
                2,
                0
            ],
            [
                2,
                0
            ],
            [
                1,
                0
            ],
            [
                2,
                0
            ],
            [
                0,
                0
            ],
            [
                -2,
                0
            ]
        ],
        "channel": 0
    },
    {
        "type": "Stim",
        "location": [
            363,
            220
        ],
        "radloc": [
            0,
            0
        ],
        "mean": [
            96.67647058823529,
            90.20588235294117,
            104.07843137254902,
            120.53921568627452,
            114.3921568627451,
            113.76470588235294,
            86.61764705882354,
            67.55882352941177
        ],
        "min": [
            8,
            11,
            16,
            19,
            37,
            40,
            23,
            7
        ],
        "max": [
            203,
            209,
            209,
            232,
            231,
            212,
            193,
            162
        ],
        "RawIntDen": [
            9861,
            9201,
            10616,
            12295,
            11668,
            11604,
            8835,
            6891
        ],
        "IntDen": [
            4367.313453904256,
            4075.00771619238,
            4701.693502347387,
            5445.301583587144,
            5167.611132760861,
            5139.266333952437,
            3912.910898006703,
            3051.937634200814
        ],
        "FlagUp": 0,
        "Times": [
            -15,
            -10,
            -5,
            2,
            10,
            20,
            30,
            40
        ],
        "width": 0,
        "height": 0,
        "area": [
            0.44288748138163025,
            0.44288748138163025,
            0.44288748138163025,
            0.44288748138163025,
            0.44288748138163025,
            0.44288748138163025,
            0.44288748138163025,
            0.44288748138163025
        ],
        "distance": 0,
        "xpert": [
            [
                363.0,
                225.2
            ],
            [
                359.8,
                223.2
            ],
            [
                358.4,
                220.0
            ],
            [
                359.6,
                216.6
            ],
            [
                363.0,
                210.6
            ],
            [
                369.0,
                214.0
            ],
            [
                369.0,
                220.0
            ],
            [
                366.6,
                223.6
            ]
        ],
        "stack": 0,
        "shift": [
            [
                0,
                0
            ],
            [
                0,
                0
            ],
            [
                1,
                0
            ],
            [
                1,
                0
            ],
            [
                0,
                0
            ],
            [
                0,
                0
            ],
            [
                0,
                0
            ],
            [
                -2,
                0
            ]
        ],
        "channel": 0
    },
    {
        "type": "Stim",
        "location": [
            436,
            202
        ],
        "radloc": [
            0,
            0
        ],
        "mean": [
            45.43859649122807,
            48.70175438596491,
            55.432748538011694,
            52.25730994152047,
            69.93567251461988,
            52.1812865497076,
            50.72514619883041,
            35.56140350877193
        ],
        "min": [
            9,
            10,
            14,
            12,
            10,
            8,
            9,
            8
        ],
        "max": [
            125,
            127,
            135,
            124,
            170,
            124,
            131,
            110
        ],
        "RawIntDen": [
            7770,
            8328,
            9479,
            8936,
            11959,
            8923,
            8674,
            6081
        ],
        "IntDen": [
            5769.130489091477,
            6183.438701821598,
            7038.042201557028,
            6634.871306373416,
            8879.412035913125,
            6625.218964499775,
            6440.3394932277315,
            4515.0685333546035
        ],
        "FlagUp": 0,
        "Times": [
            -15,
            -10,
            -5,
            2,
            10,
            20,
            30,
            40
        ],
        "width": 0,
        "height": 0,
        "area": [
            0.7424878364339096,
            0.7424878364339096,
            0.7424878364339096,
            0.7424878364339096,
            0.7424878364339096,
            0.7424878364339096,
            0.7424878364339096,
            0.7424878364339096
        ],
        "distance": 0,
        "xpert": [
            [
                436.0,
                211.0
            ],
            [
                429.2,
                208.8
            ],
            [
                427.2,
                202.0
            ],
            [
                429.6,
                195.6
            ],
            [
                436.0,
                195.8
            ],
            [
                439.8,
                198.2
            ],
            [
                442.2,
                202.0
            ],
            [
                440.8,
                206.8
            ]
        ],
        "stack": 0,
        "shift": [
            [
                0,
                0
            ],
            [
                0,
                0
            ],
            [
                0,
                0
            ],
            [
                0,
                0
            ],
            [
                0,
                0
            ],
            [
                0,
                0
            ],
            [
                -1,
                0
            ],
            [
                -3,
                0
            ]
        ],
        "channel": 0
    },
    {
        "type": "Stim",
        "location": [
            393,
            234
        ],
        "radloc": [
            0,
            0
        ],
        "mean": [
            54.24475524475525,
            48.28671328671329,
            53.16083916083916,
            57.6993006993007,
            52.17482517482517,
            58.06993006993007,
            32.34965034965035,
            39.31468531468531
        ],
        "min": [
            6,
            8,
            9,
            15,
            10,
            9,
            6,
            6
        ],
        "max": [
            127,
            132,
            148,
            140,
            125,
            154,
            91,
            137
        ],
        "RawIntDen": [
            7757,
            6905,
            7602,
            8251,
            7461,
            8304,
            4626,
            5622
        ],
        "IntDen": [
            4816.40570205936,
            4287.3896316513965,
            4720.164515541479,
            5123.135677155057,
            4632.616081354246,
            5156.043953835365,
            2872.3337343981693,
            3490.7609716356483
        ],
        "FlagUp": 0,
        "Times": [
            -15,
            -10,
            -5,
            2,
            10,
            20,
            30,
            40
        ],
        "width": 0,
        "height": 0,
        "area": [
            0.6209108807605208,
            0.6209108807605208,
            0.6209108807605208,
            0.6209108807605208,
            0.6209108807605208,
            0.6209108807605208,
            0.6209108807605208,
            0.6209108807605208
        ],
        "distance": 0,
        "xpert": [
            [
                393.0,
                239.2
            ],
            [
                388.6,
                238.4
            ],
            [
                385.4,
                234.0
            ],
            [
                386.8,
                227.8
            ],
            [
                393.0,
                225.0
            ],
            [
                398.0,
                229.0
            ],
            [
                398.6,
                234.0
            ],
            [
                397.8,
                238.8
            ]
        ],
        "stack": 0,
        "shift": [
            [
                0,
                0
            ],
            [
                0,
                0
            ],
            [
                0,
                0
            ],
            [
                0,
                0
            ],
            [
                1,
                0
            ],
            [
                2,
                0
            ],
            [
                2,
                0
            ],
            [
                0,
                0
            ]
        ],
        "channel": 0
    },
    {
        "type": "Stim",
        "location": [
            463,
            222
        ],
        "radloc": [
            0,
            0
        ],
        "mean": [
            117.25490196078431,
            99.17647058823529,
            105.90849673202614,
            111.36601307189542,
            93.09150326797386,
            98.3529411764706,
            105.45098039215686,
            93.82352941176471
        ],
        "min": [
            19,
            21,
            26,
            23,
            22,
            17,
            23,
            15
        ],
        "max": [
            243,
            224,
            247,
            233,
            222,
            240,
            241,
            221
        ],
        "RawIntDen": [
            17940,
            15174,
            16204,
            17039,
            14243,
            15048,
            16134,
            14355
        ],
        "IntDen": [
            11918.10212397967,
            10080.561963727287,
            10764.823122461905,
            11319.539692892396,
            9462.069595977839,
            9996.856229746158,
            10718.319936916834,
            9536.474692849953
        ],
        "FlagUp": 0,
        "Times": [
            -15,
            -10,
            -5,
            2,
            10,
            20,
            30,
            40
        ],
        "width": 0,
        "height": 0,
        "area": [
            0.6643312220724453,
            0.6643312220724453,
            0.6643312220724453,
            0.6643312220724453,
            0.6643312220724453,
            0.6643312220724453,
            0.6643312220724453,
            0.6643312220724453
        ],
        "distance": 0,
        "xpert": [
            [
                463.0,
                228.8
            ],
            [
                457.0,
                228.0
            ],
            [
                456.0,
                222.0
            ],
            [
                458.6,
                217.6
            ],
            [
                463.0,
                214.6
            ],
            [
                468.2,
                216.8
            ],
            [
                471.0,
                222.0
            ],
            [
                468.6,
                227.6
            ]
        ],
        "stack": 0,
        "shift": [
            [
                0,
                0
            ],
            [
                1,
                0
            ],
            [
                1,
                0
            ],
            [
                2,
                0
            ],
            [
                2,
                0
            ],
            [
                1,
                0
            ],
            [
                1,
                0
            ],
            [
                -2,
                0
            ]
        ],
        "channel": 0
    },
    {
        "type": "Stim",
        "location": [
            454,
            243
        ],
        "radloc": [
            0,
            0
        ],
        "mean": [
            84.77868852459017,
            71.62295081967213,
            54.5655737704918,
            70.55737704918033,
            81.51639344262296,
            126.57377049180327,
            85.28688524590164,
            57.40983606557377
        ],
        "min": [
            8,
            8,
            7,
            13,
            13,
            22,
            9,
            8
        ],
        "max": [
            201,
            196,
            167,
            176,
            213,
            252,
            225,
            148
        ],
        "RawIntDen": [
            10343,
            8738,
            6657,
            8608,
            9945,
            15442,
            10405,
            7004
        ],
        "IntDen": [
            5478.9784003086725,
            4628.764697079879,
            3526.4003877844757,
            4559.900035759166,
            5268.146591034491,
            8180.062308572612,
            5511.821546477012,
            3710.216060694377
        ],
        "FlagUp": 0,
        "Times": [
            -15,
            -10,
            -5,
            2,
            10,
            20,
            30,
            40
        ],
        "width": 0,
        "height": 0,
        "area": [
            0.5297281640054793,
            0.5297281640054793,
            0.5297281640054793,
            0.5297281640054793,
            0.5297281640054793,
            0.5297281640054793,
            0.5297281640054793,
            0.5297281640054793
        ],
        "distance": 0,
        "xpert": [
            [
                454.0,
                251.0
            ],
            [
                449.0,
                248.0
            ],
            [
                447.2,
                243.0
            ],
            [
                449.4,
                238.4
            ],
            [
                454.0,
                238.2
            ],
            [
                458.8,
                238.2
            ],
            [
                460.2,
                243.0
            ],
            [
                458.8,
                247.8
            ]
        ],
        "stack": 0,
        "shift": [
            [
                0,
                0
            ],
            [
                0,
                0
            ],
            [
                1,
                0
            ],
            [
                1,
                0
            ],
            [
                1,
                0
            ],
            [
                3,
                0
            ],
            [
                3,
                0
            ],
            [
                1,
                0
            ]
        ],
        "channel": 0
    },
    {
        "type": "Spine",
        "location": [
            118,
            234
        ],
        "radloc": [
            0,
            0
        ],
        "mean": [
            109.40384615384616,
            128.73076923076923,
            101.34615384615384,
            152.85576923076923,
            114.91346153846153,
            116.53846153846153,
            122.0,
            101.8076923076923
        ],
        "min": [
            23,
            40,
            16,
            41,
            15,
            53,
            29,
            17
        ],
        "max": [
            213,
            255,
            199,
            255,
            228,
            207,
            221,
            223
        ],
        "RawIntDen": [
            11378,
            13388,
            10540,
            15897,
            11951,
            12120,
            12688,
            10588
        ],
        "IntDen": [
            5137.981091849604,
            6045.639906634075,
            4759.56413324792,
            7178.632924690909,
            5396.731589795625,
            5473.047181685463,
            5729.539821883264,
            4781.239567630832
        ],
        "FlagUp": 0,
        "Times": [
            -15,
            -10,
            -5,
            2,
            10,
            20,
            30,
            40
        ],
        "width": 0,
        "height": 0,
        "area": [
            0.45157154964401514,
            0.45157154964401514,
            0.45157154964401514,
            0.45157154964401514,
            0.45157154964401514,
            0.45157154964401514,
            0.45157154964401514,
            0.45157154964401514
        ],
        "distance": -1.7405411739136283,
        "xpert": [
            [
                118.0,
                238.8
            ],
            [
                115.0,
                237.0
            ],
            [
                112.8,
                234.0
            ],
            [
                113.6,
                229.6
            ],
            [
                118.0,
                225.0
            ],
            [
                122.2,
                229.8
            ],
            [
                124.0,
                234.0
            ],
            [
                123.6,
                239.6
            ]
        ],
        "stack": 0,
        "shift": [
            [
                0,
                0
            ],
            [
                0,
                0
            ],
            [
                0,
                0
            ],
            [
                0,
                0
            ],
            [
                0,
                0
            ],
            [
                0,
                0
            ],
            [
                0,
                0
            ],
            [
                0,
                0
            ]
        ],
        "channel": 0
    },
    {
        "type": "Spine",
        "location": [
            127,
            230
        ],
        "radloc": [
            0,
            0
        ],
        "mean": [
            104.84397163120568,
            96.822695035461,
            87.78014184397163,
            98.36879432624113,
            81.53191489361703,
            81.9290780141844,
            100.57446808510639,
            113.87234042553192
        ],
        "min": [
            16,
            15,
            15,
            24,
            15,
            13,
            31,
            24
        ],
        "max": [
            227,
            186,
            191,
            193,
            171,
            179,
            219,
            233
        ],
        "RawIntDen": [
            14783,
            13652,
            12377,
            13870,
            11496,
            11552,
            14181,
            16056
        ],
        "IntDen": [
            9050.548969159943,
            8358.120444224553,
            7577.5312582894285,
            8491.585889349146,
            7038.159436478571,
            7072.444137978467,
            8681.988428036066,
            9829.91370147007
        ],
        "FlagUp": 0,
        "Times": [
            -15,
            -10,
            -5,
            2,
            10,
            20,
            30,
            40
        ],
        "width": 0,
        "height": 0,
        "area": [
            0.6122268124981359,
            0.6122268124981359,
            0.6122268124981359,
            0.6122268124981359,
            0.6122268124981359,
            0.6122268124981359,
            0.6122268124981359,
            0.6122268124981359
        ],
        "distance": -2.2358524904468275,
        "xpert": [
            [
                127.0,
                238.0
            ],
            [
                122.8,
                234.2
            ],
            [
                121.0,
                230.0
            ],
            [
                120.6,
                223.6
            ],
            [
                127.0,
                223.0
            ],
            [
                131.8,
                225.2
            ],
            [
                132.4,
                230.0
            ],
            [
                132.8,
                235.8
            ]
        ],
        "stack": 0,
        "shift": [
            [
                0,
                0
            ],
            [
                0,
                0
            ],
            [
                -1,
                0
            ],
            [
                -2,
                0
            ],
            [
                -2,
                0
            ],
            [
                -2,
                0
            ],
            [
                -1,
                0
            ],
            [
                -2,
                0
            ]
        ],
        "channel": 0
    },
    {
        "type": "Spine",
        "location": [
            134,
            191
        ],
        "radloc": [
            0,
            0
        ],
        "mean": [
            133.41610738255034,
            136.9798657718121,
            125.40268456375838,
            133.56375838926175,
            127.65771812080537,
            127.91275167785236,
            142.8523489932886,
            128.8523489932886
        ],
        "min": [
            17,
            17,
            38,
            26,
            27,
            19,
            21,
            14
        ],
        "max": [
            255,
            255,
            246,
            253,
            246,
            255,
            255,
            255
        ],
        "RawIntDen": [
            19879,
            20410,
            18685,
            19901,
            19021,
            19059,
            21285,
            19199
        ],
        "IntDen": [
            12860.979177602243,
            13204.516576028058,
            12088.505253458317,
            12875.21236548429,
            12305.884850202337,
            12330.469447453148,
            13770.609275882274,
            12421.044279429823
        ],
        "FlagUp": 0,
        "Times": [
            -15,
            -10,
            -5,
            2,
            10,
            20,
            30,
            40
        ],
        "width": 0,
        "height": 0,
        "area": [
            0.6469630855476756,
            0.6469630855476756,
            0.6469630855476756,
            0.6469630855476756,
            0.6469630855476756,
            0.6469630855476756,
            0.6469630855476756,
            0.6469630855476756
        ],
        "distance": -0.0884062296229537,
        "xpert": [
            [
                134.0,
                199.8
            ],
            [
                126.6,
                198.4
            ],
            [
                128.4,
                191.0
            ],
            [
                129.4,
                186.4
            ],
            [
                134.0,
                185.0
            ],
            [
                139.0,
                186.0
            ],
            [
                139.8,
                191.0
            ],
            [
                140.0,
                197.0
            ]
        ],
        "stack": 0,
        "shift": [
            [
                0,
                0
            ],
            [
                0,
                0
            ],
            [
                0,
                0
            ],
            [
                0,
                0
            ],
            [
                0,
                0
            ],
            [
                0,
                0
            ],
            [
                1,
                0
            ],
            [
                1,
                0
            ]
        ],
        "channel": 0
    },
    {
        "type": "Spine",
        "location": [
            56,
            231
        ],
        "radloc": [
            0,
            0
        ],
        "mean": [
            121.36824324324324,
            129.97635135135135,
            117.77364864864865,
            99.41554054054055,
            191.83783783783784,
            117.10472972972973,
            100.625,
            106.62162162162163
        ],
        "min": [
            7,
            10,
            10,
            7,
            59,
            13,
            7,
            9
        ],
        "max": [
            255,
            255,
            255,
            255,
            255,
            249,
            230,
            253
        ],
        "RawIntDen": [
            35925,
            38473,
            34861,
            29427,
            56784,
            34663,
            29785,
            31560
        ],
        "IntDen": [
            46172.32254427431,
            49447.11942229271,
            44804.82494686003,
            37820.819360065696,
            72981.18756726716,
            44550.34701049911,
            38280.9360328799,
            40562.240765408416
        ],
        "FlagUp": 0,
        "Times": [
            -15,
            -10,
            -5,
            2,
            10,
            20,
            30,
            40
        ],
        "width": 0,
        "height": 0,
        "area": [
            1.2852421028329661,
            1.2852421028329661,
            1.2852421028329661,
            1.2852421028329661,
            1.2852421028329661,
            1.2852421028329661,
            1.2852421028329661,
            1.2852421028329661
        ],
        "distance": -1.663341418456043,
        "xpert": [
            [
                56.0,
                239.0
            ],
            [
                50.2,
                236.8
            ],
            [
                46.2,
                231.0
            ],
            [
                45.8,
                220.8
            ],
            [
                56.0,
                217.8
            ],
            [
                62.2,
                224.8
            ],
            [
                66.0,
                231.0
            ],
            [
                62.2,
                237.2
            ]
        ],
        "stack": 0,
        "shift": [
            [
                0,
                0
            ],
            [
                -1,
                0
            ],
            [
                -1,
                0
            ],
            [
                0,
                0
            ],
            [
                0,
                0
            ],
            [
                1,
                0
            ],
            [
                0,
                0
            ],
            [
                -1,
                0
            ]
        ],
        "channel": 0
    },
    {
        "type": "Spine",
        "location": [
            277,
            199
        ],
        "radloc": [
            0,
            0
        ],
        "mean": [
            119.61016949152543,
            119.99152542372882,
            97.01694915254237,
            88.69491525423729,
            75.38983050847457,
            61.59322033898305,
            67.59322033898304,
            76.34745762711864
        ],
        "min": [
            24,
            18,
            13,
            10,
            11,
            7,
            9,
            12
        ],
        "max": [
            229,
            248,
            234,
            214,
            190,
            185,
            184,
            167
        ],
        "RawIntDen": [
            14114,
            14159,
            11448,
            10466,
            8896,
            7268,
            7976,
            9009
        ],
        "IntDen": [
            7231.4494278627335,
            7254.505629099366,
            5865.497594599163,
            5362.360047613106,
            4557.954804468392,
            3723.832679729797,
            4086.583579186139,
            4615.851487573712
        ],
        "FlagUp": 0,
        "Times": [
            -15,
            -10,
            -5,
            2,
            10,
            20,
            30,
            40
        ],
        "width": 0,
        "height": 0,
        "area": [
            0.5123600274807095,
            0.5123600274807095,
            0.5123600274807095,
            0.5123600274807095,
            0.5123600274807095,
            0.5123600274807095,
            0.5123600274807095,
            0.5123600274807095
        ],
        "distance": -0.724835243261727,
        "xpert": [
            [
                277.0,
                205.6
            ],
            [
                271.4,
                204.6
            ],
            [
                269.6,
                199.0
            ],
            [
                272.8,
                194.8
            ],
            [
                277.0,
                194.8
            ],
            [
                281.2,
                194.8
            ],
            [
                282.6,
                199.0
            ],
            [
                282.0,
                204.0
            ]
        ],
        "stack": 0,
        "shift": [
            [
                0,
                0
            ],
            [
                0,
                0
            ],
            [
                1,
                0
            ],
            [
                3,
                0
            ],
            [
                4,
                0
            ],
            [
                6,
                0
            ],
            [
                5,
                0
            ],
            [
                2,
                0
            ]
        ],
        "channel": 0
    },
    {
        "type": "Spine",
        "location": [
            304,
            205
        ],
        "radloc": [
            0,
            0
        ],
        "mean": [
            40.713178294573645,
            54.07751937984496,
            43.310077519379846,
            49.98449612403101,
            86.6046511627907,
            52.92248062015504,
            80.63565891472868,
            47.12403100775194
        ],
        "min": [
            6,
            8,
            5,
            7,
            16,
            7,
            7,
            4
        ],
        "max": [
            127,
            133,
            158,
            161,
            205,
            181,
            200,
            134
        ],
        "RawIntDen": [
            5252,
            6976,
            5587,
            6448,
            11172,
            6827,
            10402,
            6079
        ],
        "IntDen": [
            2941.762860155937,
            3907.4138827966135,
            3129.4038651354185,
            3611.6692540528334,
            6257.68748546499,
            3823.9556447609634,
            5826.3932352136435,
            3404.9840873739413
        ],
        "FlagUp": 0,
        "Times": [
            -15,
            -10,
            -5,
            2,
            10,
            20,
            30,
            40
        ],
        "width": 0,
        "height": 0,
        "area": [
            0.5601224029238265,
            0.5601224029238265,
            0.5601224029238265,
            0.5601224029238265,
            0.5601224029238265,
            0.5601224029238265,
            0.5601224029238265,
            0.5601224029238265
        ],
        "distance": -0.6589411302379335,
        "xpert": [
            [
                304.0,
                210.4
            ],
            [
                299.6,
                209.4
            ],
            [
                297.2,
                205.0
            ],
            [
                298.2,
                199.2
            ],
            [
                304.0,
                195.8
            ],
            [
                309.0,
                200.0
            ],
            [
                309.2,
                205.0
            ],
            [
                307.4,
                208.4
            ]
        ],
        "stack": 0,
        "shift": [
            [
                0,
                0
            ],
            [
                0,
                0
            ],
            [
                1,
                0
            ],
            [
                1,
                0
            ],
            [
                2,
                0
            ],
            [
                4,
                0
            ],
            [
                3,
                0
            ],
            [
                0,
                0
            ]
        ],
        "channel": 0
    },
    {
        "type": "Spine",
        "location": [
            295,
            174
        ],
        "radloc": [
            0,
            0
        ],
        "mean": [
            60.38834951456311,
            78.42718446601941,
            77.69902912621359,
            137.04854368932038,
            137.18446601941747,
            131.63106796116506,
            132.14563106796118,
            106.3883495145631
        ],
        "min": [
            11,
            8,
            11,
            27,
            25,
            15,
            25,
            34
        ],
        "max": [
            226,
            222,
            217,
            255,
            255,
            255,
            251,
            232
        ],
        "RawIntDen": [
            6220,
            8078,
            8003,
            14116,
            14130,
            13558,
            13611,
            10958
        ],
        "IntDen": [
            2781.7675864897574,
            3612.720026312582,
            3579.17781264912,
            6313.091840979006,
            6319.3530541961845,
            6063.53777132285,
            6087.24093564503,
            4900.741030989511
        ],
        "FlagUp": 0,
        "Times": [
            -15,
            -10,
            -5,
            2,
            10,
            20,
            30,
            40
        ],
        "width": 0,
        "height": 0,
        "area": [
            0.4472295155128227,
            0.4472295155128227,
            0.4472295155128227,
            0.4472295155128227,
            0.4472295155128227,
            0.4472295155128227,
            0.4472295155128227,
            0.4472295155128227
        ],
        "distance": -1.2519881474520738,
        "xpert": [
            [
                295.0,
                181.8
            ],
            [
                288.8,
                180.2
            ],
            [
                289.2,
                174.0
            ],
            [
                291.2,
                170.2
            ],
            [
                295.0,
                169.0
            ],
            [
                298.4,
                170.6
            ],
            [
                299.6,
                174.0
            ],
            [
                299.0,
                178.0
            ]
        ],
        "stack": 0,
        "shift": [
            [
                0,
                0
            ],
            [
                0,
                0
            ],
            [
                1,
                0
            ],
            [
                3,
                0
            ],
            [
                4,
                0
            ],
            [
                4,
                0
            ],
            [
                3,
                0
            ],
            [
                0,
                0
            ]
        ],
        "channel": 0
    },
    {
        "type": "Spine",
        "location": [
            216,
            196
        ],
        "radloc": [
            0,
            0
        ],
        "mean": [
            79.17880794701986,
            76.12582781456953,
            77.82119205298014,
            85.16556291390728,
            80.73509933774834,
            89.98013245033113,
            82.56291390728477,
            119.3112582781457
        ],
        "min": [
            19,
            14,
            13,
            14,
            15,
            10,
            12,
            28
        ],
        "max": [
            177,
            193,
            189,
            229,
            203,
            215,
            189,
            225
        ],
        "RawIntDen": [
            11956,
            11495,
            11751,
            12860,
            12191,
            13587,
            12467,
            18016
        ],
        "IntDen": [
            7838.917370953083,
            7536.664033046645,
            7704.50970442202,
            8431.622397997378,
            7992.994452098447,
            8908.277878817291,
            8173.953066550024,
            11812.139123042049
        ],
        "FlagUp": 0,
        "Times": [
            -15,
            -10,
            -5,
            2,
            10,
            20,
            30,
            40
        ],
        "width": 0,
        "height": 0,
        "area": [
            0.6556471538100604,
            0.6556471538100604,
            0.6556471538100604,
            0.6556471538100604,
            0.6556471538100604,
            0.6556471538100604,
            0.6556471538100604,
            0.6556471538100604
        ],
        "distance": -0.6589411302379335,
        "xpert": [
            [
                216.0,
                201.4
            ],
            [
                210.4,
                201.6
            ],
            [
                207.6,
                196.0
            ],
            [
                210.8,
                190.8
            ],
            [
                216.0,
                190.8
            ],
            [
                221.2,
                190.8
            ],
            [
                225.4,
                196.0
            ],
            [
                221.0,
                201.0
            ]
        ],
        "stack": 0,
        "shift": [
            [
                0,
                0
            ],
            [
                0,
                0
            ],
            [
                0,
                0
            ],
            [
                0,
                0
            ],
            [
                1,
                0
            ],
            [
                1,
                0
            ],
            [
                0,
                0
            ],
            [
                -2,
                0
            ]
        ],
        "channel": 0
    },
    {
        "type": "Spine",
        "location": [
            358,
            166
        ],
        "radloc": [
            0,
            0
        ],
        "mean": [
            43.83969465648855,
            39.30534351145038,
            30.6793893129771,
            49.030534351145036,
            62.05343511450382,
            64.14503816793894,
            64.14503816793894,
            55.19083969465649
        ],
        "min": [
            6,
            6,
            5,
            8,
            11,
            11,
            11,
            10
        ],
        "max": [
            97,
            98,
            102,
            139,
            144,
            135,
            153,
            140
        ],
        "RawIntDen": [
            5743,
            5149,
            4019,
            6423,
            8129,
            8403,
            8403,
            7230
        ],
        "IntDen": [
            3266.655564022412,
            2928.7845201378027,
            2286.0332076973837,
            3653.443964429036,
            4623.8278042727125,
            4779.680777377735,
            4779.680777377735,
            4112.470786676308
        ],
        "FlagUp": 0,
        "Times": [
            -15,
            -10,
            -5,
            2,
            10,
            20,
            30,
            40
        ],
        "width": 0,
        "height": 0,
        "area": [
            0.5688064711862114,
            0.5688064711862114,
            0.5688064711862114,
            0.5688064711862114,
            0.5688064711862114,
            0.5688064711862114,
            0.5688064711862114,
            0.5688064711862114
        ],
        "distance": -2.021477823294241,
        "xpert": [
            [
                358.0,
                177.2
            ],
            [
                354.0,
                170.0
            ],
            [
                353.2,
                166.0
            ],
            [
                353.2,
                161.2
            ],
            [
                358.0,
                160.2
            ],
            [
                361.6,
                162.4
            ],
            [
                364.2,
                166.0
            ],
            [
                364.0,
                172.0
            ]
        ],
        "stack": 0,
        "shift": [
            [
                0,
                0
            ],
            [
                0,
                0
            ],
            [
                0,
                0
            ],
            [
                0,
                0
            ],
            [
                0,
                0
            ],
            [
                0,
                0
            ],
            [
                0,
                0
            ],
            [
                -2,
                0
            ]
        ],
        "channel": 0
    },
    {
        "type": "Spine",
        "location": [
            347,
            187
        ],
        "radloc": [
            0,
            0
        ],
        "mean": [
            174.5906976744186,
            174.88372093023256,
            162.9813953488372,
            160.7767441860465,
            154.52093023255813,
            158.32093023255814,
            158.26046511627908,
            144.65581395348838
        ],
        "min": [
            33,
            36,
            34,
            21,
            16,
            23,
            22,
            29
        ],
        "max": [
            255,
            255,
            255,
            255,
            255,
            255,
            255,
            255
        ],
        "RawIntDen": [
            37537,
            37600,
            35041,
            34567,
            33222,
            34039,
            34026,
            31101
        ],
        "IntDen": [
            35042.191064252795,
            35101.00391655979,
            32712.081868089674,
            32269.58516977985,
            31013.977449892274,
            31776.677455206882,
            31764.5414698102,
            29033.944755556546
        ],
        "FlagUp": 0,
        "Times": [
            -15,
            -10,
            -5,
            2,
            10,
            20,
            30,
            40
        ],
        "width": 0,
        "height": 0,
        "area": [
            0.9335373382063775,
            0.9335373382063775,
            0.9335373382063775,
            0.9335373382063775,
            0.9335373382063775,
            0.9335373382063775,
            0.9335373382063775,
            0.9335373382063775
        ],
        "distance": -1.296642580032514,
        "xpert": [
            [
                347.0,
                199.8
            ],
            [
                337.6,
                196.4
            ],
            [
                335.0,
                187.0
            ],
            [
                341.4,
                181.4
            ],
            [
                347.0,
                181.0
            ],
            [
                350.4,
                183.6
            ],
            [
                352.0,
                187.0
            ],
            [
                350.6,
                190.6
            ]
        ],
        "stack": 0,
        "shift": [
            [
                0,
                0
            ],
            [
                1,
                0
            ],
            [
                2,
                0
            ],
            [
                2,
                0
            ],
            [
                1,
                0
            ],
            [
                2,
                0
            ],
            [
                0,
                0
            ],
            [
                -2,
                0
            ]
        ],
        "channel": 0
    },
    {
        "type": "Spine",
        "location": [
            403,
            207
        ],
        "radloc": [
            0,
            0
        ],
        "mean": [
            109.87820512820512,
            157.01923076923077,
            191.96153846153845,
            160.80128205128204,
            145.78205128205127,
            130.0448717948718,
            125.22435897435898,
            116.55128205128206
        ],
        "min": [
            17,
            54,
            91,
            27,
            29,
            22,
            16,
            15
        ],
        "max": [
            246,
            249,
            255,
            255,
            255,
            255,
            255,
            251
        ],
        "RawIntDen": [
            17141,
            24495,
            29946,
            25085,
            22742,
            20287,
            19535,
            18182
        ],
        "IntDen": [
            11610.581898672095,
            16591.867662795226,
            20284.142438459516,
            16991.50848423018,
            15404.460273006289,
            13741.548041442204,
            13232.175333443754,
            12315.710873441225
        ],
        "FlagUp": 0,
        "Times": [
            -15,
            -10,
            -5,
            2,
            10,
            20,
            30,
            40
        ],
        "width": 0,
        "height": 0,
        "area": [
            0.6773573244660227,
            0.6773573244660227,
            0.6773573244660227,
            0.6773573244660227,
            0.6773573244660227,
            0.6773573244660227,
            0.6773573244660227,
            0.6773573244660227
        ],
        "distance": -0.6589411302379335,
        "xpert": [
            [
                403.0,
                215.0
            ],
            [
                395.6,
                214.4
            ],
            [
                393.4,
                207.0
            ],
            [
                398.2,
                202.2
            ],
            [
                403.0,
                201.8
            ],
            [
                406.4,
                203.6
            ],
            [
                408.2,
                207.0
            ],
            [
                408.8,
                212.8
            ]
        ],
        "stack": 0,
        "shift": [
            [
                0,
                0
            ],
            [
                1,
                0
            ],
            [
                2,
                0
            ],
            [
                2,
                0
            ],
            [
                3,
                0
            ],
            [
                2,
                0
            ],
            [
                1,
                0
            ],
            [
                -1,
                0
            ]
        ],
        "channel": 0
    },
    {
        "type": "Spine",
        "location": [
            401,
            224
        ],
        "radloc": [
            0,
            0
        ],
        "mean": [
            126.96449704142012,
            117.92899408284023,
            124.68639053254438,
            132.92307692307693,
            127.04733727810651,
            91.4733727810651,
            80.74556213017752,
            69.72189349112426
        ],
        "min": [
            26,
            24,
            21,
            23,
            16,
            9,
            8,
            9
        ],
        "max": [
            240,
            244,
            255,
            254,
            252,
            233,
            232,
            187
        ],
        "RawIntDen": [
            21457,
            19930,
            21072,
            22464,
            21471,
            15459,
            13646,
            11783
        ],
        "IntDen": [
            15745.227453656404,
            14624.709099658487,
            15462.713002910366,
            16484.16784820513,
            15755.500706410805,
            11343.8724521636,
            10013.486220468625,
            8646.409800365074
        ],
        "FlagUp": 0,
        "Times": [
            -15,
            -10,
            -5,
            2,
            10,
            20,
            30,
            40
        ],
        "width": 0,
        "height": 0,
        "area": [
            0.7338037681715246,
            0.7338037681715246,
            0.7338037681715246,
            0.7338037681715246,
            0.7338037681715246,
            0.7338037681715246,
            0.7338037681715246,
            0.7338037681715246
        ],
        "distance": -1.163482749560697,
        "xpert": [
            [
                401.0,
                231.0
            ],
            [
                396.0,
                229.0
            ],
            [
                391.8,
                224.0
            ],
            [
                393.4,
                216.4
            ],
            [
                401.0,
                216.6
            ],
            [
                405.6,
                219.4
            ],
            [
                407.8,
                224.0
            ],
            [
                406.2,
                229.2
            ]
        ],
        "stack": 0,
        "shift": [
            [
                0,
                0
            ],
            [
                1,
                0
            ],
            [
                1,
                0
            ],
            [
                1,
                0
            ],
            [
                2,
                0
            ],
            [
                4,
                0
            ],
            [
                3,
                0
            ],
            [
                1,
                0
            ]
        ],
        "channel": 0
    },
    {
        "type": "Spine",
        "location": [
            433,
            236
        ],
        "radloc": [
            0,
            0
        ],
        "mean": [
            79.42361111111111,
            69.25,
            91.59722222222223,
            91.78472222222223,
            110.13194444444444,
            81.70833333333333,
            94.78472222222223,
            79.90277777777777
        ],
        "min": [
            10,
            6,
            10,
            10,
            16,
            11,
            12,
            13
        ],
        "max": [
            230,
            216,
            224,
            235,
            231,
            188,
            210,
            173
        ],
        "RawIntDen": [
            11437,
            9972,
            13190,
            13217,
            15859,
            11766,
            13649,
            11506
        ],
        "IntDen": [
            7151.017587616525,
            6235.022067300165,
            8247.085947421698,
            8263.967776123774,
            9915.88597726768,
            7356.725796615899,
            8534.077035356995,
            7194.160038744053
        ],
        "FlagUp": 0,
        "Times": [
            -15,
            -10,
            -5,
            2,
            10,
            20,
            30,
            40
        ],
        "width": 0,
        "height": 0,
        "area": [
            0.6252529148917133,
            0.6252529148917133,
            0.6252529148917133,
            0.6252529148917133,
            0.6252529148917133,
            0.6252529148917133,
            0.6252529148917133,
            0.6252529148917133
        ],
        "distance": -1.3053531131028497,
        "xpert": [
            [
                433.0,
                242.0
            ],
            [
                427.4,
                241.6
            ],
            [
                426.2,
                236.0
            ],
            [
                428.0,
                231.0
            ],
            [
                433.0,
                227.4
            ],
            [
                438.0,
                231.0
            ],
            [
                441.2,
                236.0
            ],
            [
                437.4,
                240.4
            ]
        ],
        "stack": 0,
        "shift": [
            [
                0,
                0
            ],
            [
                1,
                0
            ],
            [
                1,
                0
            ],
            [
                1,
                0
            ],
            [
                2,
                0
            ],
            [
                4,
                0
            ],
            [
                3,
                0
            ],
            [
                1,
                0
            ]
        ],
        "channel": 0
    },
    {
        "type": "Spine",
        "location": [
            469,
            249
        ],
        "radloc": [
            0,
            0
        ],
        "mean": [
            58.82876712328767,
            54.226027397260275,
            48.36986301369863,
            52.84931506849315,
            40.863013698630134,
            41.84931506849315,
            45.678082191780824,
            59.21232876712329
        ],
        "min": [
            10,
            14,
            11,
            9,
            9,
            12,
            9,
            10
        ],
        "max": [
            154,
            141,
            123,
            131,
            120,
            108,
            115,
            226
        ],
        "RawIntDen": [
            8589,
            7917,
            7062,
            7716,
            5966,
            6110,
            6669,
            8645
        ],
        "IntDen": [
            5444.884748310549,
            5018.879095630996,
            4476.862975034242,
            4891.457762017022,
            3782.06804149735,
            3873.35496707154,
            4227.7257406546805,
            5480.385219367179
        ],
        "FlagUp": 0,
        "Times": [
            -15,
            -10,
            -5,
            2,
            10,
            20,
            30,
            40
        ],
        "width": 0,
        "height": 0,
        "area": [
            0.6339369831540982,
            0.6339369831540982,
            0.6339369831540982,
            0.6339369831540982,
            0.6339369831540982,
            0.6339369831540982,
            0.6339369831540982,
            0.6339369831540982
        ],
        "distance": 1.105582932967508,
        "xpert": [
            [
                469.0,
                255.2
            ],
            [
                463.0,
                255.0
            ],
            [
                462.4,
                249.0
            ],
            [
                463.8,
                243.8
            ],
            [
                469.0,
                241.4
            ],
            [
                474.0,
                244.0
            ],
            [
                475.4,
                249.0
            ],
            [
                473.8,
                253.8
            ]
        ],
        "stack": 0,
        "shift": [
            [
                0,
                0
            ],
            [
                0,
                0
            ],
            [
                0,
                0
            ],
            [
                0,
                0
            ],
            [
                0,
                0
            ],
            [
                0,
                0
            ],
            [
                0,
                0
            ],
            [
                -3,
                0
            ]
        ],
        "channel": 0
    }
]